problem_id,topic
1,Array
1,Hash Table
2,Linked List
2,Math
2,Recursion
3,Hash Table
3,String
3,Sliding Window
4,Array
4,Binary Search
4,Divide and Conquer
5,Two Pointers
5,String
5,Dynamic Programming
6,String
7,Math
8,String
9,Math
10,String
10,Dynamic Programming
10,Recursion
11,Array
11,Two Pointers
11,Greedy
12,Hash Table
12,Math
12,String
13,Hash Table
13,Math
13,String
14,Array
14,String
14,Trie
15,Array
15,Two Pointers
15,Sorting
16,Array
16,Two Pointers
16,Sorting
17,Hash Table
17,String
17,Backtracking
18,Array
18,Two Pointers
18,Sorting
19,Linked List
19,Two Pointers
20,String
20,Stack
21,Linked List
21,Recursion
22,String
22,Dynamic Programming
22,Backtracking
23,Linked List
23,Divide and Conquer
23,Heap (Priority Queue)
23,Merge Sort
24,Linked List
24,Recursion
25,Linked List
25,Recursion
26,Array
26,Two Pointers
27,Array
27,Two Pointers
28,Two Pointers
28,String
28,String Matching
29,Math
29,Bit Manipulation
30,Hash Table
30,String
30,Sliding Window
31,Array
31,Two Pointers
32,String
32,Dynamic Programming
32,Stack
33,Array
33,Binary Search
34,Array
34,Binary Search
35,Array
35,Binary Search
36,Array
36,Hash Table
36,Matrix
37,Array
37,Hash Table
37,Backtracking
37,Matrix
38,String
39,Array
39,Backtracking
40,Array
40,Backtracking
41,Array
41,Hash Table
42,Array
42,Two Pointers
42,Dynamic Programming
42,Stack
42,Monotonic Stack
43,Math
43,String
43,Simulation
44,String
44,Dynamic Programming
44,Greedy
44,Recursion
45,Array
45,Dynamic Programming
45,Greedy
46,Array
46,Backtracking
47,Array
47,Backtracking
47,Sorting
48,Array
48,Math
48,Matrix
49,Array
49,Hash Table
49,String
49,Sorting
50,Math
50,Recursion
51,Array
51,Backtracking
52,Backtracking
53,Array
53,Divide and Conquer
53,Dynamic Programming
54,Array
54,Matrix
54,Simulation
55,Array
55,Dynamic Programming
55,Greedy
56,Array
56,Sorting
57,Array
58,String
59,Array
59,Matrix
59,Simulation
60,Math
60,Recursion
61,Linked List
61,Two Pointers
62,Math
62,Dynamic Programming
62,Combinatorics
63,Array
63,Dynamic Programming
63,Matrix
64,Array
64,Dynamic Programming
64,Matrix
65,String
66,Array
66,Math
67,Math
67,String
67,Bit Manipulation
67,Simulation
68,Array
68,String
68,Simulation
69,Math
69,Binary Search
70,Math
70,Dynamic Programming
70,Memoization
71,String
71,Stack
72,String
72,Dynamic Programming
73,Array
73,Hash Table
73,Matrix
74,Array
74,Binary Search
74,Matrix
75,Array
75,Two Pointers
75,Sorting
76,Hash Table
76,String
76,Sliding Window
77,Backtracking
78,Array
78,Backtracking
78,Bit Manipulation
79,Array
79,String
79,Backtracking
79,Depth-First Search
79,Matrix
80,Array
80,Two Pointers
81,Array
81,Binary Search
82,Linked List
82,Two Pointers
83,Linked List
84,Array
84,Stack
84,Monotonic Stack
85,Array
85,Dynamic Programming
85,Stack
85,Matrix
85,Monotonic Stack
86,Linked List
86,Two Pointers
87,String
87,Dynamic Programming
88,Array
88,Two Pointers
88,Sorting
89,Math
89,Backtracking
89,Bit Manipulation
90,Array
90,Backtracking
90,Bit Manipulation
91,String
91,Dynamic Programming
92,Linked List
93,String
93,Backtracking
94,Stack
94,Tree
94,Depth-First Search
94,Binary Tree
95,Dynamic Programming
95,Backtracking
95,Tree
95,Binary Search Tree
95,Binary Tree
96,Math
96,Dynamic Programming
96,Tree
96,Binary Search Tree
96,Binary Tree
97,String
97,Dynamic Programming
98,Tree
98,Depth-First Search
98,Binary Search Tree
98,Binary Tree
99,Tree
99,Depth-First Search
99,Binary Search Tree
99,Binary Tree
100,Tree
100,Depth-First Search
100,Breadth-First Search
100,Binary Tree
101,Tree
101,Depth-First Search
101,Breadth-First Search
101,Binary Tree
102,Tree
102,Breadth-First Search
102,Binary Tree
103,Tree
103,Breadth-First Search
103,Binary Tree
104,Tree
104,Depth-First Search
104,Breadth-First Search
104,Binary Tree
105,Array
105,Hash Table
105,Divide and Conquer
105,Tree
105,Binary Tree
106,Array
106,Hash Table
106,Divide and Conquer
106,Tree
106,Binary Tree
107,Tree
107,Breadth-First Search
107,Binary Tree
108,Array
108,Divide and Conquer
108,Tree
108,Binary Search Tree
108,Binary Tree
109,Linked List
109,Divide and Conquer
109,Tree
109,Binary Search Tree
109,Binary Tree
110,Tree
110,Depth-First Search
110,Binary Tree
111,Tree
111,Depth-First Search
111,Breadth-First Search
111,Binary Tree
112,Tree
112,Depth-First Search
112,Breadth-First Search
112,Binary Tree
113,Backtracking
113,Tree
113,Depth-First Search
113,Binary Tree
114,Linked List
114,Stack
114,Tree
114,Depth-First Search
114,Binary Tree
115,String
115,Dynamic Programming
116,Linked List
116,Tree
116,Depth-First Search
116,Breadth-First Search
116,Binary Tree
117,Linked List
117,Tree
117,Depth-First Search
117,Breadth-First Search
117,Binary Tree
118,Array
118,Dynamic Programming
119,Array
119,Dynamic Programming
120,Array
120,Dynamic Programming
121,Array
121,Dynamic Programming
122,Array
122,Dynamic Programming
122,Greedy
123,Array
123,Dynamic Programming
124,Dynamic Programming
124,Tree
124,Depth-First Search
124,Binary Tree
125,Two Pointers
125,String
126,Hash Table
126,String
126,Backtracking
126,Breadth-First Search
127,Hash Table
127,String
127,Breadth-First Search
128,Array
128,Hash Table
128,Union-Find
129,Tree
129,Depth-First Search
129,Binary Tree
130,Array
130,Depth-First Search
130,Breadth-First Search
130,Union-Find
130,Matrix
131,String
131,Dynamic Programming
131,Backtracking
132,String
132,Dynamic Programming
133,Hash Table
133,Depth-First Search
133,Breadth-First Search
133,Graph Theory
134,Array
134,Greedy
135,Array
135,Greedy
136,Array
136,Bit Manipulation
137,Array
137,Bit Manipulation
138,Hash Table
138,Linked List
139,Array
139,Hash Table
139,String
139,Dynamic Programming
139,Trie
139,Memoization
140,Array
140,Hash Table
140,String
140,Dynamic Programming
140,Backtracking
140,Trie
140,Memoization
141,Hash Table
141,Linked List
141,Two Pointers
142,Hash Table
142,Linked List
142,Two Pointers
143,Linked List
143,Two Pointers
143,Stack
143,Recursion
144,Stack
144,Tree
144,Depth-First Search
144,Binary Tree
145,Stack
145,Tree
145,Depth-First Search
145,Binary Tree
146,Hash Table
146,Linked List
146,Design
146,Doubly-Linked List
147,Linked List
147,Sorting
148,Linked List
148,Two Pointers
148,Divide and Conquer
148,Sorting
148,Merge Sort
149,Array
149,Hash Table
149,Math
149,Geometry
150,Array
150,Math
150,Stack
151,Two Pointers
151,String
152,Array
152,Dynamic Programming
153,Array
153,Binary Search
154,Array
154,Binary Search
155,Stack
155,Design
156,Tree
156,Depth-First Search
156,Binary Tree
157,Array
157,Simulation
157,Interactive
158,Array
158,Simulation
158,Interactive
159,Hash Table
159,String
159,Sliding Window
160,Hash Table
160,Linked List
160,Two Pointers
161,Two Pointers
161,String
162,Array
162,Binary Search
163,Array
164,Array
164,Sorting
164,Bucket Sort
164,Radix Sort
165,Two Pointers
165,String
166,Hash Table
166,Math
166,String
167,Array
167,Two Pointers
167,Binary Search
168,Math
168,String
169,Array
169,Hash Table
169,Divide and Conquer
169,Sorting
169,Counting
170,Array
170,Hash Table
170,Two Pointers
170,Design
170,Data Stream
171,Math
171,String
172,Math
173,Stack
173,Tree
173,Design
173,Binary Search Tree
173,Binary Tree
173,Iterator
174,Array
174,Dynamic Programming
174,Matrix
175,Database
176,Database
177,Database
178,Database
179,Array
179,String
179,Greedy
179,Sorting
180,Database
181,Database
182,Database
183,Database
184,Database
185,Database
186,Two Pointers
186,String
187,Hash Table
187,String
187,Bit Manipulation
187,Sliding Window
187,Rolling Hash
187,Hash Function
188,Array
188,Dynamic Programming
189,Array
189,Math
189,Two Pointers
190,Divide and Conquer
190,Bit Manipulation
191,Divide and Conquer
191,Bit Manipulation
192,Shell
193,Shell
194,Shell
195,Shell
196,Database
197,Database
198,Array
198,Dynamic Programming
199,Tree
199,Depth-First Search
199,Breadth-First Search
199,Binary Tree
200,Array
200,Depth-First Search
200,Breadth-First Search
200,Union-Find
200,Matrix
201,Bit Manipulation
202,Hash Table
202,Math
202,Two Pointers
203,Linked List
203,Recursion
204,Array
204,Math
204,Enumeration
204,Number Theory
205,Hash Table
205,String
206,Linked List
206,Recursion
207,Depth-First Search
207,Breadth-First Search
207,Graph Theory
207,Topological Sort
208,Hash Table
208,String
208,Design
208,Trie
209,Array
209,Binary Search
209,Sliding Window
209,Prefix Sum
210,Depth-First Search
210,Breadth-First Search
210,Graph Theory
210,Topological Sort
211,String
211,Depth-First Search
211,Design
211,Trie
212,Array
212,String
212,Backtracking
212,Trie
212,Matrix
213,Array
213,Dynamic Programming
214,String
214,Rolling Hash
214,String Matching
214,Hash Function
215,Array
215,Divide and Conquer
215,Sorting
215,Heap (Priority Queue)
215,Quickselect
216,Array
216,Backtracking
217,Array
217,Hash Table
217,Sorting
218,Array
218,Divide and Conquer
218,Binary Indexed Tree
218,Segment Tree
218,Sweep Line
218,Sorting
218,Heap (Priority Queue)
218,Ordered Set
219,Array
219,Hash Table
219,Sliding Window
220,Array
220,Sliding Window
220,Sorting
220,Bucket Sort
220,Ordered Set
221,Array
221,Dynamic Programming
221,Matrix
222,Binary Search
222,Bit Manipulation
222,Tree
222,Binary Tree
223,Math
223,Geometry
224,Math
224,String
224,Stack
224,Recursion
225,Stack
225,Design
225,Queue
226,Tree
226,Depth-First Search
226,Breadth-First Search
226,Binary Tree
227,Math
227,String
227,Stack
228,Array
229,Array
229,Hash Table
229,Sorting
229,Counting
230,Tree
230,Depth-First Search
230,Binary Search Tree
230,Binary Tree
231,Math
231,Bit Manipulation
231,Recursion
232,Stack
232,Design
232,Queue
233,Math
233,Dynamic Programming
233,Recursion
234,Linked List
234,Two Pointers
234,Stack
234,Recursion
235,Tree
235,Depth-First Search
235,Binary Search Tree
235,Binary Tree
236,Tree
236,Depth-First Search
236,Binary Tree
237,Linked List
238,Array
238,Prefix Sum
239,Array
239,Queue
239,Sliding Window
239,Heap (Priority Queue)
239,Monotonic Queue
240,Array
240,Binary Search
240,Divide and Conquer
240,Matrix
241,Math
241,String
241,Dynamic Programming
241,Recursion
241,Memoization
242,Hash Table
242,String
242,Sorting
243,Array
243,String
244,Array
244,Hash Table
244,Two Pointers
244,String
244,Design
245,Array
245,String
246,Hash Table
246,Two Pointers
246,String
247,Array
247,String
247,Recursion
248,Array
248,String
248,Recursion
249,Array
249,Hash Table
249,String
250,Tree
250,Depth-First Search
250,Binary Tree
251,Array
251,Two Pointers
251,Design
251,Iterator
252,Array
252,Sorting
253,Array
253,Two Pointers
253,Greedy
253,Sorting
253,Heap (Priority Queue)
253,Prefix Sum
254,Backtracking
255,Array
255,Stack
255,Tree
255,Binary Search Tree
255,Recursion
255,Monotonic Stack
255,Binary Tree
256,Array
256,Dynamic Programming
257,String
257,Backtracking
257,Tree
257,Depth-First Search
257,Binary Tree
258,Math
258,Simulation
258,Number Theory
259,Array
259,Two Pointers
259,Binary Search
259,Sorting
260,Array
260,Bit Manipulation
261,Depth-First Search
261,Breadth-First Search
261,Union-Find
261,Graph Theory
262,Database
263,Math
264,Hash Table
264,Math
264,Dynamic Programming
264,Heap (Priority Queue)
265,Array
265,Dynamic Programming
266,Hash Table
266,String
266,Bit Manipulation
267,Hash Table
267,String
267,Backtracking
268,Array
268,Hash Table
268,Math
268,Binary Search
268,Bit Manipulation
268,Sorting
269,Array
269,String
269,Depth-First Search
269,Breadth-First Search
269,Graph Theory
269,Topological Sort
270,Binary Search
270,Tree
270,Depth-First Search
270,Binary Search Tree
270,Binary Tree
271,Array
271,String
271,Design
272,Two Pointers
272,Stack
272,Tree
272,Depth-First Search
272,Binary Search Tree
272,Heap (Priority Queue)
272,Binary Tree
273,Math
273,String
273,Recursion
274,Array
274,Sorting
274,Counting Sort
275,Array
275,Binary Search
276,Dynamic Programming
277,Two Pointers
277,Graph Theory
277,Interactive
278,Binary Search
278,Interactive
279,Math
279,Dynamic Programming
279,Breadth-First Search
280,Array
280,Greedy
280,Sorting
281,Array
281,Design
281,Queue
281,Iterator
282,Math
282,String
282,Backtracking
283,Array
283,Two Pointers
284,Array
284,Design
284,Iterator
285,Tree
285,Depth-First Search
285,Binary Search Tree
285,Binary Tree
286,Array
286,Breadth-First Search
286,Matrix
287,Array
287,Two Pointers
287,Binary Search
287,Bit Manipulation
288,Array
288,Hash Table
288,String
288,Design
289,Array
289,Matrix
289,Simulation
290,Hash Table
290,String
291,Hash Table
291,String
291,Backtracking
292,Math
292,Brainteaser
292,Game Theory
293,String
294,Math
294,Dynamic Programming
294,Backtracking
294,Memoization
294,Game Theory
295,Two Pointers
295,Design
295,Sorting
295,Heap (Priority Queue)
295,Data Stream
296,Array
296,Math
296,Sorting
296,Matrix
297,String
297,Tree
297,Depth-First Search
297,Breadth-First Search
297,Design
297,Binary Tree
298,Tree
298,Depth-First Search
298,Binary Tree
299,Hash Table
299,String
299,Counting
300,Array
300,Binary Search
300,Dynamic Programming
301,String
301,Backtracking
301,Breadth-First Search
302,Array
302,Binary Search
302,Depth-First Search
302,Breadth-First Search
302,Matrix
303,Array
303,Design
303,Prefix Sum
304,Array
304,Design
304,Matrix
304,Prefix Sum
305,Array
305,Hash Table
305,Union-Find
306,String
306,Backtracking
307,Array
307,Divide and Conquer
307,Design
307,Binary Indexed Tree
307,Segment Tree
308,Array
308,Design
308,Binary Indexed Tree
308,Segment Tree
308,Matrix
309,Array
309,Dynamic Programming
310,Depth-First Search
310,Breadth-First Search
310,Graph Theory
310,Topological Sort
311,Array
311,Hash Table
311,Matrix
312,Array
312,Dynamic Programming
313,Array
313,Math
313,Dynamic Programming
314,Hash Table
314,Tree
314,Depth-First Search
314,Breadth-First Search
314,Sorting
314,Binary Tree
315,Array
315,Binary Search
315,Divide and Conquer
315,Binary Indexed Tree
315,Segment Tree
315,Merge Sort
315,Ordered Set
316,String
316,Stack
316,Greedy
316,Monotonic Stack
317,Array
317,Breadth-First Search
317,Matrix
318,Array
318,String
318,Bit Manipulation
319,Math
319,Brainteaser
320,String
320,Backtracking
320,Bit Manipulation
321,Array
321,Two Pointers
321,Stack
321,Greedy
321,Monotonic Stack
322,Array
322,Dynamic Programming
322,Breadth-First Search
323,Depth-First Search
323,Breadth-First Search
323,Union-Find
323,Graph Theory
324,Array
324,Divide and Conquer
324,Greedy
324,Sorting
324,Quickselect
325,Array
325,Hash Table
325,Prefix Sum
326,Math
326,Recursion
327,Array
327,Binary Search
327,Divide and Conquer
327,Binary Indexed Tree
327,Segment Tree
327,Merge Sort
327,Ordered Set
328,Linked List
329,Array
329,Dynamic Programming
329,Depth-First Search
329,Breadth-First Search
329,Graph Theory
329,Topological Sort
329,Memoization
329,Matrix
330,Array
330,Greedy
331,String
331,Stack
331,Tree
331,Binary Tree
332,Array
332,String
332,Depth-First Search
332,Graph Theory
332,Sorting
332,Heap (Priority Queue)
332,Eulerian Circuit
333,Dynamic Programming
333,Tree
333,Depth-First Search
333,Binary Search Tree
333,Binary Tree
334,Array
334,Greedy
335,Array
335,Math
335,Geometry
336,Array
336,Hash Table
336,String
336,Trie
336,Hash Function
337,Dynamic Programming
337,Tree
337,Depth-First Search
337,Binary Tree
338,Dynamic Programming
338,Bit Manipulation
339,Depth-First Search
339,Breadth-First Search
340,Hash Table
340,String
340,Sliding Window
341,Stack
341,Tree
341,Depth-First Search
341,Design
341,Queue
341,Iterator
342,Math
342,Bit Manipulation
342,Recursion
343,Math
343,Dynamic Programming
344,Two Pointers
344,String
345,Two Pointers
345,String
346,Array
346,Design
346,Queue
346,Data Stream
347,Array
347,Hash Table
347,Divide and Conquer
347,Sorting
347,Heap (Priority Queue)
347,Bucket Sort
347,Counting
347,Quickselect
348,Array
348,Hash Table
348,Design
348,Matrix
348,Simulation
349,Array
349,Hash Table
349,Two Pointers
349,Binary Search
349,Sorting
350,Array
350,Hash Table
350,Two Pointers
350,Binary Search
350,Sorting
351,Dynamic Programming
351,Backtracking
351,Bit Manipulation
351,Bitmask
352,Hash Table
352,Binary Search
352,Union-Find
352,Design
352,Data Stream
352,Ordered Set
353,Array
353,Hash Table
353,Design
353,Queue
353,Simulation
354,Array
354,Binary Search
354,Dynamic Programming
354,Sorting
355,Hash Table
355,Linked List
355,Design
355,Heap (Priority Queue)
356,Array
356,Hash Table
356,Math
357,Math
357,Dynamic Programming
357,Backtracking
358,Hash Table
358,String
358,Greedy
358,Sorting
358,Heap (Priority Queue)
358,Counting
359,Hash Table
359,Design
359,Data Stream
360,Array
360,Math
360,Two Pointers
360,Sorting
361,Array
361,Dynamic Programming
361,Matrix
362,Array
362,Binary Search
362,Design
362,Queue
362,Data Stream
363,Array
363,Binary Search
363,Matrix
363,Prefix Sum
363,Ordered Set
364,Stack
364,Depth-First Search
364,Breadth-First Search
365,Math
365,Depth-First Search
365,Breadth-First Search
366,Tree
366,Depth-First Search
366,Binary Tree
367,Math
367,Binary Search
368,Array
368,Math
368,Dynamic Programming
368,Sorting
369,Linked List
369,Math
370,Array
370,Prefix Sum
371,Math
371,Bit Manipulation
372,Math
372,Divide and Conquer
373,Array
373,Heap (Priority Queue)
374,Binary Search
374,Interactive
375,Math
375,Dynamic Programming
375,Game Theory
376,Array
376,Dynamic Programming
376,Greedy
377,Array
377,Dynamic Programming
378,Array
378,Binary Search
378,Sorting
378,Heap (Priority Queue)
378,Matrix
379,Array
379,Hash Table
379,Linked List
379,Design
379,Queue
380,Array
380,Hash Table
380,Math
380,Design
380,Randomized
381,Array
381,Hash Table
381,Math
381,Design
381,Randomized
382,Linked List
382,Math
382,Reservoir Sampling
382,Randomized
383,Hash Table
383,String
383,Counting
384,Array
384,Math
384,Design
384,Randomized
385,String
385,Stack
385,Depth-First Search
386,Depth-First Search
386,Trie
387,Hash Table
387,String
387,Queue
387,Counting
388,String
388,Stack
388,Depth-First Search
389,Hash Table
389,String
389,Bit Manipulation
389,Sorting
390,Math
390,Recursion
391,Array
391,Hash Table
391,Math
391,Geometry
391,Sweep Line
392,Two Pointers
392,String
392,Dynamic Programming
393,Array
393,Bit Manipulation
394,String
394,Stack
394,Recursion
395,Hash Table
395,String
395,Divide and Conquer
395,Sliding Window
396,Array
396,Math
396,Dynamic Programming
397,Dynamic Programming
397,Greedy
397,Bit Manipulation
397,Memoization
398,Hash Table
398,Math
398,Reservoir Sampling
398,Randomized
399,Array
399,String
399,Depth-First Search
399,Breadth-First Search
399,Union-Find
399,Graph Theory
399,Shortest Path
400,Math
400,Binary Search
401,Backtracking
401,Bit Manipulation
402,String
402,Stack
402,Greedy
402,Monotonic Stack
403,Array
403,Dynamic Programming
404,Tree
404,Depth-First Search
404,Breadth-First Search
404,Binary Tree
405,Math
405,String
405,Bit Manipulation
406,Array
406,Binary Indexed Tree
406,Segment Tree
406,Sorting
407,Array
407,Breadth-First Search
407,Heap (Priority Queue)
407,Matrix
408,Two Pointers
408,String
409,Hash Table
409,String
409,Greedy
410,Array
410,Binary Search
410,Dynamic Programming
410,Greedy
410,Prefix Sum
411,Array
411,String
411,Backtracking
411,Bit Manipulation
412,Math
412,String
412,Simulation
413,Array
413,Dynamic Programming
413,Sliding Window
414,Array
414,Sorting
415,Math
415,String
415,Simulation
416,Array
416,Dynamic Programming
417,Array
417,Depth-First Search
417,Breadth-First Search
417,Matrix
418,Array
418,String
418,Dynamic Programming
419,Array
419,Depth-First Search
419,Matrix
420,String
420,Greedy
420,Heap (Priority Queue)
421,Array
421,Hash Table
421,Bit Manipulation
421,Trie
422,Array
422,Matrix
423,Hash Table
423,Math
423,String
424,Hash Table
424,String
424,Sliding Window
425,Array
425,String
425,Backtracking
425,Trie
758,Linked List
758,Stack
758,Tree
758,Depth-First Search
758,Binary Search Tree
758,Binary Tree
758,Doubly-Linked List
772,Array
772,Divide and Conquer
772,Tree
772,Matrix
765,String
765,Tree
765,Depth-First Search
765,Breadth-First Search
764,Tree
764,Breadth-First Search
766,Linked List
766,Depth-First Search
766,Doubly-Linked List
771,Tree
771,Depth-First Search
771,Breadth-First Search
771,Design
771,Binary Tree
432,Hash Table
432,Linked List
432,Design
432,Doubly-Linked List
433,Hash Table
433,String
433,Breadth-First Search
434,String
435,Array
435,Dynamic Programming
435,Greedy
435,Sorting
436,Array
436,Binary Search
436,Sorting
437,Tree
437,Depth-First Search
437,Binary Tree
438,Hash Table
438,String
438,Sliding Window
439,String
439,Stack
439,Recursion
440,Trie
441,Math
441,Binary Search
442,Array
442,Hash Table
442,Sorting
443,Two Pointers
443,String
444,Array
444,Graph Theory
444,Topological Sort
445,Linked List
445,Math
445,Stack
446,Array
446,Dynamic Programming
447,Array
447,Hash Table
447,Math
448,Array
448,Hash Table
449,String
449,Tree
449,Depth-First Search
449,Breadth-First Search
449,Design
449,Binary Search Tree
449,Binary Tree
450,Tree
450,Binary Search Tree
450,Binary Tree
451,Hash Table
451,String
451,Sorting
451,Heap (Priority Queue)
451,Bucket Sort
451,Counting
452,Array
452,Greedy
452,Sorting
453,Array
453,Math
454,Array
454,Hash Table
455,Array
455,Two Pointers
455,Greedy
455,Sorting
456,Array
456,Binary Search
456,Stack
456,Monotonic Stack
456,Ordered Set
457,Array
457,Hash Table
457,Two Pointers
458,Math
458,Dynamic Programming
458,Combinatorics
459,String
459,String Matching
460,Hash Table
460,Linked List
460,Design
460,Doubly-Linked List
461,Bit Manipulation
462,Array
462,Math
462,Sorting
463,Array
463,Depth-First Search
463,Breadth-First Search
463,Matrix
464,Math
464,Dynamic Programming
464,Bit Manipulation
464,Memoization
464,Game Theory
464,Bitmask
465,Array
465,Dynamic Programming
465,Backtracking
465,Bit Manipulation
465,Bitmask
466,Two Pointers
466,String
466,Dynamic Programming
467,String
467,Dynamic Programming
468,String
469,Array
469,Math
469,Geometry
903,Math
903,Rejection Sampling
903,Randomized
903,Probability and Statistics
471,String
471,Dynamic Programming
472,Array
472,String
472,Dynamic Programming
472,Depth-First Search
472,Trie
472,Sorting
473,Array
473,Dynamic Programming
473,Backtracking
473,Bit Manipulation
473,Bitmask
474,Array
474,String
474,Dynamic Programming
475,Array
475,Two Pointers
475,Binary Search
475,Sorting
476,Bit Manipulation
477,Array
477,Math
477,Bit Manipulation
915,Math
915,Geometry
915,Rejection Sampling
915,Randomized
479,Math
479,Enumeration
480,Array
480,Hash Table
480,Sliding Window
480,Heap (Priority Queue)
481,Two Pointers
481,String
482,String
483,Math
483,Binary Search
484,Array
484,String
484,Stack
484,Greedy
485,Array
486,Array
486,Math
486,Dynamic Programming
486,Recursion
486,Game Theory
487,Array
487,Dynamic Programming
487,Sliding Window
488,String
488,Dynamic Programming
488,Stack
488,Breadth-First Search
488,Memoization
865,Backtracking
865,Interactive
490,Array
490,Depth-First Search
490,Breadth-First Search
490,Matrix
491,Array
491,Hash Table
491,Backtracking
491,Bit Manipulation
492,Math
493,Array
493,Binary Search
493,Divide and Conquer
493,Binary Indexed Tree
493,Segment Tree
493,Merge Sort
493,Ordered Set
494,Array
494,Dynamic Programming
494,Backtracking
495,Array
495,Simulation
496,Array
496,Hash Table
496,Stack
496,Monotonic Stack
914,Array
914,Math
914,Binary Search
914,Reservoir Sampling
914,Prefix Sum
914,Ordered Set
914,Randomized
498,Array
498,Matrix
498,Simulation
499,Array
499,String
499,Depth-First Search
499,Breadth-First Search
499,Graph Theory
499,Heap (Priority Queue)
499,Matrix
499,Shortest Path
500,Array
500,Hash Table
500,String
501,Tree
501,Depth-First Search
501,Binary Search Tree
501,Binary Tree
502,Array
502,Greedy
502,Sorting
502,Heap (Priority Queue)
503,Array
503,Stack
503,Monotonic Stack
504,Math
504,String
505,Array
505,Depth-First Search
505,Breadth-First Search
505,Graph Theory
505,Heap (Priority Queue)
505,Matrix
505,Shortest Path
506,Array
506,Sorting
506,Heap (Priority Queue)
507,Math
508,Hash Table
508,Tree
508,Depth-First Search
508,Binary Tree
1013,Math
1013,Dynamic Programming
1013,Recursion
1013,Memoization
509,Tree
509,Binary Search Tree
509,Binary Tree
1179,Database
1180,Database
513,Tree
513,Depth-First Search
513,Breadth-First Search
513,Binary Tree
514,String
514,Dynamic Programming
514,Depth-First Search
514,Breadth-First Search
515,Tree
515,Depth-First Search
515,Breadth-First Search
515,Binary Tree
516,String
516,Dynamic Programming
517,Array
517,Greedy
518,Array
518,Dynamic Programming
913,Hash Table
913,Math
913,Reservoir Sampling
913,Randomized
520,String
521,String
522,Array
522,Hash Table
522,Two Pointers
522,String
522,Sorting
523,Array
523,Hash Table
523,Math
523,Prefix Sum
524,Array
524,Two Pointers
524,String
524,Sorting
525,Array
525,Hash Table
525,Prefix Sum
526,Array
526,Dynamic Programming
526,Backtracking
526,Bit Manipulation
526,Bitmask
527,Array
527,String
527,Greedy
527,Trie
527,Sorting
912,Array
912,Math
912,Binary Search
912,Prefix Sum
912,Randomized
529,Array
529,Depth-First Search
529,Breadth-First Search
529,Matrix
530,Tree
530,Depth-First Search
530,Breadth-First Search
530,Binary Search Tree
530,Binary Tree
531,Array
531,Hash Table
531,Matrix
532,Array
532,Hash Table
532,Two Pointers
532,Binary Search
532,Sorting
533,Array
533,Hash Table
533,Matrix
1181,Database
535,Hash Table
535,String
535,Design
535,Hash Function
536,String
536,Stack
536,Tree
536,Depth-First Search
536,Binary Tree
537,Math
537,String
537,Simulation
538,Tree
538,Depth-First Search
538,Binary Search Tree
538,Binary Tree
539,Array
539,Math
539,String
539,Sorting
540,Array
540,Binary Search
541,Two Pointers
541,String
542,Array
542,Dynamic Programming
542,Breadth-First Search
542,Matrix
543,Tree
543,Depth-First Search
543,Binary Tree
544,String
544,Recursion
544,Simulation
545,Tree
545,Depth-First Search
545,Binary Tree
546,Array
546,Dynamic Programming
546,Memoization
547,Depth-First Search
547,Breadth-First Search
547,Union-Find
547,Graph Theory
548,Array
548,Hash Table
548,Prefix Sum
549,Tree
549,Depth-First Search
549,Binary Tree
1182,Database
551,String
552,Dynamic Programming
553,Array
553,Math
553,Dynamic Programming
554,Array
554,Hash Table
555,Array
555,String
555,Greedy
556,Math
556,Two Pointers
556,String
557,Two Pointers
557,String
773,Divide and Conquer
773,Tree
774,Tree
774,Depth-First Search
774,Breadth-First Search
560,Array
560,Hash Table
560,Prefix Sum
561,Array
561,Greedy
561,Sorting
561,Counting Sort
562,Array
562,Dynamic Programming
562,Matrix
563,Tree
563,Depth-First Search
563,Binary Tree
564,Math
564,String
565,Array
565,Depth-First Search
566,Array
566,Matrix
566,Simulation
567,Hash Table
567,Two Pointers
567,String
567,Sliding Window
568,Array
568,Dynamic Programming
568,Matrix
569,Database
570,Database
571,Database
572,Tree
572,Depth-First Search
572,String Matching
572,Binary Tree
572,Hash Function
573,Array
573,Math
574,Database
575,Array
575,Hash Table
576,Dynamic Programming
577,Database
578,Database
579,Database
580,Database
581,Array
581,Two Pointers
581,Stack
581,Greedy
581,Sorting
581,Monotonic Stack
582,Array
582,Hash Table
582,Tree
582,Depth-First Search
582,Breadth-First Search
583,String
583,Dynamic Programming
584,Database
585,Database
586,Database
587,Array
587,Math
587,Geometry
588,Hash Table
588,String
588,Design
588,Trie
588,Sorting
775,Stack
775,Tree
775,Depth-First Search
776,Stack
776,Tree
776,Depth-First Search
591,String
591,Stack
592,Math
592,String
592,Simulation
593,Math
593,Geometry
594,Array
594,Hash Table
594,Sliding Window
594,Sorting
594,Counting
595,Database
596,Database
597,Database
598,Array
598,Math
599,Array
599,Hash Table
599,String
600,Dynamic Programming
601,Database
602,Database
603,Database
604,Array
604,String
604,Design
604,Iterator
605,Array
605,Greedy
606,String
606,Tree
606,Depth-First Search
606,Binary Tree
607,Database
608,Database
609,Array
609,Hash Table
609,String
610,Database
611,Array
611,Two Pointers
611,Binary Search
611,Greedy
611,Sorting
612,Database
613,Database
614,Database
615,Database
616,Array
616,Hash Table
616,String
616,Trie
616,String Matching
617,Tree
617,Depth-First Search
617,Breadth-First Search
617,Binary Tree
618,Database
619,Database
620,Database
621,Array
621,Hash Table
621,Greedy
621,Sorting
621,Heap (Priority Queue)
621,Counting
860,Array
860,Linked List
860,Design
860,Queue
623,Tree
623,Depth-First Search
623,Breadth-First Search
623,Binary Tree
624,Array
624,Greedy
625,Math
625,Greedy
626,Database
627,Database
628,Array
628,Math
628,Sorting
629,Dynamic Programming
630,Array
630,Greedy
630,Sorting
630,Heap (Priority Queue)
631,Array
631,Hash Table
631,String
631,Graph Theory
631,Design
631,Topological Sort
631,Matrix
632,Array
632,Hash Table
632,Greedy
632,Sliding Window
632,Sorting
632,Heap (Priority Queue)
633,Math
633,Two Pointers
633,Binary Search
634,Math
634,Dynamic Programming
634,Combinatorics
635,Hash Table
635,String
635,Design
635,Ordered Set
636,Array
636,Stack
637,Tree
637,Depth-First Search
637,Breadth-First Search
637,Binary Tree
638,Array
638,Dynamic Programming
638,Backtracking
638,Bit Manipulation
638,Memoization
638,Bitmask
639,String
639,Dynamic Programming
640,Math
640,String
640,Simulation
859,Array
859,Linked List
859,Design
859,Queue
642,String
642,Depth-First Search
642,Design
642,Trie
642,Sorting
642,Heap (Priority Queue)
642,Data Stream
643,Array
643,Sliding Window
644,Array
644,Binary Search
644,Prefix Sum
645,Array
645,Hash Table
645,Bit Manipulation
645,Sorting
646,Array
646,Dynamic Programming
646,Greedy
646,Sorting
647,Two Pointers
647,String
647,Dynamic Programming
648,Array
648,Hash Table
648,String
648,Trie
649,String
649,Greedy
649,Queue
650,Math
650,Dynamic Programming
651,Math
651,Dynamic Programming
652,Hash Table
652,Tree
652,Depth-First Search
652,Binary Tree
653,Hash Table
653,Two Pointers
653,Tree
653,Depth-First Search
653,Breadth-First Search
653,Binary Search Tree
653,Binary Tree
654,Array
654,Divide and Conquer
654,Stack
654,Tree
654,Monotonic Stack
654,Binary Tree
655,Tree
655,Depth-First Search
655,Breadth-First Search
655,Binary Tree
656,Array
656,Dynamic Programming
657,String
657,Simulation
658,Array
658,Two Pointers
658,Binary Search
658,Sliding Window
658,Sorting
658,Heap (Priority Queue)
659,Array
659,Hash Table
659,Greedy
659,Heap (Priority Queue)
660,Math
661,Array
661,Matrix
662,Tree
662,Depth-First Search
662,Breadth-First Search
662,Binary Tree
663,Tree
663,Depth-First Search
663,Binary Tree
664,String
664,Dynamic Programming
665,Array
666,Array
666,Hash Table
666,Tree
666,Depth-First Search
666,Binary Tree
667,Array
667,Math
668,Math
668,Binary Search
669,Tree
669,Depth-First Search
669,Binary Search Tree
669,Binary Tree
670,Math
670,Greedy
671,Tree
671,Depth-First Search
671,Binary Tree
672,Math
672,Bit Manipulation
672,Depth-First Search
672,Breadth-First Search
673,Array
673,Dynamic Programming
673,Binary Indexed Tree
673,Segment Tree
674,Array
675,Array
675,Breadth-First Search
675,Heap (Priority Queue)
675,Matrix
676,Hash Table
676,String
676,Depth-First Search
676,Design
676,Trie
677,Hash Table
677,String
677,Design
677,Trie
678,String
678,Dynamic Programming
678,Stack
678,Greedy
679,Array
679,Math
679,Backtracking
680,Two Pointers
680,String
680,Greedy
681,Hash Table
681,String
681,Backtracking
681,Enumeration
682,Array
682,Stack
682,Simulation
683,Array
683,Binary Indexed Tree
683,Segment Tree
683,Queue
683,Sliding Window
683,Heap (Priority Queue)
683,Ordered Set
683,Monotonic Queue
684,Depth-First Search
684,Breadth-First Search
684,Union-Find
684,Graph Theory
685,Depth-First Search
685,Breadth-First Search
685,Union-Find
685,Graph Theory
686,String
686,String Matching
687,Tree
687,Depth-First Search
687,Binary Tree
688,Dynamic Programming
689,Array
689,Dynamic Programming
689,Sliding Window
689,Prefix Sum
690,Array
690,Hash Table
690,Tree
690,Depth-First Search
690,Breadth-First Search
691,Array
691,Hash Table
691,String
691,Dynamic Programming
691,Backtracking
691,Bit Manipulation
691,Memoization
691,Bitmask
692,Array
692,Hash Table
692,String
692,Trie
692,Sorting
692,Heap (Priority Queue)
692,Bucket Sort
692,Counting
693,Bit Manipulation
694,Array
694,Hash Table
694,Depth-First Search
694,Breadth-First Search
694,Union-Find
694,Sorting
694,Matrix
694,Hash Function
695,Array
695,Depth-First Search
695,Breadth-First Search
695,Union-Find
695,Matrix
696,Two Pointers
696,String
697,Array
697,Hash Table
698,Array
698,Dynamic Programming
698,Backtracking
698,Bit Manipulation
698,Memoization
698,Bitmask
699,Array
699,Segment Tree
699,Ordered Set
783,Tree
783,Binary Search Tree
783,Binary Tree
784,Tree
784,Binary Search Tree
784,Binary Tree
786,Array
786,Binary Search
786,Interactive
789,Tree
789,Design
789,Binary Search Tree
789,Heap (Priority Queue)
789,Binary Tree
789,Data Stream
792,Array
792,Binary Search
816,Array
816,Hash Table
816,Linked List
816,Design
816,Hash Function
817,Array
817,Hash Table
817,Linked List
817,Design
817,Hash Function
838,Linked List
838,Design
850,Linked List
742,String
894,Array
894,Hash Table
894,Math
894,Binary Search
894,Sorting
894,Randomized
711,Array
711,Hash Table
711,Depth-First Search
711,Breadth-First Search
711,Union-Find
711,Sorting
711,Matrix
711,Hash Function
712,String
712,Dynamic Programming
713,Array
713,Binary Search
713,Sliding Window
713,Prefix Sum
714,Array
714,Dynamic Programming
714,Greedy
715,Design
715,Segment Tree
715,Ordered Set
716,Linked List
716,Stack
716,Design
716,Doubly-Linked List
716,Ordered Set
717,Array
718,Array
718,Binary Search
718,Dynamic Programming
718,Sliding Window
718,Rolling Hash
718,Hash Function
719,Array
719,Two Pointers
719,Binary Search
719,Sorting
720,Array
720,Hash Table
720,String
720,Trie
720,Sorting
721,Array
721,Hash Table
721,String
721,Depth-First Search
721,Breadth-First Search
721,Union-Find
721,Sorting
722,Array
722,String
723,Array
723,Two Pointers
723,Matrix
723,Simulation
724,Array
724,Prefix Sum
725,Linked List
726,Hash Table
726,String
726,Stack
726,Sorting
727,String
727,Dynamic Programming
727,Sliding Window
728,Math
729,Array
729,Binary Search
729,Design
729,Segment Tree
729,Ordered Set
730,String
730,Dynamic Programming
731,Array
731,Binary Search
731,Design
731,Segment Tree
731,Prefix Sum
731,Ordered Set
732,Binary Search
732,Design
732,Segment Tree
732,Prefix Sum
732,Ordered Set
733,Array
733,Depth-First Search
733,Breadth-First Search
733,Matrix
734,Array
734,Hash Table
734,String
735,Array
735,Stack
735,Simulation
736,Hash Table
736,String
736,Stack
736,Recursion
737,Array
737,Hash Table
737,String
737,Depth-First Search
737,Breadth-First Search
737,Union-Find
738,Math
738,Greedy
739,Array
739,Stack
739,Monotonic Stack
740,Array
740,Hash Table
740,Dynamic Programming
741,Array
741,Dynamic Programming
741,Matrix
743,Tree
743,Depth-First Search
743,Breadth-First Search
743,Binary Tree
744,Depth-First Search
744,Breadth-First Search
744,Graph Theory
744,Heap (Priority Queue)
744,Shortest Path
745,Array
745,Binary Search
746,Array
746,Hash Table
746,String
746,Design
746,Trie
747,Array
747,Dynamic Programming
748,Array
748,Sorting
749,Array
749,Hash Table
749,String
750,Array
750,Depth-First Search
750,Breadth-First Search
750,Matrix
750,Simulation
751,Array
751,Math
751,Dynamic Programming
751,Matrix
752,String
752,Bit Manipulation
753,Array
753,Hash Table
753,String
753,Breadth-First Search
754,String
754,Depth-First Search
754,Graph Theory
754,Eulerian Circuit
755,Math
755,Binary Search
756,Array
756,Simulation
757,Hash Table
757,String
757,Backtracking
757,Bit Manipulation
759,Array
759,Greedy
759,Sorting
760,Array
760,Hash Table
760,String
760,Trie
760,String Matching
761,Array
761,Sweep Line
761,Sorting
761,Heap (Priority Queue)
762,Array
762,Hash Table
763,String
763,Divide and Conquer
763,Sorting
767,Math
767,Bit Manipulation
768,Hash Table
768,Two Pointers
768,String
768,Greedy
769,Array
769,Dynamic Programming
770,Greedy
770,Depth-First Search
770,Breadth-First Search
770,Union-Find
770,Graph Theory
777,Array
777,Matrix
778,Hash Table
778,String
778,Greedy
778,Sorting
778,Heap (Priority Queue)
778,Counting
779,Array
779,Stack
779,Greedy
779,Sorting
779,Monotonic Stack
780,Array
780,Stack
780,Greedy
780,Sorting
780,Monotonic Stack
781,Hash Table
781,Math
781,String
781,Stack
781,Recursion
782,Hash Table
782,String
785,Math
785,String
785,Stack
785,Recursion
787,Array
787,Dynamic Programming
787,Backtracking
787,Breadth-First Search
787,Memoization
787,Matrix
788,Array
788,Binary Search
790,Array
790,Math
791,Tree
791,Binary Search Tree
791,Recursion
791,Binary Tree
793,Two Pointers
793,String
794,Array
794,Binary Search
794,Depth-First Search
794,Breadth-First Search
794,Union-Find
794,Heap (Priority Queue)
794,Matrix
795,Math
795,Bit Manipulation
795,Recursion
796,Math
797,Array
797,Hash Table
797,Math
797,Greedy
798,Array
798,Math
798,Bit Manipulation
798,Matrix
799,Tree
799,Depth-First Search
799,Breadth-First Search
799,Binary Search Tree
799,Binary Tree
800,String
800,Backtracking
800,Bit Manipulation
801,Depth-First Search
801,Breadth-First Search
801,Union-Find
801,Graph Theory
802,Array
802,Two Pointers
802,Binary Search
802,Sorting
802,Heap (Priority Queue)
803,Dynamic Programming
803,Depth-First Search
803,Breadth-First Search
803,Graph Theory
803,Heap (Priority Queue)
803,Shortest Path
804,Math
804,Dynamic Programming
805,Array
805,Math
806,Dynamic Programming
807,Hash Table
807,String
807,Sorting
808,Array
808,Hash Table
808,String
808,Binary Search
808,Dynamic Programming
808,Trie
808,Sorting
809,Math
809,Binary Search
810,Array
810,Matrix
811,Array
811,Two Pointers
812,String
812,String Matching
813,Backtracking
813,Depth-First Search
813,Breadth-First Search
813,Graph Theory
814,Array
814,Prefix Sum
815,Dynamic Programming
818,Math
818,String
818,Enumeration
819,Array
819,Dynamic Programming
820,Depth-First Search
820,Breadth-First Search
820,Graph Theory
820,Topological Sort
821,Array
821,Union-Find
821,Matrix
822,Array
822,Hash Table
822,String
823,Array
823,Hash Table
823,Math
823,Dynamic Programming
823,Bit Manipulation
823,Bitmask
824,Array
824,String
825,Array
825,Greedy
825,Matrix
826,Math
826,Dynamic Programming
826,Probability and Statistics
827,Array
827,Two Pointers
827,String
828,Array
828,Math
828,Bit Manipulation
828,Brainteaser
828,Game Theory
829,Array
829,Hash Table
829,String
829,Counting
830,Array
830,Math
830,Geometry
831,Array
831,Dynamic Programming
831,Prefix Sum
832,Tree
832,Depth-First Search
832,Binary Tree
833,Array
833,Hash Table
833,Breadth-First Search
834,String
834,Backtracking
834,Enumeration
835,Array
835,Hash Table
835,Linked List
836,Dynamic Programming
837,Array
837,Hash Table
837,String
837,Counting
839,Array
839,Hash Table
839,String
839,Trie
841,Array
841,Two Pointers
841,String
842,Array
842,Hash Table
843,Array
843,Hash Table
843,Dynamic Programming
843,Sorting
851,String
852,Array
852,Two Pointers
852,Binary Search
852,Sorting
853,Array
853,Two Pointers
853,Binary Search
853,Greedy
853,Sorting
854,Array
854,Depth-First Search
854,Breadth-First Search
854,Union-Find
854,Matrix
855,Hash Table
855,String
855,Dynamic Programming
856,Math
856,Enumeration
857,String
858,String
861,Array
861,Two Pointers
861,Bit Manipulation
861,Matrix
861,Simulation
862,Array
862,Hash Table
862,String
862,Sorting
863,Dynamic Programming
863,Tree
863,Depth-First Search
863,Graph Theory
864,Array
864,Matrix
866,Math
866,Geometry
867,Math
867,Dynamic Programming
867,Sliding Window
867,Probability and Statistics
868,Two Pointers
868,String
868,Dynamic Programming
869,Array
869,Hash Table
869,String
869,Depth-First Search
869,Breadth-First Search
869,Union-Find
870,Array
870,Hash Table
870,Math
870,Matrix
871,Depth-First Search
871,Breadth-First Search
871,Graph Theory
872,String
872,Backtracking
873,Array
873,Math
873,String
873,Interactive
873,Game Theory
874,Two Pointers
874,String
874,Stack
874,Simulation
875,Array
875,Two Pointers
875,Dynamic Programming
875,Enumeration
876,Array
876,Hash Table
876,Greedy
876,Sorting
877,Dynamic Programming
877,Bit Manipulation
877,Breadth-First Search
877,Graph Theory
877,Bitmask
878,Array
878,String
878,Prefix Sum
879,Array
880,Array
880,Segment Tree
880,Sweep Line
880,Ordered Set
881,Array
881,Depth-First Search
881,Graph Theory
881,Topological Sort
882,Array
882,Binary Search
883,Array
883,Stack
883,Sorting
883,Monotonic Stack
884,Hash Table
884,String
884,Breadth-First Search
885,Design
885,Heap (Priority Queue)
885,Ordered Set
886,String
886,Stack
887,Array
887,Greedy
887,Sorting
887,Heap (Priority Queue)
888,Math
888,Geometry
888,Number Theory
889,Hash Table
889,String
890,Array
890,Greedy
891,Array
891,Greedy
891,Bit Manipulation
891,Matrix
892,Array
892,Binary Search
892,Queue
892,Sliding Window
892,Heap (Priority Queue)
892,Prefix Sum
892,Monotonic Queue
893,Hash Table
893,Tree
893,Depth-First Search
893,Breadth-First Search
893,Binary Tree
895,Array
895,Bit Manipulation
895,Breadth-First Search
895,Matrix
896,Hash Table
896,Tree
896,Depth-First Search
896,Breadth-First Search
896,Binary Tree
897,Math
897,Number Theory
898,Array
898,Matrix
898,Simulation
899,Bit Manipulation
900,Hash Table
900,Math
900,Sorting
900,Counting
900,Enumeration
901,Array
901,Two Pointers
901,Greedy
901,Sorting
902,Array
902,Dynamic Programming
902,Greedy
902,Heap (Priority Queue)
904,Tree
904,Depth-First Search
904,Binary Tree
905,Array
905,Hash Table
905,Dynamic Programming
906,Array
906,Hash Table
906,Simulation
907,Array
907,Binary Search
908,Linked List
908,Two Pointers
909,Array
909,Math
909,Dynamic Programming
909,Game Theory
910,Math
910,Binary Search
911,Array
911,Dynamic Programming
916,String
916,Stack
917,Array
917,Two Pointers
917,Greedy
917,Sorting
918,Graph Theory
918,Heap (Priority Queue)
918,Shortest Path
919,Array
919,Math
919,Geometry
919,Matrix
920,Hash Table
920,String
920,Counting
921,Array
921,Matrix
921,Simulation
922,Depth-First Search
922,Breadth-First Search
922,Union-Find
922,Graph Theory
923,Math
923,Binary Search
923,Dynamic Programming
924,Array
924,Hash Table
924,Binary Search
924,Sorting
925,Array
925,Hash Table
925,Divide and Conquer
925,Tree
925,Binary Tree
926,Array
926,Hash Table
926,String
927,Array
927,Math
927,Sorting
928,Array
928,Math
928,Geometry
928,Matrix
929,Array
929,Hash Table
929,String
929,Sorting
930,Dynamic Programming
930,Tree
930,Recursion
930,Memoization
930,Binary Tree
931,Hash Table
931,Stack
931,Design
931,Ordered Set
932,Array
933,Stack
933,Tree
933,Depth-First Search
933,Binary Search Tree
933,Binary Tree
934,Array
934,Dynamic Programming
934,Bit Manipulation
935,Math
935,String
935,Sorting
936,Array
936,Design
936,Counting
936,Iterator
937,Stack
937,Design
937,Monotonic Stack
937,Data Stream
938,Array
938,Math
938,String
938,Binary Search
938,Dynamic Programming
939,String
939,Dynamic Programming
939,Prefix Sum
940,Array
940,Hash Table
940,Sliding Window
941,Array
941,Two Pointers
941,Sorting
942,Math
942,String
942,Enumeration
943,Array
943,Dynamic Programming
943,Stack
943,Monotonic Stack
944,Array
944,Math
945,Array
945,Breadth-First Search
945,Matrix
946,Array
946,Math
946,Greedy
946,Sorting
947,Array
947,Hash Table
947,Binary Search
947,Design
948,Array
948,Divide and Conquer
948,Sorting
948,Heap (Priority Queue)
948,Merge Sort
948,Bucket Sort
948,Radix Sort
948,Counting Sort
949,Math
949,Dynamic Programming
949,Graph Theory
949,Topological Sort
949,Memoization
949,Game Theory
950,Array
950,Hash Table
950,Math
950,Counting
950,Number Theory
951,Array
952,Array
952,Hash Table
952,String
953,Two Pointers
953,String
954,Array
954,Divide and Conquer
954,Dynamic Programming
954,Queue
954,Monotonic Queue
955,Tree
955,Breadth-First Search
955,Design
955,Binary Tree
956,Math
956,Dynamic Programming
956,Combinatorics
957,String
957,Stack
957,Greedy
958,Array
958,Two Pointers
958,Sorting
959,Array
959,Hash Table
959,Two Pointers
959,Sorting
959,Counting
960,Array
960,Hash Table
960,Depth-First Search
960,Breadth-First Search
960,Union-Find
960,Graph Theory
961,Two Pointers
961,String
962,String
962,Dynamic Programming
963,Array
963,Math
964,Array
964,Hash Table
964,Depth-First Search
964,Breadth-First Search
964,Union-Find
964,Graph Theory
965,Array
965,Hash Table
965,String
966,Array
966,Hash Table
966,Sliding Window
966,Prefix Sum
967,Array
967,Dynamic Programming
967,Matrix
968,Array
968,Math
968,Divide and Conquer
969,Design
969,Queue
969,Data Stream
971,Array
971,Depth-First Search
971,Breadth-First Search
971,Matrix
972,Dynamic Programming
973,String
973,Stack
973,Greedy
973,Queue
974,Array
974,String
974,Sorting
975,Tree
975,Depth-First Search
975,Binary Search Tree
975,Binary Tree
976,Array
976,Hash Table
976,Math
976,Geometry
976,Sorting
977,String
977,Dynamic Programming
978,Array
979,Array
979,Two Pointers
979,String
979,Greedy
980,Array
980,String
980,Dynamic Programming
980,Bit Manipulation
980,Bitmask
981,Array
981,String
982,Array
982,Greedy
982,Sorting
982,Counting
983,Array
983,Stack
983,Simulation
984,Hash Table
984,Depth-First Search
984,Union-Find
984,Graph Theory
985,Array
985,Two Pointers
985,Greedy
985,Sorting
986,Array
986,String
986,Backtracking
986,Enumeration
987,Array
987,Queue
987,Sorting
987,Simulation
988,Tree
988,Depth-First Search
988,Binary Tree
989,Array
989,Hash Table
989,Math
989,Union-Find
989,Number Theory
990,Array
990,Hash Table
990,String
991,Array
991,Hash Table
991,Greedy
991,Sorting
992,Array
992,String
992,Greedy
993,Array
993,Dynamic Programming
994,Array
994,Hash Table
994,Math
994,Bit Manipulation
998,Tree
998,Breadth-First Search
998,Binary Tree
999,Array
999,Hash Table
999,Depth-First Search
999,Breadth-First Search
999,Union-Find
999,Matrix
1000,Array
1000,String
1000,Dynamic Programming
1001,Array
1001,Hash Table
1002,Array
1002,Two Pointers
1002,Stack
1002,Monotonic Stack
1003,Array
1003,Hash Table
1003,Math
1003,Geometry
1004,Math
1004,Dynamic Programming
1004,Memoization
1005,Tree
1005,Depth-First Search
1005,Breadth-First Search
1005,Binary Tree
1006,Array
1006,Hash Table
1006,String
1007,Backtracking
1007,Breadth-First Search
1008,Dynamic Programming
1008,Tree
1008,Depth-First Search
1008,Binary Tree
1009,Array
1009,Two Pointers
1009,Greedy
1009,Sorting
1010,Hash Table
1010,Math
1010,Enumeration
1011,Tree
1011,Depth-First Search
1011,Binary Tree
1012,Math
1012,String
1014,Array
1014,Math
1014,Divide and Conquer
1014,Geometry
1014,Sorting
1014,Heap (Priority Queue)
1014,Quickselect
1016,Array
1016,Hash Table
1016,Prefix Sum
1017,Array
1017,Dynamic Programming
1017,Stack
1017,Sorting
1017,Monotonic Stack
1017,Ordered Set
1018,Array
1018,Math
1018,Greedy
1018,Sorting
1019,Array
1019,Two Pointers
1019,Sorting
1020,Array
1020,Dynamic Programming
1020,Sliding Window
1021,Tree
1021,Depth-First Search
1021,Binary Tree
1022,Array
1022,Backtracking
1022,Bit Manipulation
1022,Matrix
1023,Hash Table
1023,String
1023,Binary Search
1023,Design
1024,Array
1024,Hash Table
1024,Bit Manipulation
1025,Array
1025,Dynamic Programming
1026,String
1026,Greedy
1027,Array
1027,Simulation
1028,Array
1028,Two Pointers
1028,Sweep Line
1029,Hash Table
1029,Tree
1029,Depth-First Search
1029,Breadth-First Search
1029,Sorting
1029,Binary Tree
1030,String
1030,Backtracking
1030,Tree
1030,Depth-First Search
1030,Binary Tree
1031,Array
1031,Math
1032,Array
1032,String
1032,Union-Find
1032,Graph Theory
1033,Math
1033,Greedy
1034,Array
1034,Hash Table
1034,Sliding Window
1034,Counting
1035,Tree
1035,Depth-First Search
1035,Breadth-First Search
1035,Binary Tree
1036,Array
1036,Breadth-First Search
1036,Matrix
1037,Array
1037,Bit Manipulation
1037,Queue
1037,Sliding Window
1037,Prefix Sum
1038,Array
1038,Hash Table
1038,Math
1038,Dynamic Programming
1038,Backtracking
1038,Bit Manipulation
1038,Bitmask
1039,Array
1039,Hash Table
1039,Graph Theory
1040,Tree
1040,Binary Tree
1041,Array
1041,Matrix
1041,Simulation
1042,Array
1042,Dynamic Programming
1042,Prefix Sum
1043,Array
1043,Hash Table
1044,Array
1044,Hash Table
1044,String
1045,String
1045,Stack
1046,Array
1046,Binary Search
1046,Sliding Window
1046,Prefix Sum
1047,Array
1047,Greedy
1047,Sorting
1048,Math
1048,Stack
1048,Simulation
1049,Array
1049,Greedy
1050,Array
1050,Stack
1050,Tree
1050,Binary Search Tree
1050,Monotonic Stack
1050,Binary Tree
1054,Bit Manipulation
1055,Array
1055,Hash Table
1055,Counting
1056,Array
1056,Binary Search
1057,Math
1057,Dynamic Programming
1062,Array
1062,Greedy
1063,Array
1063,Dynamic Programming
1064,Hash Table
1064,Math
1065,Hash Table
1065,String
1065,Bit Manipulation
1065,Sliding Window
1070,Math
1071,Array
1071,Bit Manipulation
1072,Array
1072,Linked List
1072,Stack
1072,Monotonic Stack
1073,Array
1073,Depth-First Search
1073,Breadth-First Search
1073,Union-Find
1073,Matrix
1078,String
1078,Stack
1079,Tree
1079,Depth-First Search
1079,Binary Tree
1080,Array
1080,Two Pointers
1080,String
1080,Trie
1080,String Matching
1081,Array
1081,Dynamic Programming
1081,Greedy
1086,Math
1086,Dynamic Programming
1086,Brainteaser
1086,Game Theory
1092,Tree
1092,Depth-First Search
1092,Binary Tree
1087,Array
1087,Hash Table
1087,Binary Search
1087,Dynamic Programming
1093,String
1093,Tree
1093,Depth-First Search
1093,Binary Tree
1095,Array
1095,Greedy
1095,Sorting
1094,Array
1094,Math
1094,Geometry
1094,Sorting
1094,Matrix
1096,Array
1096,Dynamic Programming
1096,Sliding Window
1097,Array
1097,String
1097,Design
1097,Trie
1097,Data Stream
1103,Math
1103,Brainteaser
1104,Array
1104,Depth-First Search
1104,Breadth-First Search
1104,Matrix
1105,Array
1105,Dynamic Programming
1106,Array
1106,Hash Table
1106,Depth-First Search
1106,Breadth-First Search
1115,Array
1115,Math
1115,Geometry
1114,Tree
1114,Depth-First Search
1114,Binary Search Tree
1114,Binary Tree
1111,Array
1111,Dynamic Programming
1113,Array
1113,Math
1113,Sliding Window
1113,Sorting
1119,Math
1119,String
1119,Simulation
1120,Depth-First Search
1120,Breadth-First Search
1120,Graph Theory
1121,Array
1121,Dynamic Programming
1122,String
1122,Binary Search
1122,Sliding Window
1122,Rolling Hash
1122,Suffix Array
1122,Hash Function
1135,Database
1127,Array
1127,Heap (Priority Queue)
1128,String
1128,Stack
1129,Array
1129,Hash Table
1129,Two Pointers
1129,String
1129,Dynamic Programming
1129,Sorting
1130,Array
1130,Dynamic Programming
1136,Database
1137,Array
1137,Sorting
1137,Counting Sort
1138,Array
1138,Sliding Window
1139,Array
1139,Greedy
1140,Array
1140,Hash Table
1140,Greedy
1140,Sorting
1140,Heap (Priority Queue)
1140,Counting
1051,Two Pointers
1051,String
1051,Binary Search
1051,Greedy
1069,Math
1052,Array
1052,Sorting
1052,Heap (Priority Queue)
1053,Array
1053,Math
1053,String
1053,Greedy
1053,Sorting
511,Graph Theory
511,Topological Sort
1059,Array
1059,Binary Search
1058,String
1058,Union-Find
1060,String
1060,Binary Search
1060,Dynamic Programming
1060,Rolling Hash
1060,Suffix Array
1060,Hash Function
1061,Array
1061,Stack
1061,Monotonic Stack
1066,Array
1066,Binary Search
1075,Array
1075,String
1075,Trie
1075,Sorting
1067,Array
1067,Dynamic Programming
1067,Backtracking
1067,Bit Manipulation
1067,Bitmask
1068,Math
1068,Dynamic Programming
1153,Database
1154,Database
1155,Database
1146,Math
1146,String
1147,Array
1147,Hash Table
1147,Matrix
1148,Array
1148,Math
1145,Array
1145,Hash Table
1145,Matrix
1145,Prefix Sum
1161,Database
1162,Database
1163,Database
1156,String
1160,Hash Table
1160,String
1160,Backtracking
1160,Counting
1157,Tree
1157,Depth-First Search
1157,Binary Tree
1159,String
1159,Stack
1159,Greedy
1159,Monotonic Stack
1172,Database
1173,Database
1174,Database
1082,Array
1082,Math
1074,Array
1074,Hash Table
1074,Sorting
1074,Heap (Priority Queue)
1076,String
1076,Backtracking
1076,Stack
1076,Breadth-First Search
1076,Sorting
1077,Math
1077,Backtracking
1168,Array
1168,Two Pointers
1169,Array
1169,Hash Table
1169,Greedy
1169,Sorting
1169,Counting
1171,Array
1171,Breadth-First Search
1171,Matrix
1170,String
1170,Dynamic Programming
1183,Array
1183,Math
1183,Probability and Statistics
1184,Array
1184,Sorting
1184,Heap (Priority Queue)
1184,Simulation
1184,Prefix Sum
1185,Array
1185,Binary Search
1185,Interactive
1188,Hash Table
1188,String
1188,Backtracking
1188,Stack
1188,Breadth-First Search
1188,Sorting
1193,Database
1198,Database
1083,Array
1083,Two Pointers
1083,Binary Search
1083,Sorting
1084,Hash Table
1084,String
1084,Sliding Window
1085,Array
1085,Union-Find
1085,Sorting
1099,Array
1099,Binary Search
1099,Depth-First Search
1099,Breadth-First Search
1099,Union-Find
1099,Heap (Priority Queue)
1099,Matrix
1195,Math
1195,Simulation
1194,Math
1194,Tree
1194,Binary Tree
1196,Array
1196,Dynamic Programming
1197,String
1197,Stack
1197,Recursion
1204,Database
1205,String
1206,Array
1206,Prefix Sum
1207,Array
1207,Hash Table
1207,Tree
1207,Depth-First Search
1207,Binary Tree
1208,String
1208,Stack
1214,Database
1215,Database
1203,Concurrency
1187,Concurrency
1216,Concurrency
1186,Concurrency
1088,Math
1089,String
1091,Tree
1091,Depth-First Search
1091,Binary Tree
1118,Array
1118,Counting
1217,Array
1217,Hash Table
1217,Sorting
1217,Counting Sort
1218,Hash Table
1218,Tree
1218,Depth-First Search
1218,Breadth-First Search
1218,Binary Tree
1219,Array
1219,Hash Table
1219,Stack
1219,Monotonic Stack
1219,Prefix Sum
1220,Array
1220,Dynamic Programming
1220,Bit Manipulation
1220,Bitmask
1225,Database
1226,Database
1227,Array
1227,Hash Table
1227,Counting
1229,Breadth-First Search
1229,Graph Theory
1228,Array
1228,Dynamic Programming
1228,Stack
1228,Greedy
1228,Monotonic Stack
1230,Array
1230,Math
1237,Database
1098,Array
1098,Hash Table
1098,Sorting
1090,Math
1100,Union-Find
1100,Graph Theory
1100,Heap (Priority Queue)
1100,Minimum Spanning Tree
1101,Graph Theory
1101,Topological Sort
1236,Math
1236,Dynamic Programming
1236,Memoization
1238,Hash Table
1238,String
1239,Array
1239,Dynamic Programming
1239,Matrix
1240,Array
1240,Math
1240,Dynamic Programming
1240,Prefix Sum
1240,Game Theory
1245,Database
1246,Database
1250,String
1250,Dynamic Programming
1247,Array
1247,Greedy
1248,Tree
1248,Depth-First Search
1248,Binary Tree
1249,Array
1249,Hash Table
1249,Binary Search
1249,Design
1251,Two Pointers
1251,String
1251,Dynamic Programming
1251,Greedy
1251,Rolling Hash
1251,Hash Function
1258,Database
1259,Database
1102,Array
1102,Binary Search
1107,Array
1107,Sliding Window
1108,Array
1108,Hash Table
1108,String
1108,Sorting
1124,Hash Table
1124,String
1124,Graph Theory
1260,Math
1260,String
1263,Dynamic Programming
1261,Hash Table
1261,String
1261,Sliding Window
1262,Array
1262,Binary Search
1262,Design
1262,Binary Indexed Tree
1262,Segment Tree
1268,Database
1269,Database
1112,Array
1112,Hash Table
1112,String
1112,Counting
1116,Tree
1116,Depth-First Search
1116,Breadth-First Search
1116,Binary Tree
1117,Array
1117,Dynamic Programming
1117,Breadth-First Search
1117,Matrix
1133,Two Pointers
1133,String
1278,Database
1123,Hash Table
1123,String
1125,Hash Table
1125,String
1125,Design
1125,Trie
1126,Array
1126,Greedy
1126,Heap (Priority Queue)
1144,Union-Find
1144,Graph Theory
1144,Heap (Priority Queue)
1144,Minimum Spanning Tree
1272,Array
1272,Hash Table
1272,String
1272,Sorting
1273,Array
1273,Hash Table
1273,String
1273,Binary Search
1273,Sorting
1267,Hash Table
1267,Linked List
1270,Hash Table
1270,Stack
1270,Design
1270,Heap (Priority Queue)
1291,Database
1292,Database
1279,Math
1280,Array
1280,Sliding Window
1281,Array
1281,Hash Table
1281,String
1281,Bit Manipulation
1281,Prefix Sum
1282,Array
1282,Hash Table
1282,String
1282,Bit Manipulation
1282,Trie
1301,Database
1131,Math
1131,String
1132,Array
1132,Hash Table
1132,String
1132,Sorting
1134,Array
1134,Binary Search
1134,Dynamic Programming
1152,Math
1152,Greedy
1152,Sorting
1152,Heap (Priority Queue)
1287,Array
1289,Math
1288,Array
1288,Dynamic Programming
1290,Array
1290,Binary Search
1290,Dynamic Programming
1290,Sorting
1209,Concurrency
1297,Hash Table
1297,String
1297,Counting
1298,String
1298,Stack
1299,Array
1299,Dynamic Programming
1300,Depth-First Search
1300,Graph Theory
1300,Biconnected Component
1317,Database
1318,Database
1316,Concurrency
1141,Array
1141,Greedy
1141,Sorting
1142,Breadth-First Search
1143,Array
1143,Hash Table
1143,Binary Search
1143,Matrix
1143,Counting
1167,Array
1167,Math
1167,Greedy
1167,Heap (Priority Queue)
1306,Array
1306,Sorting
1307,Math
1307,Binary Search
1307,Combinatorics
1307,Number Theory
1308,Array
1308,Hash Table
1308,String
1308,Depth-First Search
1308,Breadth-First Search
1308,Union-Find
1308,Sorting
1309,Depth-First Search
1309,Breadth-First Search
1309,Graph Theory
1309,Topological Sort
1327,Database
1328,Database
1337,Linked List
1337,Design
1319,Array
1319,Hash Table
1321,String
1321,Binary Search
1321,Sliding Window
1321,Prefix Sum
1320,String
1320,Stack
1322,Array
1322,Breadth-First Search
1322,Matrix
1338,Database
1339,Database
1149,Array
1149,Hash Table
1149,Binary Search
1149,Counting
1150,Two Pointers
1150,Binary Search
1150,Stack
1150,Tree
1150,Depth-First Search
1150,Binary Search Tree
1150,Binary Tree
1151,Math
1151,Backtracking
1151,Breadth-First Search
1178,String
1178,Dynamic Programming
1329,Array
1329,Math
1329,Greedy
1330,Array
1330,Hash Table
1330,Dynamic Programming
1331,Array
1331,Backtracking
1331,Matrix
1332,Dynamic Programming
1341,String
1341,Greedy
1341,Counting
1342,Array
1342,Matrix
1342,Simulation
1343,Array
1343,Dynamic Programming
1344,Array
1344,Hash Table
1357,Database
1340,Concurrency
1362,Math
1362,Dynamic Programming
1362,Brainteaser
1362,Probability and Statistics
1164,Array
1164,Math
1165,Array
1165,Two Pointers
1165,Sorting
1166,Array
1166,Math
1166,Dynamic Programming
1166,Probability and Statistics
1192,Array
1192,Binary Search
1349,Array
1349,Math
1349,Geometry
1350,Array
1350,String
1350,Depth-First Search
1350,Trie
1351,String
1351,Sliding Window
1352,Array
1352,Binary Search
1352,Dynamic Programming
1352,Sorting
1271,String
1271,Depth-First Search
1271,Breadth-First Search
1271,Interactive
1358,Math
1358,Two Pointers
1358,Binary Search
1358,Interactive
1359,Math
1359,Backtracking
1359,Bit Manipulation
1360,Array
1360,String
1360,Backtracking
1360,Bit Manipulation
1361,Backtracking
1377,Database
1368,Depth-First Search
1368,Breadth-First Search
1368,Concurrency
1175,Array
1175,Simulation
1176,Hash Table
1176,Design
1176,Sorting
1177,Tree
1177,Depth-First Search
1177,Breadth-First Search
1177,Graph Theory
1177,Topological Sort
1202,Array
1202,Dynamic Programming
1369,Math
1369,String
1369,Greedy
1370,Array
1370,Hash Table
1370,Math
1370,Sliding Window
1370,Prefix Sum
1371,String
1371,Stack
1372,Array
1372,Math
1372,Number Theory
1390,Database
1378,Array
1378,Math
1378,Simulation
1379,Array
1379,Greedy
1379,Matrix
1380,Array
1380,Depth-First Search
1380,Breadth-First Search
1380,Union-Find
1380,Matrix
1381,Array
1381,Hash Table
1381,String
1381,Dynamic Programming
1381,Backtracking
1381,Bit Manipulation
1381,Counting
1381,Bitmask
1189,Math
1189,String
1189,Bit Manipulation
1190,Array
1190,Hash Table
1190,String
1190,Tree
1190,Depth-First Search
1190,Breadth-First Search
1191,Array
1191,Hash Table
1191,String
1191,Backtracking
1191,Sort
1191,Union-Find
1213,Math
1213,Dynamic Programming
1386,Array
1386,Matrix
1386,Simulation
1387,Hash Table
1387,Tree
1387,Depth-First Search
1387,Breadth-First Search
1387,Design
1387,Binary Tree
1388,Array
1388,Dynamic Programming
1388,Greedy
1388,Sorting
1389,Array
1389,Breadth-First Search
1389,Heap (Priority Queue)
1389,Matrix
1399,Database
1404,Linked List
1404,Two Pointers
1404,Stack
1404,Recursion
1395,Array
1395,Math
1395,Geometry
1396,Array
1396,Depth-First Search
1396,Breadth-First Search
1396,Union-Find
1396,Matrix
1396,Counting
1397,Array
1397,String
1397,Binary Search
1397,Trie
1397,Sorting
1397,Heap (Priority Queue)
1398,Dynamic Programming
1405,Database
1199,Math
1199,String
1200,Array
1201,Array
1201,Tree
1201,Depth-First Search
1201,Breadth-First Search
1233,Array
1233,Divide and Conquer
1233,Interactive
1400,Array
1400,Hash Table
1400,Matrix
1400,Simulation
1401,Math
1402,Array
1402,Dynamic Programming
1402,Matrix
1403,String
1403,Dynamic Programming
1410,Concurrency
1415,Database
1406,Math
1407,Array
1407,Hash Table
1407,Greedy
1408,Array
1408,Binary Search
1409,Array
1409,Hash Table
1409,Bit Manipulation
1409,Breadth-First Search
1409,Matrix
1420,Database
1211,String
1211,Backtracking
1211,Design
1211,Iterator
1221,Array
1222,Array
1222,Sorting
1224,Array
1224,Dynamic Programming
1224,Matrix
1411,Linked List
1411,Math
1212,Enumeration
1413,Array
1413,Binary Search
1413,Matrix
1413,Prefix Sum
1414,Array
1414,Breadth-First Search
1414,Matrix
1425,Database
1421,Array
1421,Math
1422,Array
1422,Hash Table
1422,Greedy
1422,Sorting
1423,Hash Table
1423,String
1423,Sliding Window
1424,Array
1424,Breadth-First Search
1424,Graph Theory
1231,Array
1232,Array
1232,Binary Search
1232,Sorting
1234,Array
1234,Dynamic Programming
1234,Matrix
1254,Tree
1254,Depth-First Search
1254,Breadth-First Search
1254,Binary Tree
1438,Database
1426,Array
1426,Math
1427,Tree
1427,Depth-First Search
1427,Binary Search Tree
1427,Sorting
1427,Binary Tree
1428,Array
1428,Depth-First Search
1428,Breadth-First Search
1429,Array
1429,Math
1429,String
1429,Backtracking
1439,Database
1434,String
1435,Array
1435,Bit Manipulation
1435,Prefix Sum
1436,Array
1436,Hash Table
1436,Breadth-First Search
1436,Graph Theory
1436,Sorting
1437,String
1437,Dynamic Programming
1241,Array
1242,Array
1242,Matrix
1242,Prefix Sum
1243,Tree
1243,Depth-First Search
1243,Breadth-First Search
1243,Binary Tree
1244,String
1244,Trie
1244,Rolling Hash
1244,Hash Function
1440,Math
1441,Bit Manipulation
1442,Depth-First Search
1442,Breadth-First Search
1442,Union-Find
1442,Graph Theory
1443,String
1443,Dynamic Programming
1452,Database
1453,Database
1448,Math
1448,Greedy
1449,Array
1449,String
1449,Simulation
1450,Tree
1450,Depth-First Search
1450,Binary Tree
1451,Array
1451,Dynamic Programming
1451,Greedy
1462,Database
1252,String
1252,Greedy
1253,Array
1253,Sorting
1253,Matrix
1255,Array
1255,Math
1255,Greedy
1256,Array
1256,Hash Table
1256,Sorting
1454,Two Pointers
1454,String
1455,Array
1455,Sorting
1456,Dynamic Programming
1456,Graph Theory
1456,Shortest Path
1457,Array
1457,Dynamic Programming
1467,Database
1463,Array
1463,Binary Search
1463,Sorting
1463,Heap (Priority Queue)
1463,Matrix
1464,Array
1464,Hash Table
1464,Greedy
1464,Sorting
1464,Heap (Priority Queue)
1465,Tree
1465,Depth-First Search
1465,Binary Tree
1466,Array
1466,Dynamic Programming
1466,Sorting
1480,Database
1444,Math
1444,Bit Manipulation
1445,Array
1445,Sliding Window
1446,Math
1447,Array
1447,Hash Table
1447,Breadth-First Search
1468,Array
1468,Hash Table
1468,Two Pointers
1468,Binary Search
1468,Sorting
1469,Hash Table
1469,String
1469,Counting
1470,Hash Table
1470,String
1470,Binary Search
1470,Design
1470,Sorting
1470,Ordered Set
1471,Array
1471,Dynamic Programming
1471,Bit Manipulation
1471,Matrix
1471,Bitmask
1481,Database
1476,Array
1476,Binary Search
1476,Matrix
1477,Array
1477,Math
1477,Design
1477,Data Stream
1477,Prefix Sum
1478,Array
1478,Greedy
1478,Sorting
1478,Heap (Priority Queue)
1479,Array
1479,Heap (Priority Queue)
1494,Database
1458,Array
1458,Bit Manipulation
1458,Sorting
1458,Counting
1459,Array
1459,Hash Table
1459,Design
1460,Hash Table
1460,String
1460,Sliding Window
1461,Math
1461,Dynamic Programming
1461,Combinatorics
1274,Math
1274,String
1275,Tree
1275,Depth-First Search
1275,Breadth-First Search
1275,Union-Find
1275,Graph Theory
1275,Binary Tree
1276,Math
1277,Array
1277,Math
1277,Dynamic Programming
1277,Greedy
1277,Sorting
1495,Database
1482,Array
1482,Hash Table
1482,Sorting
1482,Counting Sort
1483,Array
1483,Hash Table
1483,String
1483,Sorting
1483,Counting
1484,Linked List
1484,Tree
1484,Depth-First Search
1484,Binary Tree
1485,Array
1485,Breadth-First Search
1485,Graph Theory
1485,Heap (Priority Queue)
1485,Matrix
1485,Shortest Path
1504,Database
1472,Hash Table
1472,String
1472,Counting
1473,Hash Table
1473,String
1473,Bit Manipulation
1473,Prefix Sum
1474,Dynamic Programming
1474,Tree
1474,Depth-First Search
1474,Binary Tree
1475,Dynamic Programming
1475,Tree
1475,Depth-First Search
1475,Binary Search Tree
1475,Binary Tree
1490,String
1491,Array
1492,Tree
1492,Depth-First Search
1492,Breadth-First Search
1493,Tree
1493,Depth-First Search
1493,Breadth-First Search
1493,Graph Theory
1509,Database
1498,Tree
1498,Depth-First Search
1498,Breadth-First Search
1498,Binary Tree
1496,Array
1496,Matrix
1497,Array
1497,Stack
1497,Design
1285,Divide and Conquer
1285,Greedy
1285,Tree
1285,Depth-First Search
1285,Binary Search Tree
1285,Binary Tree
1499,Array
1499,Greedy
1499,Sorting
1499,Heap (Priority Queue)
1518,Database
1486,Array
1486,Two Pointers
1486,Binary Search
1486,Sorting
1487,Array
1487,Hash Table
1487,Greedy
1487,Bit Manipulation
1488,Dynamic Programming
1488,Memoization
1488,Sorting
1489,Array
1489,Dynamic Programming
1489,Greedy
1489,Heap (Priority Queue)
1505,Array
1505,Simulation
1284,Array
1284,Math
1507,Array
1507,Depth-First Search
1507,Breadth-First Search
1507,Union-Find
1507,Matrix
1508,String
1508,Rolling Hash
1508,String Matching
1508,Hash Function
1523,Database
1510,Array
1510,Hash Table
1510,Counting
1511,Array
1511,Dynamic Programming
1511,Binary Indexed Tree
1511,Segment Tree
1512,Hash Table
1512,String
1512,Design
1513,String
1513,Dynamic Programming
1513,String Matching
1536,Database
1500,Hash Table
1500,Math
1500,Counting
1502,Hash Table
1502,String
1502,Greedy
1502,Counting
1501,Math
1501,Geometry
1503,Array
1503,Dynamic Programming
1503,Greedy
1503,Sorting
1519,Array
1519,Greedy
1519,Sorting
1520,String
1520,Bit Manipulation
1520,Simulation
1304,String
1304,Greedy
1304,Heap (Priority Queue)
1522,Array
1522,Math
1522,Dynamic Programming
1522,Game Theory
1541,Database
1524,Array
1524,String
1524,String Matching
1525,Array
1525,Binary Indexed Tree
1525,Simulation
1526,Hash Table
1526,String
1527,Dynamic Programming
1546,Database
1514,Array
1514,Prefix Sum
1515,Math
1515,Greedy
1516,String
1516,Backtracking
1517,String
1517,Dynamic Programming
1532,String
1533,Array
1533,Hash Table
1533,String
1533,Sorting
1533,Ordered Set
1534,String
1534,Counting
1535,Dynamic Programming
1535,Prefix Sum
1551,Database
1537,String
1537,Prefix Sum
1538,Array
1538,Sliding Window
1538,Prefix Sum
1539,Array
1539,Sorting
1539,Heap (Priority Queue)
1286,Array
1286,Dynamic Programming
1286,Queue
1286,Sliding Window
1286,Heap (Priority Queue)
1286,Monotonic Queue
1391,Array
1391,Hash Table
1345,Array
1345,Math
1345,String
1374,Array
1374,Binary Search
1374,Matrix
1374,Interactive
1366,Array
1366,Hash Table
1366,Design
1366,Queue
1366,Data Stream
1432,Tree
1432,Depth-First Search
1432,Breadth-First Search
1432,Binary Tree
1528,Array
1529,Math
1529,Greedy
1530,String
1530,Greedy
1530,Sorting
1531,Array
1531,Dynamic Programming
1531,Bit Manipulation
1531,Bitmask
1564,Database
1547,Array
1547,Hash Table
1547,String
1548,Array
1549,Array
1549,Queue
1549,Sliding Window
1549,Heap (Priority Queue)
1549,Ordered Set
1549,Monotonic Queue
1550,Array
1550,Binary Search
1550,Heap (Priority Queue)
1550,Matrix
1565,Database
1552,Array
1552,Stack
1552,Simulation
1553,Array
1553,Hash Table
1553,Math
1553,Bit Manipulation
1553,Prefix Sum
1554,Hash Table
1554,Tree
1554,Depth-First Search
1554,Breadth-First Search
1555,Array
1555,Dynamic Programming
1555,Memoization
1555,Matrix
1555,Prefix Sum
1578,Database
1542,String
1543,Math
1543,String
1543,Number Theory
1544,Tree
1544,Depth-First Search
1544,Breadth-First Search
1544,Binary Tree
1545,Array
1545,Dynamic Programming
1560,Array
1561,String
1561,Sorting
1562,Array
1562,Hash Table
1562,String
1563,Array
1563,Math
1563,Geometry
1579,Database
1566,Two Pointers
1566,String
1566,String Matching
1567,String
1567,Sliding Window
1568,Bit Manipulation
1568,Tree
1568,Depth-First Search
1568,Breadth-First Search
1568,Binary Tree
1569,Array
1569,Dynamic Programming
1607,Database
1556,Array
1556,Hash Table
1556,Sorting
1557,Hash Table
1557,String
1557,Bit Manipulation
1557,Rolling Hash
1557,Hash Function
1558,Depth-First Search
1558,Breadth-First Search
1558,Graph Theory
1558,Topological Sort
1559,Array
1559,Dynamic Programming
1559,Matrix
1574,Array
1574,Sorting
1574,Heap (Priority Queue)
1575,Array
1575,Greedy
1575,Sorting
1576,Depth-First Search
1576,Breadth-First Search
1576,Graph Theory
1577,Array
1577,Math
1577,Dynamic Programming
1577,Backtracking
1577,Combinatorics
1577,Probability and Statistics
1608,Database
1609,Tree
1609,Depth-First Search
1609,Breadth-First Search
1609,Binary Tree
1580,Array
1581,Array
1581,Two Pointers
1581,Sorting
1582,Array
1582,Linked List
1582,Stack
1582,Design
1582,Doubly-Linked List
1582,Data Stream
1583,Array
1583,Dynamic Programming
1618,Linked List
1570,Array
1570,Stack
1570,Monotonic Stack
1572,Array
1572,Design
1572,Matrix
1573,Array
1573,Hash Table
1573,Binary Search
1573,Dynamic Programming
1573,Sliding Window
1571,Array
1571,Math
1571,Dynamic Programming
1571,Sorting
1623,Database
1603,Array
1603,Prefix Sum
1604,Array
1604,Hash Table
1604,Greedy
1604,Sorting
1604,Counting
1605,Array
1605,Binary Search
1296,Binary Search
1296,Dynamic Programming
1296,Bit Manipulation
1296,Tree
1296,Depth-First Search
1296,Breadth-First Search
1296,Design
1625,Database
1624,Hash Table
1624,Tree
1624,Depth-First Search
1624,Breadth-First Search
1624,Binary Tree
1610,Math
1610,Bit Manipulation
1611,Array
1611,Hash Table
1611,String
1612,Array
1612,Hash Table
1612,Binary Search
1612,Greedy
1612,Heap (Priority Queue)
1613,Union-Find
1613,Graph Theory
1613,Sorting
1613,Minimum Spanning Tree
1613,Strongly Connected Component
1634,Hash Table
1634,Tree
1634,Depth-First Search
1634,Breadth-First Search
1584,Array
1584,Sorting
1585,Math
1585,Number Theory
1586,Array
1586,Dynamic Programming
1586,Sliding Window
1587,Dynamic Programming
1587,Bit Manipulation
1587,Graph Theory
1587,Bitmask
1639,Database
1619,Hash Table
1619,String
1620,Array
1620,Hash Table
1620,Counting
1621,Array
1621,Two Pointers
1621,Binary Search
1621,Sorting
1622,Array
1622,Queue
1622,Sliding Window
1622,Heap (Priority Queue)
1622,Monotonic Queue
1640,Hash Table
1640,Design
1640,Sorting
1640,Heap (Priority Queue)
1640,Data Stream
1641,Database
1626,Array
1626,Sorting
1627,Array
1627,Brainteaser
1627,Simulation
1628,Array
1628,Dynamic Programming
1628,Stack
1628,Matrix
1628,Monotonic Stack
1629,String
1629,Greedy
1629,Binary Indexed Tree
1629,Segment Tree
1650,Hash Table
1650,Bit Manipulation
1650,Tree
1650,Depth-First Search
1283,String
1615,Array
1615,Two Pointers
1615,Binary Search
1615,Sorting
1615,Prefix Sum
1616,Array
1616,Greedy
1616,Sorting
1617,Math
1617,Dynamic Programming
1617,Game Theory
1654,Database
1635,Array
1635,Hash Table
1635,Math
1635,Counting
1636,Math
1636,String
1325,Array
1325,Graph Theory
1325,Heap (Priority Queue)
1325,Shortest Path
1638,Array
1638,Math
1638,Geometry
1638,Randomized
1655,Tree
1655,Depth-First Search
1664,Database
1642,Math
1642,Simulation
1643,Hash Table
1643,Tree
1643,Depth-First Search
1643,Breadth-First Search
1643,Counting
1644,Hash Table
1644,String
1644,Greedy
1644,Sorting
1645,Array
1645,Binary Search
1645,Bit Manipulation
1645,Segment Tree
1665,Tree
1665,Depth-First Search
1630,Math
1631,Array
1631,Math
1631,Dynamic Programming
1631,Prefix Sum
1632,Hash Table
1632,String
1632,Dynamic Programming
1632,Bit Manipulation
1632,Prefix Sum
1633,Array
1633,Dynamic Programming
1633,Stack
1633,Greedy
1633,Monotonic Stack
1670,Database
1651,Array
1651,String
1652,String
1652,Greedy
1653,Tree
1653,Depth-First Search
1653,Binary Tree
1637,String
1637,Dynamic Programming
1671,Database
1672,Array
1672,Binary Search
1672,Interactive
1656,Array
1656,Enumeration
1657,Array
1657,Simulation
1658,Array
1658,Greedy
1658,Matrix
1659,Array
1659,Two Pointers
1659,Dynamic Programming
1659,Greedy
1681,Array
1681,Math
1681,Interactive
1646,Array
1646,Binary Search
1647,Hash Table
1647,String
1648,String
1648,Stack
1648,Greedy
1668,Hash Table
1668,String
1668,Bit Manipulation
1686,Database
1666,String
1666,Stack
1667,String
1667,Recursion
1667,Simulation
1649,Array
1649,Hash Table
1649,Greedy
1649,Prefix Sum
1669,Array
1669,Dynamic Programming
1669,Sorting
1687,Array
1687,String
1687,Dynamic Programming
1687,Graph Theory
1688,Database
1293,Array
1674,Math
1675,Array
1675,Binary Search
1675,Sorting
1676,Dynamic Programming
1676,Memoization
1697,Hash Table
1697,String
1697,Rolling Hash
1697,Hash Function
1702,Database
1660,String
1661,Graph Theory
1662,Array
1662,Greedy
1662,Bit Manipulation
1663,Array
1663,Depth-First Search
1663,Breadth-First Search
1663,Union-Find
1663,Matrix
1682,Array
1682,Simulation
1683,Array
1683,Math
1683,Greedy
1683,Sorting
1683,Game Theory
1684,Array
1684,Hash Table
1684,Binary Search
1684,Simulation
1685,Array
1685,Math
1685,Dynamic Programming
1685,Game Theory
1703,Array
1703,Greedy
1703,Sorting
1712,Database
1689,Array
1689,Enumeration
1690,Array
1690,Dynamic Programming
1690,Greedy
1691,Array
1691,Depth-First Search
1691,Breadth-First Search
1691,Matrix
1691,Strongly Connected Component
1692,Array
1692,Math
1692,Divide and Conquer
1692,Dynamic Programming
1692,Tree
1692,Union-Find
1692,Binary Search Tree
1692,Memoization
1692,Combinatorics
1692,Binary Tree
1713,Array
1713,Hash Table
1713,Two Pointers
1713,Design
1718,Database
1677,Array
1677,Matrix
1678,Math
1678,String
1679,Array
1679,Two Pointers
1679,Binary Search
1679,Stack
1679,Monotonic Stack
1680,Array
1680,Dynamic Programming
1680,Memoization
1698,String
1699,Array
1699,Hash Table
1699,Math
1699,Two Pointers
1700,Array
1700,String
1700,Dynamic Programming
1700,Greedy
1701,Union-Find
1701,Graph Theory
1719,Array
1719,Greedy
1719,Sorting
1724,Database
1704,Array
1704,Matrix
1705,Array
1705,Simulation
1706,Array
1706,Union-Find
1706,Graph Theory
1706,Minimum Spanning Tree
1707,String
1707,Greedy
1707,Sorting
1729,Stack
1729,Tree
1729,Design
1729,Binary Search Tree
1729,Binary Tree
1729,Iterator
1734,Database
1693,Array
1693,Math
1693,Prefix Sum
1695,Array
1695,Greedy
1695,Sorting
1695,Prefix Sum
1694,Array
1694,Hash Table
1694,Prefix Sum
1696,Array
1696,Graph Theory
1696,Topological Sort
1696,Matrix
1714,String
1715,Hash Table
1715,String
1715,Backtracking
1716,Array
1716,Dynamic Programming
1716,Matrix
1717,Array
1717,Dynamic Programming
1717,Bit Manipulation
1717,Matrix
1717,Bitmask
1735,Database
1736,String
1736,Stack
1736,Tree
1736,Binary Tree
1720,Array
1720,String
1720,Stack
1721,Array
1721,Simulation
1722,Hash Table
1722,Tree
1722,Depth-First Search
1722,Design
1723,Array
1723,Backtracking
1723,Bit Manipulation
1723,Enumeration
1745,Tree
1745,Breadth-First Search
1745,Binary Tree
1708,Design
1708,Simulation
1708,Counting
1709,Array
1709,Hash Table
1709,String
1709,Sorting
1711,Array
1711,Greedy
1711,Matrix
1710,Array
1710,Heap (Priority Queue)
1710,Simulation
1710,Ordered Set
1749,Database
1730,Array
1730,Binary Search
1730,Sorting
1731,Tree
1731,Breadth-First Search
1731,Binary Tree
1733,Array
1733,Math
1733,Geometry
1733,Sliding Window
1733,Sorting
1732,Math
1732,Dynamic Programming
1732,Bit Manipulation
1732,Recursion
1732,Memoization
1750,Hash Table
1750,Tree
1750,Depth-First Search
1750,Binary Tree
1750,Counting
1759,Database
1737,String
1737,Stack
1738,Graph Theory
1739,Two Pointers
1739,String
1740,Dynamic Programming
1740,Bit Manipulation
1740,Tree
1740,Enumeration
1740,Bitmask
1384,Array
1384,String
1384,Binary Search
1384,Interactive
1210,Array
1210,Sorting
1726,Array
1726,Enumeration
1725,Math
1725,Dynamic Programming
1725,Combinatorics
1725,Prefix Sum
1728,Math
1728,Design
1728,Segment Tree
1728,Number Theory
1763,Database
1746,Hash Table
1746,String
1747,String
1747,Depth-First Search
1747,Breadth-First Search
1747,Enumeration
1748,Array
1748,Dynamic Programming
1748,Sorting
1223,Array
1223,Math
1223,Union-Find
1223,Number Theory
1768,Array
1768,Math
1768,Stack
1768,Tree
1768,Design
1768,Binary Tree
1751,Array
1751,String
1752,Array
1752,Hash Table
1752,Sorting
1753,Array
1753,Binary Search
1753,Depth-First Search
1753,Breadth-First Search
1753,Union-Find
1753,Heap (Priority Queue)
1753,Matrix
1257,Array
1257,Union-Find
1257,Graph Theory
1257,Topological Sort
1257,Sorting
1257,Matrix
1773,Database
1774,Linked List
1774,Math
1774,Two Pointers
1779,Database
1741,Array
1741,Hash Table
1741,Sorting
1742,Array
1742,Sorting
1743,Hash Table
1743,String
1743,Dynamic Programming
1743,Enumeration
1744,Array
1744,String
1744,Dynamic Programming
1760,Array
1760,Hash Table
1761,Math
1761,Dynamic Programming
1761,Combinatorics
1762,Array
1762,Greedy
1762,Heap (Priority Queue)
489,Array
489,Math
489,Dynamic Programming
489,Combinatorics
1780,Tree
1780,Depth-First Search
1780,Binary Tree
1785,Database
1769,Array
1769,Simulation
1770,Hash Table
1770,String
1770,Greedy
1770,Sorting
1771,Array
1771,Math
1771,Binary Search
1771,Greedy
1771,Sorting
1771,Heap (Priority Queue)
1772,Array
1772,Binary Search
1772,Divide and Conquer
1772,Binary Indexed Tree
1772,Segment Tree
1772,Merge Sort
1772,Ordered Set
1790,Hash Table
1790,Two Pointers
1790,Tree
1790,Binary Tree
1795,Database
1755,Array
1755,Sliding Window
1756,String
1756,Dynamic Programming
1756,Stack
1757,Array
1757,Hash Table
1757,Breadth-First Search
1758,Array
1758,Hash Table
1758,Dynamic Programming
1758,Backtracking
1758,Bit Manipulation
1758,Counting
1758,Bitmask
1775,Array
1775,Hash Table
1775,Design
1775,Data Stream
1777,Hash Table
1777,String
1777,Sorting
1777,Counting
1776,Array
1776,Hash Table
1776,Binary Search
1776,Sliding Window
1776,Prefix Sum
1778,Dynamic Programming
1778,Bit Manipulation
1778,Memoization
1778,Bitmask
1796,Hash Table
1796,Tree
1796,Depth-First Search
1796,Breadth-First Search
1796,Binary Tree
1801,Database
1781,Array
1781,String
1782,String
1782,Greedy
1783,Array
1783,Prefix Sum
1784,Array
1784,Greedy
1784,Sorting
1810,Tree
1810,Depth-First Search
1810,Binary Tree
1811,Database
1764,String
1764,Dynamic Programming
1764,String Matching
1765,Linked List
1767,Array
1767,Linked List
1767,Design
1767,Queue
1767,Doubly-Linked List
1767,Data Stream
1766,Array
1766,Binary Search
1766,Dynamic Programming
1766,Greedy
1791,Array
1791,Matrix
1792,Array
1792,Stack
1792,Greedy
1792,Monotonic Stack
1793,Array
1793,Hash Table
1793,Prefix Sum
1794,Array
1794,Greedy
1794,Heap (Priority Queue)
1794,Ordered Set
1816,Hash Table
1816,Tree
1816,Depth-First Search
1816,Binary Tree
1821,Database
1797,String
1798,Array
1798,Hash Table
1798,Two Pointers
1798,Sorting
1800,Math
1800,Bit Manipulation
1800,Simulation
1799,Array
1799,Hash Table
1799,Dynamic Programming
1799,Bit Manipulation
1799,Bitmask
1822,String
1822,Dynamic Programming
1827,Database
1786,Array
1786,Hash Table
1786,String
1786,Bit Manipulation
1786,Counting
1787,Array
1787,Math
1787,Prefix Sum
1788,Array
1788,Math
1788,Greedy
1788,Sorting
1788,Heap (Priority Queue)
1788,Game Theory
1789,Array
1789,Dynamic Programming
1789,Segment Tree
1789,Queue
1789,Heap (Priority Queue)
1789,Prefix Sum
1789,Monotonic Queue
1806,Math
1806,Simulation
1807,String
1807,Greedy
1808,Array
1808,Math
1808,Dynamic Programming
1808,Game Theory
1367,Array
1367,Dynamic Programming
1367,Sorting
1828,Dynamic Programming
1837,Database
1812,String
1813,Array
1813,Hash Table
1813,Sliding Window
1814,Array
1814,Dynamic Programming
1814,Queue
1814,Heap (Priority Queue)
1814,Monotonic Queue
1815,Array
1815,Two Pointers
1815,Union-Find
1815,Graph Theory
1815,Sorting
1838,String
1838,Trie
1838,Rolling Hash
1838,Suffix Array
1838,Hash Function
1842,Database
1802,Array
1802,Stack
1802,Queue
1802,Simulation
1803,Array
1803,Simulation
1804,String
1804,Greedy
1805,Array
1805,Greedy
1805,Sliding Window
1805,Prefix Sum
1823,String
1823,Counting
1824,Array
1824,Greedy
1824,Heap (Priority Queue)
1324,Array
1324,Matrix
1324,Simulation
1826,Array
1826,Bit Manipulation
1826,Trie
1847,Array
1847,Greedy
1852,Database
1829,Array
1829,Greedy
1829,Sorting
1830,Array
1830,Hash Table
1831,Array
1831,Two Pointers
1831,Binary Search
1831,Prefix Sum
1832,Array
1832,Hash Table
1832,Binary Search
1832,Greedy
1809,Array
1809,Dynamic Programming
1862,Database
1817,Math
1818,String
1818,Stack
1818,Greedy
1819,Array
1819,Backtracking
1820,Array
1820,Hash Table
1820,Tree
1820,Graph Theory
1820,Simulation
1839,Array
1839,Bit Manipulation
528,Linked List
528,Two Pointers
1840,Array
1840,Depth-First Search
1840,Union-Find
1825,Array
1825,Dynamic Programming
1825,Backtracking
1825,Bit Manipulation
1825,Bitmask
1865,Depth-First Search
1865,Union-Find
1865,Graph Theory
1865,Design
1865,Sorting
1865,Heap (Priority Queue)
1865,Minimum Spanning Tree
1843,Array
1364,Array
1364,Hash Table
1364,Counting
1845,Array
1845,Greedy
1845,Sorting
1845,Matrix
1727,Array
1727,Math
1727,Dynamic Programming
1727,Graph Theory
1727,Topological Sort
1727,Memoization
1727,Matrix
1727,Game Theory
1877,Database
550,Array
550,Breadth-First Search
550,Matrix
1882,Database
1833,Array
1833,Prefix Sum
1834,Array
1834,Hash Table
1834,Greedy
1835,Array
1835,Bit Manipulation
1836,Array
1836,Math
1836,Dynamic Programming
1836,Combinatorics
1836,Number Theory
1858,String
1858,Greedy
1859,Hash Table
1859,String
1859,Counting
1859,Prefix Sum
1860,Array
1860,Divide and Conquer
1860,Bit Manipulation
1860,Sorting
1860,Heap (Priority Queue)
1860,Matrix
1860,Prefix Sum
1860,Quickselect
1861,Math
1861,Binary Search
1861,Greedy
1883,Hash Table
1883,Tree
1883,Depth-First Search
1883,Breadth-First Search
1883,Binary Tree
1892,Database
1844,Hash Table
1844,Math
1844,Counting
1866,Array
1866,Hash Table
1866,Depth-First Search
1872,Array
1872,Prefix Sum
1871,String
1871,Dynamic Programming
1893,Array
1893,Dynamic Programming
1898,Database
1848,Array
1848,Hash Table
1848,Counting
1849,Array
1849,Dynamic Programming
1850,Two Pointers
1850,String
1851,Array
1851,Binary Search
1851,Dynamic Programming
1851,Sorting
1878,Array
1879,Math
1879,Greedy
1879,Heap (Priority Queue)
1880,Two Pointers
1880,String
1880,Greedy
1881,Array
1881,Two Pointers
1881,Dynamic Programming
1881,Bit Manipulation
1881,Sorting
1881,Bitmask
1903,Array
1903,Linked List
1903,Divide and Conquer
1903,Design
1903,Simulation
1903,Doubly-Linked List
1908,Database
1884,String
1885,Math
1885,String
1886,Array
1886,Binary Search
1887,Graph Theory
1887,Enumeration
1909,Array
1909,Stack
1909,Monotonic Stack
1873,Hash Table
1873,String
1873,Divide and Conquer
1873,Bit Manipulation
1873,Sliding Window
1874,Array
1874,Two Pointers
1874,Greedy
1874,String Matching
1876,Array
1876,Breadth-First Search
1876,Matrix
1875,Array
1875,Math
1875,Tree
1875,Depth-First Search
1875,Number Theory
1914,Database
1894,Two Pointers
1894,String
1895,Array
1895,String
1895,Prefix Sum
1896,Array
1896,Dynamic Programming
1897,String
1897,Dynamic Programming
1919,Array
1919,Hash Table
1919,String
1919,Sorting
1899,Array
1899,String
1900,Array
1900,Dynamic Programming
1900,Backtracking
1901,Array
1901,Hash Table
1901,Greedy
1901,Counting
1902,Array
1902,Math
1902,Stack
1902,Heap (Priority Queue)
1902,Monotonic Stack
1926,Database
1931,Array
1931,Depth-First Search
1931,Breadth-First Search
1931,Matrix
1931,Interactive
1888,Array
1889,Math
1890,Hash Table
1890,String
1890,Counting
1891,Array
1891,Hash Table
1891,Two Pointers
1891,Binary Search
1891,Graph Theory
1891,Sorting
1891,Counting
1932,Database
1910,String
1911,Array
1911,Greedy
1912,Dynamic Programming
1912,Graph Theory
1912,Topological Sort
1912,Heap (Priority Queue)
1912,Shortest Path
1913,Array
1913,Hash Table
1913,Dynamic Programming
1913,Bit Manipulation
1913,Counting
1937,Array
1937,Hash Table
1937,Greedy
1937,Prefix Sum
1942,Database
1915,Hash Table
1915,String
1915,Counting
1916,Graph Theory
1917,Array
1917,Greedy
1917,Heap (Priority Queue)
1918,Array
1918,Two Pointers
1918,Binary Search
1918,Stack
1918,Monotonic Stack
1943,Hash Table
1943,String
1943,Greedy
1948,Database
1904,Hash Table
1904,String
1905,Hash Table
1905,Linked List
1905,Design
1905,Doubly-Linked List
1930,Array
1930,Greedy
1930,Sorting
1906,Array
1906,Math
1906,Dynamic Programming
1906,Backtracking
1906,Bit Manipulation
1906,Number Theory
1906,Bitmask
1927,Array
1928,Array
1928,Heap (Priority Queue)
1928,Simulation
1929,Math
1929,Binary Search
1929,Greedy
1907,Array
1907,Bit Manipulation
1907,Trie
1949,Hash Table
1949,String
1949,Design
1949,Trie
1933,Hash Table
1933,String
1935,Array
1935,Math
1935,Simulation
1934,Array
1934,Hash Table
1934,String
1936,Math
1936,Recursion
1936,Number Theory
1958,Database
1959,Array
1959,Depth-First Search
1959,Breadth-First Search
1959,Graph Theory
1959,Heap (Priority Queue)
1959,Matrix
1959,Interactive
1959,Shortest Path
1964,Database
1920,Math
1920,String
1923,Array
1923,Two Pointers
1923,String
1925,Array
1925,Hash Table
1925,Math
1925,Counting
1924,Array
1924,Dynamic Programming
1924,Bit Manipulation
1924,Memoization
1924,Bitmask
1944,Array
1944,String
1945,Array
1945,Hash Table
1946,Array
1946,Binary Search
1946,Sorting
1946,Ordered Set
1947,Array
1947,Math
1947,Counting
1947,Number Theory
1969,Array
1969,Depth-First Search
1969,Graph Theory
1969,Matrix
1974,Database
1950,Array
1950,Math
1951,Array
1951,Math
1951,Recursion
1951,Queue
1951,Simulation
1952,Array
1952,Dynamic Programming
1952,Greedy
1953,Design
1953,Queue
1953,Heap (Priority Queue)
1953,Data Stream
1953,Ordered Set
1980,Array
1980,Two Pointers
1938,Array
1938,Greedy
1939,Array
1939,Math
1939,Geometry
1940,Array
1940,Bit Manipulation
1940,Prefix Sum
1941,Hash Table
1941,Math
1941,String
1941,Combinatorics
1941,Counting
1981,Database
1960,Hash Table
1960,String
1961,Array
1961,Greedy
1961,Sorting
1961,Counting Sort
1962,Array
1962,Sorting
1962,Heap (Priority Queue)
1963,Array
1963,Math
1963,Bit Manipulation
1982,Hash Table
1982,Linked List
1965,Math
1966,Array
1966,Binary Search
1966,Greedy
1966,Sliding Window
1966,Sorting
1966,Prefix Sum
1967,String
1967,Sliding Window
1968,Array
1968,Math
1968,Sorting
1991,Database
1997,Two Pointers
1997,String
1998,Database
1954,String
1955,Design
1955,Heap (Priority Queue)
1956,Array
1956,Greedy
1956,Sorting
1957,Array
1957,Binary Search
1957,Sorting
1957,Ordered Set
1975,Array
1976,String
1976,Backtracking
1976,Enumeration
1978,Two Pointers
1978,String
1978,Greedy
1977,Array
1977,Binary Search
1977,Sweep Line
1977,Sorting
1977,Heap (Priority Queue)
2003,Array
2003,Hash Table
2003,Sliding Window
2004,Database
1983,Array
1983,Counting
1983,Prefix Sum
1984,Array
1984,Two Pointers
1984,Binary Search
1985,Array
1985,Stack
1985,Monotonic Stack
1985,Prefix Sum
1986,Hash Table
1986,String
1986,Dynamic Programming
1986,Graph Theory
1986,Topological Sort
1986,Memoization
1986,Counting
2009,Array
2009,String
2009,Depth-First Search
2009,Trie
1970,String
1970,Sorting
1971,Math
1971,Simulation
1972,Array
1972,Two Pointers
1972,Matrix
1326,Array
1326,Math
1326,Binary Search
1326,Counting
1326,Enumeration
1326,Prefix Sum
1993,Array
1993,Math
1993,Backtracking
1993,Bit Manipulation
1993,Combinatorics
1993,Enumeration
1994,String
1994,Greedy
1995,Array
1995,Hash Table
1995,Design
1996,Math
1996,Dynamic Programming
1996,Combinatorics
2014,Database
2019,Array
2019,Two Pointers
1999,String
2000,Array
2000,Binary Search
2001,String
2001,Dynamic Programming
2001,Sliding Window
2001,Prefix Sum
2002,Array
2002,Math
2002,Dynamic Programming
2002,Prefix Sum
2002,Game Theory
2024,Database
2029,Array
2029,Greedy
2029,Sorting
2030,Database
1987,Hash Table
1987,String
1987,Sliding Window
1987,Counting
1988,Array
1988,Two Pointers
1988,Greedy
1988,Sorting
1990,Array
1990,Math
1990,Sorting
1990,Heap (Priority Queue)
1990,Matrix
1990,Prefix Sum
1989,Array
1989,Dynamic Programming
1989,Bit Manipulation
1989,Bitmask
2010,String
2011,String
2011,Greedy
2012,Array
2012,Heap (Priority Queue)
2013,Array
2013,Dynamic Programming
2031,Math
2031,Dynamic Programming
2036,Array
2036,Two Pointers
2036,Binary Search
2036,Sorting
2015,Array
2015,Matrix
2016,Array
2016,Sorting
2017,String
2017,Dynamic Programming
2017,Sliding Window
2018,Array
2018,Binary Search
2018,Sorting
2018,Prefix Sum
2041,Database
2045,Array
2045,Binary Search
2046,Database
2005,Array
2005,Hash Table
2005,Prefix Sum
2006,Array
2006,Binary Search
2006,Simulation
2006,Prefix Sum
1311,Array
1311,Matrix
1311,Prefix Sum
2008,Math
2008,String
2008,Dynamic Programming
2008,Stack
2025,Hash Table
2025,String
2025,Counting
2027,Array
2027,Two Pointers
2027,String
2027,Binary Search
2026,Array
2026,Greedy
2028,Dynamic Programming
2028,Memoization
2047,Array
2047,Binary Search
2047,Matrix
2052,Array
2052,Tree
2052,Binary Search Tree
2052,Binary Tree
2052,Ordered Set
2032,Math
2032,String
2032,Greedy
2033,Math
2033,String
2035,Array
2035,Depth-First Search
2035,Breadth-First Search
2035,Union-Find
2035,Matrix
2034,Array
2034,Prefix Sum
2057,Database
2062,Array
2062,Math
2062,Dynamic Programming
2062,Bit Manipulation
2062,Brainteaser
2062,Game Theory
2020,Array
2021,String
2021,Stack
2021,Simulation
2022,Array
2022,Dynamic Programming
2023,Array
2023,Hash Table
2023,Design
2023,Heap (Priority Queue)
2023,Ordered Set
2042,Array
2042,Sorting
2043,Array
2043,Matrix
2043,Simulation
2044,Hash Table
2044,String
2044,Bit Manipulation
2044,Prefix Sum
1313,Array
1313,Math
1313,Dynamic Programming
1313,Tree
1313,Depth-First Search
1313,Graph Theory
1313,Topological Sort
1313,Combinatorics
2063,Database
2069,Array
2069,Binary Search
2069,Sliding Window
2064,Database
2048,Array
2048,Simulation
2049,Array
2049,Greedy
2049,Sorting
2050,Math
2050,Recursion
2051,Array
2051,Binary Search
2051,Rolling Hash
2051,Suffix Array
2051,Hash Function
2074,Array
2074,Math
2074,Geometry
2037,Math
2037,Enumeration
2038,Array
2038,Breadth-First Search
2038,Matrix
2039,Math
2039,String
2039,Greedy
2039,Game Theory
2040,Array
2040,Dynamic Programming
2040,Graph Theory
2058,Array
2058,Simulation
2059,Hash Table
2059,String
2059,Bit Manipulation
2059,Prefix Sum
2061,Dynamic Programming
2060,Array
2060,Hash Table
2060,Tree
2060,Depth-First Search
2060,Binary Search Tree
2060,Binary Tree
2070,String
2087,Database
1264,Hash Table
1264,String
2066,Array
2066,Greedy
2067,Array
2067,Dynamic Programming
2067,Matrix
2068,Array
2068,Hash Table
2068,Bit Manipulation
2068,Depth-First Search
2068,Trie
2092,Database
2071,Array
2071,Hash Table
2071,Counting
2053,Hash Table
2053,String
2053,Counting
2054,Array
2054,Hash Table
2054,Heap (Priority Queue)
2055,Array
2055,Hash Table
2055,Sorting
2055,Prefix Sum
1305,Array
1305,Stack
1305,Monotonic Stack
2076,String
2076,Simulation
2077,Array
2077,String
2077,Greedy
2078,Array
2078,Dynamic Programming
2078,Backtracking
2078,Bit Manipulation
2078,Bitmask
2079,Array
2079,Hash Table
2079,String
2079,Depth-First Search
2079,Trie
2079,Sorting
2079,Hash Function
2097,Database
2072,Array
2072,Stack
2072,Monotonic Stack
2098,Database
2083,Math
2083,Enumeration
2083,Number Theory
2084,Array
2084,Greedy
1295,Math
1295,Binary Search
2086,Array
2086,Dynamic Programming
2073,Array
2073,Math
2073,Binary Search
2073,Geometry
2073,Sliding Window
2073,Enumeration
2073,Ordered Set
1302,String
2080,Array
2080,Matrix
2080,Enumeration
2081,Array
2081,Dynamic Programming
2081,Prefix Sum
1336,Two Pointers
1336,String
1336,Rolling Hash
1336,Hash Function
2093,Array
2093,Two Pointers
2093,String
2094,Array
2094,Greedy
2094,Heap (Priority Queue)
2095,Two Pointers
2095,String
2095,Stack
2095,Greedy
2096,Array
2096,Binary Search
2096,Binary Indexed Tree
2110,Database
2111,Array
2111,Binary Search
2111,Stack
2111,Monotonic Stack
2099,Array
2099,String
2085,Array
2085,Greedy
2085,Sorting
2100,Math
2100,Greedy
2100,Recursion
2101,Array
2101,Binary Search
2101,Depth-First Search
2101,Breadth-First Search
2101,Union-Find
2101,Matrix
2121,Depth-First Search
2121,Breadth-First Search
2121,Union-Find
2121,Graph Theory
2120,Database
2126,Tree
2126,Depth-First Search
2126,Binary Tree
2088,String
2088,Greedy
2089,Array
2089,Greedy
2089,Matrix
2090,Dynamic Programming
2090,Graph Theory
2090,Topological Sort
2090,Shortest Path
2091,String
2091,Dynamic Programming
2091,Prefix Sum
2127,Database
2106,Array
2106,Math
2106,Number Theory
2107,Array
2107,Hash Table
2107,String
2107,Backtracking
2108,Array
2108,Dynamic Programming
2108,Matrix
2109,Array
2109,Hash Table
2109,Sorting
2109,Counting
519,Array
519,Hash Table
519,Prefix Sum
2112,Array
2112,Sliding Window
2112,Sorting
2113,Array
2113,String
2113,Divide and Conquer
2113,Sorting
2113,Heap (Priority Queue)
2113,Quickselect
2114,Array
2114,Dynamic Programming
2114,Backtracking
2114,Bit Manipulation
2114,Bitmask
2115,String
2115,Dynamic Programming
2136,Database
1979,Array
1979,Two Pointers
1979,Greedy
2143,Database
2102,Array
2102,Prefix Sum
2103,Array
2103,Depth-First Search
2103,Breadth-First Search
2103,Matrix
2104,Array
2104,Hash Table
2104,Tree
2104,Depth-First Search
2104,Breadth-First Search
2104,Design
2105,Array
2105,Hash Table
2105,Math
2105,Dynamic Programming
2105,Bit Manipulation
2105,Counting
2105,Number Theory
2105,Bitmask
2122,Array
2122,Hash Table
2122,Enumeration
2123,Array
2123,Stack
2123,Greedy
2123,Sorting
2123,Monotonic Stack
2124,Array
2124,Dynamic Programming
2125,Array
2125,Math
2125,Union-Find
2125,Sorting
2125,Number Theory
2141,Math
2141,Enumeration
2128,Two Pointers
2128,String
2128,Stack
2129,Array
2129,Hash Table
2129,Math
2129,Counting
2129,Number Theory
2130,String
2130,Dynamic Programming
2130,Backtracking
2130,Bit Manipulation
2130,Bitmask
2131,Array
2131,Dynamic Programming
2131,Tree
2131,Depth-First Search
2131,Union-Find
2152,Database
2153,Math
2153,Dynamic Programming
2153,Tree
2153,Binary Tree
2153,Game Theory
2116,Array
2116,Hash Table
2116,Counting
2117,Array
2117,Hash Table
2117,Greedy
2117,Sorting
2118,Array
2118,Hash Table
2118,Binary Search
2118,Dynamic Programming
2118,Sorting
2119,Array
2119,Hash Table
2119,Binary Search
2119,Sliding Window
2158,Database
2137,Array
2137,String
2137,Simulation
2138,Array
2139,Array
2139,Hash Table
2139,Design
2139,Counting
2139,Data Stream
2140,Hash Table
2140,Two Pointers
2140,String
2140,Backtracking
2140,Counting
2140,Enumeration
2142,Array
2142,Sorting
2142,Heap (Priority Queue)
2142,Prefix Sum
2144,Array
2145,Array
2145,Matrix
2145,Prefix Sum
2146,Array
2146,Matrix
2146,Enumeration
2147,Array
2147,Hash Table
2147,Math
2147,String
2147,Dynamic Programming
2147,Stack
2147,Memoization
2167,Database
2075,Array
2075,Sorting
2075,Prefix Sum
2075,Ordered Set
2132,Array
2132,Matrix
2132,Simulation
2133,Array
2133,Hash Table
2133,String
2133,Counting
2134,String
2134,Binary Search
2134,Sliding Window
2134,Prefix Sum
2135,Array
2135,Hash Table
2135,Counting
2135,Enumeration
2135,Prefix Sum
2172,Database
2154,String
2154,Greedy
2155,Array
2155,Math
2155,Simulation
2156,Array
2156,Math
2156,Greedy
2156,Counting
2156,Game Theory
2157,String
2157,Stack
2157,Greedy
2157,Monotonic Stack
510,Array
510,Hash Table
510,Binary Search
510,Divide and Conquer
510,Binary Indexed Tree
510,Segment Tree
510,Merge Sort
510,Ordered Set
2159,Array
2159,Hash Table
2159,Bit Manipulation
2160,Array
2160,Math
2160,Sorting
2160,Matrix
2161,Hash Table
2161,Design
2161,Heap (Priority Queue)
2161,Data Stream
2161,Ordered Set
2162,Array
2162,Two Pointers
2162,Binary Search
2162,Dynamic Programming
2162,Bit Manipulation
2162,Sorting
2162,Ordered Set
2162,Bitmask
512,Array
512,Dynamic Programming
2148,Array
2148,Greedy
2148,Sorting
2148,Counting Sort
2149,Math
2149,String
2149,Greedy
2149,Game Theory
2151,Array
2151,Breadth-First Search
2151,Graph Theory
2150,Array
2150,Binary Search
2185,Database
2168,String
2169,Array
2169,Hash Table
2169,Design
2169,Simulation
2170,Array
2170,Backtracking
2170,Bit Manipulation
2170,Enumeration
2171,Breadth-First Search
2171,Graph Theory
2171,Shortest Path
1992,Linked List
1992,Two Pointers
1992,Sorting
2173,String
2174,Hash Table
2174,Math
2174,Backtracking
2174,Counting
2174,Enumeration
2175,Array
2175,Tree
2175,Depth-First Search
2175,Binary Tree
2176,Array
2176,Dynamic Programming
2176,Graph Theory
2176,Topological Sort
2194,Database
2082,String
2082,Dynamic Programming
2163,Array
2163,Hash Table
2163,String
2163,Counting
2164,Array
2164,Binary Search
2164,Dynamic Programming
2164,Sorting
2164,Heap (Priority Queue)
2165,Array
2165,String
2165,Binary Search
2165,Prefix Sum
2166,Array
2166,String
2166,Backtracking
2166,Simulation
2181,Array
2182,Linked List
2183,Array
2183,Breadth-First Search
2184,String
2184,Dynamic Programming
2203,Array
2203,Matrix
2203,Simulation
2186,Hash Table
2186,String
2187,Math
2187,String
2187,Dynamic Programming
2187,Combinatorics
2188,Array
2188,Binary Search
2188,Greedy
2189,Array
2189,Backtracking
2189,Graph Theory
2208,Database
2209,Hash Table
2209,String
2209,Sliding Window
2209,Counting
2177,Hash Table
2177,String
2177,Counting
2178,Design
2178,Simulation
2179,Array
2179,Binary Search
2179,Sorting
2180,Array
2180,Two Pointers
2180,Binary Search
2180,Greedy
2180,Queue
2180,Sorting
2180,Monotonic Queue
2214,Database
2195,Array
2195,Queue
2195,Simulation
2196,Linked List
2197,String
2197,Simulation
2198,Union-Find
2198,Graph Theory
2218,Graph Theory
2199,Array
2199,Greedy
1310,Array
1310,Simulation
1294,Array
1294,Hash Table
1294,Binary Search
1294,Design
1294,Segment Tree
2202,Math
2202,Enumeration
2223,Database
2225,Hash Table
2225,Math
2225,String
2225,Counting
2225,Prefix Sum
2224,Database
2190,Array
2190,Hash Table
2190,String
2190,Counting
2191,String
2191,Dynamic Programming
2191,Greedy
2192,Array
2192,Greedy
2193,Array
2193,Dynamic Programming
2193,Matrix
2210,Array
2210,Binary Search
2210,Sorting
2211,Array
2211,Sliding Window
2212,Array
2212,Greedy
2213,Depth-First Search
2213,Breadth-First Search
2213,Union-Find
2213,Graph Theory
2213,Sorting
2230,Graph Theory
2230,Heap (Priority Queue)
2230,Shortest Path
2215,Array
2215,Hash Table
2215,Recursion
2215,Sorting
2215,Enumeration
2216,Linked List
2216,Two Pointers
2217,String
2217,Tree
2217,Depth-First Search
2217,Binary Tree
2201,Array
2201,Depth-First Search
2201,Graph Theory
2201,Eulerian Circuit
2242,Array
2242,Greedy
2242,Sorting
2204,Array
2204,Hash Table
2204,Sorting
2204,Heap (Priority Queue)
2205,Array
2205,Dynamic Programming
2205,Prefix Sum
2206,Array
2206,Math
2206,Depth-First Search
2206,Breadth-First Search
2206,Graph Theory
2206,Geometry
2207,Design
2207,Heap (Priority Queue)
2207,Data Stream
2207,Ordered Set
2226,Hash Table
2226,String
2227,Array
2227,Stack
2227,Monotonic Stack
2228,Array
2228,Two Pointers
2228,Simulation
2229,Array
2229,Binary Search
2229,Sliding Window
2229,Prefix Sum
2247,Array
2247,Hash Table
2247,Sliding Window
2231,Array
2231,Two Pointers
2231,String
2232,Array
2232,Two Pointers
2232,String
2232,Simulation
2233,Array
2233,Math
2233,Two Pointers
2233,Dynamic Programming
2233,Sliding Window
2234,Array
2234,Binary Search
2252,Database
2258,Array
2219,Array
2219,String
2220,Array
2220,Hash Table
2220,String
2220,Graph Theory
2220,Topological Sort
2221,String
2221,Stack
2221,Greedy
2222,Math
2222,Number Theory
2253,Database
2238,Math
2239,String
2239,Simulation
2240,Array
2240,Hash Table
2240,Prefix Sum
2241,Array
2241,Hash Table
2241,Two Pointers
2241,Sorting
2241,Enumeration
2259,Array
2259,Depth-First Search
2259,Graph Theory
2259,Matrix
2243,String
2244,Array
2244,Math
2244,String
2244,Matrix
2245,Array
2245,Greedy
2245,Sorting
2246,Array
2246,Dynamic Programming
2246,Depth-First Search
2246,Graph Theory
2246,Topological Sort
2268,Array
2268,Math
2268,Bit Manipulation
2268,Matrix
2235,String
2236,Linked List
2236,Two Pointers
2236,Stack
2237,Array
2237,Hash Table
2237,String
2237,Greedy
2237,Counting
2200,Array
2200,Greedy
2200,Matrix
2200,Prefix Sum
2254,Array
2254,Hash Table
2254,Matrix
2255,Array
2255,Sliding Window
2256,Array
2256,Hash Table
2256,String
2256,Bit Manipulation
2256,Sorting
2257,Array
2257,Greedy
2257,Sorting
2273,Array
2273,Binary Search
2260,String
2260,Simulation
1303,Math
1303,Greedy
2262,Array
2262,Dynamic Programming
2263,Array
2263,Binary Search
2263,Greedy
2263,Sorting
2281,Database
2282,Array
2282,Dynamic Programming
2248,Array
2248,Greedy
2248,Sorting
2249,Array
2249,Prefix Sum
2250,Array
2250,Breadth-First Search
2250,Sorting
2250,Heap (Priority Queue)
2250,Matrix
2251,Math
2251,String
2251,Dynamic Programming
2269,Array
2269,Sorting
2269,Counting
2271,Array
2271,Two Pointers
2271,Simulation
2270,Array
2270,Hash Table
2270,Counting
2272,Array
2272,Backtracking
2272,Bit Manipulation
2272,Enumeration
2287,Array
2287,Hash Table
2287,Math
2287,Dynamic Programming
2287,Backtracking
2287,Bit Manipulation
2287,Geometry
2287,Bitmask
2296,Database
2274,Array
2274,Hash Table
2274,Sorting
2274,Simulation
2261,Array
2275,String
2275,Sliding Window
2275,Rolling Hash
2275,Hash Function
2276,Array
2276,Hash Table
2276,String
2276,Bit Manipulation
2276,Union-Find
2297,Array
2297,Segment Tree
2297,Ordered Set
2302,Database
2264,Math
2264,Greedy
2264,Sorting
2265,Array
2265,Two Pointers
2265,Simulation
2266,Math
2266,Enumeration
2267,Array
2267,Dynamic Programming
2267,Heap (Priority Queue)
2283,Array
2283,Sorting
2284,Math
2284,Sorting
2285,Array
2285,Hash Table
2285,String
2285,Design
2286,String
2286,Dynamic Programming
2303,Hash Table
2303,String
2303,Rolling Hash
2303,Counting
2303,Hash Function
2288,Math
2288,Simulation
2289,Array
2289,Hash Table
2289,Greedy
2289,Counting
2290,Array
2290,Greedy
2290,Sorting
2290,Enumeration
2290,Prefix Sum
2291,Array
2291,Dynamic Programming
2291,Bit Manipulation
2291,Bitmask
2313,Database
2314,Array
2314,Bit Manipulation
2314,Breadth-First Search
2314,Matrix
2315,Database
2277,Array
2278,Math
2278,Simulation
2279,Math
2279,Backtracking
2279,Greedy
2280,Array
2280,Binary Search
2280,Divide and Conquer
2280,Binary Indexed Tree
2280,Segment Tree
2280,Merge Sort
2280,Ordered Set
2298,Math
2298,Simulation
2299,Linked List
2299,Simulation
2300,Hash Table
2300,String
2300,Greedy
2300,Heap (Priority Queue)
2300,Counting
2301,Array
2301,Hash Table
2301,Math
2301,Counting
2301,Number Theory
2322,Array
2322,Dynamic Programming
2322,Bit Manipulation
2322,Bitmask
2292,Array
2292,String
2292,String Matching
2293,Hash Table
2293,String
2293,Counting
2294,Array
2294,Binary Search
2295,Array
2295,Dynamic Programming
1385,Math
1385,Dynamic Programming
2312,Array
2312,Hash Table
2312,Counting
1333,Array
1333,Sorting
1431,Depth-First Search
1431,Breadth-First Search
1431,Graph Theory
1431,Topological Sort
1356,Two Pointers
1356,String
1356,Greedy
1356,Binary Indexed Tree
2304,String
2305,Array
2305,Math
2305,Greedy
2305,Sorting
2306,Array
2306,Hash Table
2306,Tree
2306,Binary Tree
2307,Array
2307,Math
2307,Stack
2307,Number Theory
1383,Array
1383,Counting
1383,Enumeration
2335,Database
2320,Array
2320,Two Pointers
1312,Array
1312,Hash Table
1312,Simulation
1346,Array
1346,Greedy
2321,Graph Theory
2321,Heap (Priority Queue)
2321,Shortest Path
1347,Depth-First Search
1347,Breadth-First Search
1347,Graph Theory
1347,Topological Sort
2336,Database
2308,Array
2308,Hash Table
2308,Bit Manipulation
2308,Counting
2309,String
2309,Greedy
2309,Prefix Sum
2310,Array
2310,Greedy
2310,Heap (Priority Queue)
2311,String
2311,Dynamic Programming
2311,Prefix Sum
2316,Array
2317,String
2317,Stack
2317,Simulation
2318,Array
2318,Backtracking
2318,Bit Manipulation
2318,Enumeration
2319,Array
2319,String
2319,Segment Tree
2319,Ordered Set
2354,Array
2354,Greedy
1392,Array
1392,Hash Table
1355,Array
1355,Stack
1355,Greedy
1375,Array
1375,Math
1393,Array
1393,Dynamic Programming
1393,Prefix Sum
2369,Array
2369,Prefix Sum
2323,Bit Manipulation
2324,Array
2324,Math
2324,Simulation
2324,Combinatorics
2324,Number Theory
2325,String
2325,Dynamic Programming
2325,Prefix Sum
2326,String
2326,Binary Search
2326,Rolling Hash
2326,Suffix Array
2326,String Matching
2326,Hash Function
2345,String
2345,Greedy
1354,Array
1354,Hash Table
1354,Sorting
1354,Counting
1335,Array
1335,Binary Search
1433,Array
1433,Hash Table
1433,String
1433,Design
1433,Trie
2370,Database
1416,Array
1416,Hash Table
1416,Sorting
2371,Database
2327,Sorting
2327,Heap (Priority Queue)
2328,String
2328,Enumeration
2329,Array
2329,Greedy
2329,Heap (Priority Queue)
2330,Array
2330,Two Pointers
2330,Binary Search
2330,Greedy
2330,Sorting
2330,Enumeration
2330,Prefix Sum
2383,Math
2384,Tree
2384,Binary Tree
2385,Array
2385,Prefix Sum
2376,Database
2350,Array
2351,Math
2351,Enumeration
2352,Array
2352,Greedy
2352,Design
2353,Array
2353,Graph Theory
2353,Sorting
2353,Enumeration
2361,String
2361,Simulation
2362,Array
2362,Hash Table
2362,Greedy
2362,Counting
2363,Array
2363,Matrix
2363,Prefix Sum
2364,Array
2364,String
2364,Tree
2364,Depth-First Search
2364,Graph Theory
2364,Topological Sort
2007,Dynamic Programming
2007,Bit Manipulation
2007,Graph Theory
2007,Bitmask
2331,Array
2331,Hash Table
2331,Sorting
2331,Counting
2332,Array
2332,Hash Table
2332,Math
2332,Geometry
2332,Enumeration
2333,Array
2333,Hash Table
2333,Binary Search
2333,Binary Indexed Tree
2333,Sorting
2334,Array
2334,Hash Table
2334,Binary Search
2334,Sorting
2334,Prefix Sum
2334,Ordered Set
2381,Database
2382,Database
2396,Hash Table
2396,Design
2396,Heap (Priority Queue)
2341,Array
2341,String
2342,Array
2342,Prefix Sum
2343,Array
2343,Matrix
2343,Simulation
2344,Array
2344,Binary Search
2344,Breadth-First Search
2344,Matrix
2337,String
2337,Greedy
2337,Enumeration
2338,Array
2338,Hash Table
2338,Sliding Window
2339,Array
2339,Hash Table
2339,Trie
2339,Rolling Hash
2339,Hash Function
2339,Enumeration
2340,Hash Table
2340,String
2340,Dynamic Programming
1419,Array
1419,Dynamic Programming
1419,Greedy
1419,Heap (Priority Queue)
2346,String
2347,Tree
2347,Depth-First Search
2347,Binary Tree
2348,Hash Table
2348,Math
2348,String
2348,Dynamic Programming
2349,Array
2349,Dynamic Programming
2349,Matrix
2405,Hash Table
2405,String
2405,Greedy
2405,Sorting
2405,Counting
1430,Math
1430,String
1430,Sliding Window
2358,Array
2358,Prefix Sum
2359,Array
2359,Binary Search
2359,Greedy
2359,Sliding Window
2359,Sorting
2359,Prefix Sum
2360,Hash Table
2360,String
2360,Dynamic Programming
2360,Enumeration
1353,Array
1353,Hash Table
1353,String
1353,Sorting
2355,Array
2355,Sorting
2356,Array
2356,Hash Table
2356,Bit Manipulation
2356,Counting
2357,Design
2357,Segment Tree
2357,Ordered Set
2420,Array
2420,Tree
2420,Depth-First Search
2420,Breadth-First Search
2365,String
2366,Array
2366,Greedy
2366,Sorting
2367,Array
2367,Math
2367,Geometry
2367,Sorting
2367,Number Theory
2368,Array
2368,Stack
2368,Monotonic Stack
2368,Prefix Sum
2425,Array
2425,Stack
2425,Matrix
2425,Monotonic Stack
2377,Hash Table
2377,String
2377,Counting
2378,Array
2378,Hash Table
2378,String
2378,Counting
2379,Greedy
2379,Graph Theory
2379,Sorting
2379,Heap (Priority Queue)
2380,Binary Search
2380,Design
2380,Binary Indexed Tree
2380,Segment Tree
2372,Hash Table
2372,String
2372,Counting
2373,String
2374,Array
2374,Linked List
2374,Dynamic Programming
2374,Stack
2374,Monotonic Stack
2374,Simulation
2375,Array
2375,Breadth-First Search
2375,Graph Theory
2375,Heap (Priority Queue)
2375,Matrix
2375,Shortest Path
2426,Array
2426,Dynamic Programming
2431,Database
2386,Array
2386,Simulation
2387,Array
2387,Greedy
2387,Sorting
2388,Array
2388,Hash Table
2388,Simulation
2389,Linked List
2389,String
2389,Stack
2389,Design
2389,Simulation
2389,Doubly-Linked List
2056,Array
2056,Dynamic Programming
2056,Stack
2056,Graph Theory
2056,Monotonic Stack
2056,Shortest Path
2440,Database
2391,String
2392,Array
2392,Two Pointers
2392,Binary Search
2392,Sorting
2393,Array
2393,Hash Table
2393,String
2393,String Matching
2394,Array
2394,Binary Search
2394,Sliding Window
2394,Prefix Sum
1382,Array
1382,Simulation
1394,Array
1394,Dynamic Programming
1394,Matrix
1418,Array
1418,Dynamic Programming
1418,Backtracking
1418,Bit Manipulation
1418,Bitmask
2390,Array
2390,Hash Table
2390,String
2390,Bit Manipulation
2390,Enumeration
2065,Array
2065,String
2065,Depth-First Search
2065,Union-Find
2065,Graph Theory
2441,Database
1363,Hash Table
1363,String
1363,Enumeration
1334,Math
1334,Dynamic Programming
1334,Greedy
1334,Enumeration
2395,String
2395,Dynamic Programming
2395,Greedy
2395,Memoization
1376,Array
1376,Dynamic Programming
1376,Memoization
2399,Dynamic Programming
2399,Tree
2399,Depth-First Search
2399,Binary Tree
2446,Database
2401,String
2403,Depth-First Search
2403,Breadth-First Search
2403,Union-Find
2403,Graph Theory
2402,Array
2402,Math
2402,Bit Manipulation
2404,Dynamic Programming
2404,Memoization
2398,Array
2398,Matrix
2397,Dynamic Programming
1348,Array
1348,Dynamic Programming
2400,Array
2400,Bit Manipulation
2400,Tree
2400,Depth-First Search
2458,Array
2458,Greedy
2458,Sorting
2451,Database
2406,Hash Table
2406,String
2411,Array
2411,Linked List
2411,Matrix
2411,Simulation
2408,Dynamic Programming
2408,Queue
2408,Simulation
2409,Array
2409,Dynamic Programming
2409,Depth-First Search
2409,Breadth-First Search
2409,Graph Theory
2409,Topological Sort
2409,Memoization
2409,Matrix
2452,Database
2468,Two Pointers
2468,String
2416,Tree
2416,Depth-First Search
2416,Binary Tree
2417,Array
2417,Two Pointers
2417,Binary Search
2417,Sorting
2418,Array
2418,Binary Search
2418,Greedy
2418,Sorting
2418,Heap (Priority Queue)
2419,Array
2419,Stack
2419,Union-Find
2419,Monotonic Stack
2412,Array
2412,Greedy
2412,Sorting
2412,Heap (Priority Queue)
2413,Hash Table
2413,Design
2413,Heap (Priority Queue)
2413,Ordered Set
2414,Two Pointers
2414,String
2415,Math
2415,Dynamic Programming
2415,Combinatorics
2415,Number Theory
2453,Database
2474,Array
2474,Greedy
2421,Array
2421,Hash Table
2421,Counting
2473,Array
2473,Hash Table
2473,Sorting
2473,Heap (Priority Queue)
2422,Array
2422,String
2422,Divide and Conquer
2422,Sorting
2422,Heap (Priority Queue)
2422,Radix Sort
2422,Quickselect
2423,Array
2423,Math
2423,Sorting
2423,Heap (Priority Queue)
2423,Number Theory
2485,Array
2485,Stack
2485,Sorting
2485,Monotonic Stack
2484,Database
2433,Array
2433,Hash Table
2433,Counting
2432,Array
2432,Math
2434,Hash Table
2434,Design
2434,Heap (Priority Queue)
2434,Ordered Set
2435,Array
2435,Hash Table
2435,Greedy
2427,Hash Table
2427,String
2427,Bit Manipulation
2427,Counting
2428,Array
2428,Hash Table
2428,Matrix
2428,Simulation
2429,Array
2429,Hash Table
2429,String
2429,Design
2429,Heap (Priority Queue)
2429,Ordered Set
2430,Array
2430,Hash Table
2430,Binary Search
2430,Bit Manipulation
2490,Array
2490,Dynamic Programming
2490,Stack
2490,Monotonic Stack
2495,Database
2436,Array
2436,Hash Table
2436,Greedy
2436,Sorting
2436,Heap (Priority Queue)
2436,Simulation
2437,Array
2437,Math
2437,Binary Search
2437,Greedy
2438,Depth-First Search
2438,Graph Theory
2439,Depth-First Search
2439,Breadth-First Search
2439,Graph Theory
2439,Topological Sort
2500,Array
2500,Dynamic Programming
2501,Database
2447,Array
2447,Hash Table
2447,Sorting
2447,Ordered Set
2448,Array
2448,Hash Table
2448,Math
2448,Counting
2483,Array
2483,Hash Table
2483,Simulation
2450,Array
2450,Math
2450,Greedy
2442,Array
2442,Hash Table
2442,Two Pointers
2442,Enumeration
2445,Array
2445,Hash Table
2445,Tree
2445,Depth-First Search
2445,Breadth-First Search
2445,Union-Find
2445,Graph Theory
2443,Array
2443,Dynamic Programming
2444,Hash Table
2444,String
2444,Dynamic Programming
2506,Array
2506,Union-Find
2506,Graph Theory
2506,Topological Sort
2506,Sorting
2506,Matrix
2515,Database
2454,Array
2454,Matrix
2455,Hash Table
2455,Graph Theory
2456,String
2456,Backtracking
2456,Stack
2456,Greedy
2457,Math
2457,Dynamic Programming
2516,Database
2517,Dynamic Programming
2517,Tree
2517,Depth-First Search
2463,String
2463,Sliding Window
2464,String
2464,Dynamic Programming
2464,Simulation
2465,Array
2465,String
2465,Prefix Sum
2466,Array
2466,Union-Find
2466,Prefix Sum
2466,Ordered Set
2459,Array
2459,Greedy
2475,Hash Table
2475,String
2475,Greedy
2475,Counting
2461,Hash Table
2461,Tree
2461,Depth-First Search
2461,Breadth-First Search
2461,Binary Tree
2462,Array
2462,Sorting
2462,Heap (Priority Queue)
2522,Array
2522,Binary Search
2522,Matrix
2523,Database
2469,Array
2469,Binary Search
2469,Greedy
2469,Sorting
2469,Prefix Sum
2470,String
2470,Stack
2470,Simulation
2471,Array
2471,String
2471,Prefix Sum
2472,Array
2472,Graph Theory
2472,Topological Sort
2472,Matrix
2535,Array
2535,Math
2535,Dynamic Programming
2534,Database
2480,Array
2480,Hash Table
2481,Math
2481,Two Pointers
2481,Brainteaser
2482,Array
2482,Backtracking
2482,Bit Manipulation
2482,Matrix
2482,Enumeration
2449,Array
2449,Binary Search
2449,Queue
2449,Sliding Window
2449,Heap (Priority Queue)
2449,Prefix Sum
2449,Monotonic Queue
2476,Array
2476,Hash Table
2476,String
2477,Math
2477,Dynamic Programming
2477,Combinatorics
2478,Array
2478,Bit Manipulation
2478,Sliding Window
2479,Array
2479,Hash Table
2479,Sorting
2479,Heap (Priority Queue)
2479,Simulation
2537,Array
2537,Dynamic Programming
2537,Bit Manipulation
2537,Bitmask
2486,Array
2486,Hash Table
2486,Counting
2487,Hash Table
2487,String
2487,Greedy
2488,Array
2488,Two Pointers
2488,Greedy
2488,Sorting
2488,Heap (Priority Queue)
2488,Prefix Sum
2526,Array
2526,Divide and Conquer
2526,Dynamic Programming
2526,Binary Indexed Tree
2526,Segment Tree
2526,Queue
2526,Monotonic Queue
2555,Array
2555,Hash Table
2555,String
2555,Design
2496,Math
2496,String
2497,Array
2497,Two Pointers
2497,Greedy
2497,Sorting
2498,Array
2498,Binary Search
2498,Bit Manipulation
2498,Sliding Window
2499,Array
2499,Greedy
2499,Sorting
2491,Math
2491,Number Theory
2492,String
2493,Tree
2493,Depth-First Search
2493,Breadth-First Search
2493,Binary Tree
2494,Array
2494,String
2494,Trie
2494,Counting
2560,Math
2560,Enumeration
2502,Array
2502,Hash Table
2502,String
2502,Sorting
2503,Array
2503,Bit Manipulation
2503,Brainteaser
2504,Array
2504,Dynamic Programming
2504,Prefix Sum
2505,Array
2505,Hash Table
2505,Tree
2505,Union-Find
2505,Graph Theory
2505,Sorting
2565,Array
2565,Two Pointers
2565,Greedy
2532,Hash Table
2532,String
2532,Counting
2512,Hash Table
2512,Binary Search
2512,Union-Find
2512,Design
2512,Binary Indexed Tree
2512,Segment Tree
2512,Heap (Priority Queue)
2512,Ordered Set
2533,Array
2533,Bit Manipulation
2533,Brainteaser
2513,Array
2513,Binary Search
2513,Divide and Conquer
2513,Binary Indexed Tree
2513,Segment Tree
2513,Merge Sort
2513,Ordered Set
2507,Math
2507,Enumeration
2507,Number Theory
2508,Array
2508,Matrix
2508,Prefix Sum
2509,Greedy
2509,Bit Manipulation
2510,String
2510,Dynamic Programming
2510,Rolling Hash
2510,String Matching
2510,Hash Function
2570,Array
2570,Dynamic Programming
2518,Array
2519,Array
2519,Bit Manipulation
2520,Hash Table
2520,String
2520,Stack
2520,Greedy
2521,Array
2521,Dynamic Programming
2521,Matrix
2579,Array
2579,Math
2579,Dynamic Programming
2579,Greedy
2579,Number Theory
2528,String
2528,Enumeration
2529,Array
2529,Bit Manipulation
2529,Prefix Sum
2530,Array
2530,Binary Search
2530,Dynamic Programming
2530,Greedy
2530,Prefix Sum
2531,Array
2531,Math
2531,Tree
2531,Depth-First Search
2531,Enumeration
2524,Array
2524,Hash Table
2524,Two Pointers
2524,Sorting
2525,Array
2525,Hash Table
2525,Math
2525,Counting
2541,Math
2541,Enumeration
2527,Array
2527,Queue
2527,Sliding Window
2527,Monotonic Queue
2584,Array
2584,Tree
2584,Depth-First Search
2584,Breadth-First Search
2584,Binary Tree
2536,Array
2536,String
2546,Array
2546,Math
2546,Number Theory
2538,Array
2538,Binary Search
2538,Greedy
2538,Sorting
2538,Prefix Sum
2539,Array
2539,Greedy
2539,Sorting
2593,Math
2593,String
2547,Array
2547,Hash Table
2547,String
2550,Array
2550,String
2550,Trie
2548,Array
2548,Hash Table
2548,Counting
2549,Array
2549,Binary Search
2549,Stack
2549,Sorting
2549,Heap (Priority Queue)
2549,Monotonic Stack
2542,Array
2542,Math
2543,Array
2543,Hash Table
2543,String
2543,Sorting
2543,Heap (Priority Queue)
2544,Math
2544,Greedy
2545,Array
2545,Tree
2545,Depth-First Search
2545,Breadth-First Search
2545,Binary Tree
2489,Array
2489,Hash Table
2489,Sorting
2551,Array
2551,Two Pointers
2551,Simulation
2552,Array
2552,Hash Table
2552,Sliding Window
2553,Array
2553,Two Pointers
2553,Heap (Priority Queue)
2553,Simulation
2554,Array
2554,Dynamic Programming
2554,Sorting
2607,Array
2607,Math
2607,Dynamic Programming
2607,Number Theory
2561,Array
2561,Hash Table
2561,Two Pointers
2561,Sorting
2562,Dynamic Programming
2564,Array
2564,Tree
2564,Depth-First Search
2564,Breadth-First Search
2564,Graph Theory
2563,String
2563,Enumeration
2556,Math
2557,Array
2557,Math
2557,Number Theory
2558,Tree
2558,Breadth-First Search
2558,Binary Tree
2559,Two Pointers
2559,String
2559,Dynamic Programming
2559,Greedy
2612,Array
2612,Graph Theory
2612,Heap (Priority Queue)
2612,Shortest Path
2613,Database
2566,Array
2566,Hash Table
2566,Sorting
2567,Array
2567,Binary Search
2567,Tree
2567,Depth-First Search
2567,Binary Search Tree
2567,Binary Tree
2568,Tree
2568,Depth-First Search
2568,Breadth-First Search
2568,Graph Theory
2569,String
2569,Dynamic Programming
2569,Prefix Sum
2623,Tree
2623,Depth-First Search
2623,Graph Theory
2623,Trie
2622,Database
2575,Math
2575,Geometry
2606,Array
2606,Matrix
2606,Simulation
2576,String
2576,Prefix Sum
2577,String
2577,Dynamic Programming
2571,Math
2571,Prefix Sum
2572,Two Pointers
2572,String
2572,Greedy
2573,Linked List
2573,Stack
2573,Recursion
2573,Monotonic Stack
2574,Array
2574,Hash Table
2574,Prefix Sum
2629,Hash Table
2629,Math
2629,String
2629,Prefix Sum
2580,String
2581,Array
2581,Hash Table
2581,Two Pointers
2581,Sorting
2582,Depth-First Search
2582,Breadth-First Search
2582,Union-Find
2582,Graph Theory
2583,Depth-First Search
2583,Breadth-First Search
2583,Union-Find
2583,Graph Theory
2637,Database
2638,Array
2638,Math
2638,Dynamic Programming
2589,Array
2589,String
2590,Array
2590,Greedy
2590,Graph Theory
2590,Sorting
2590,Heap (Priority Queue)
2591,Array
2591,Binary Search
2591,Greedy
2592,Array
2592,Hash Table
2592,Greedy
2592,Counting
2585,Array
2585,Sorting
2585,Heap (Priority Queue)
2585,Matrix
2585,Simulation
2586,Array
2586,Hash Table
2586,Binary Search
2586,Dynamic Programming
2586,Sorting
2587,Array
2587,Hash Table
2587,Design
2587,Simulation
2588,Array
2588,Two Pointers
2588,Breadth-First Search
2588,Union-Find
2588,Sorting
2588,Heap (Priority Queue)
2588,Matrix
2643,Database
2644,Array
2644,Math
2644,Bit Manipulation
2644,Brainteaser
2644,Prefix Sum
2594,Array
2594,Hash Table
2594,String
2594,Bit Manipulation
2594,Counting
2595,Math
2595,Simulation
2595,Number Theory
2596,Hash Table
2596,Graph Theory
2597,Array
2597,Tree
2597,Binary Tree
2653,Array
2653,Dynamic Programming
2653,Matrix
2602,Array
2602,Two Pointers
2603,Array
2603,Hash Table
2603,String
2603,Sorting
2603,Heap (Priority Queue)
2628,Math
2628,Binary Search
2628,Number Theory
2605,Hash Table
2605,Math
2605,String
2605,Combinatorics
2605,Counting
2598,Array
2598,String
2599,Hash Table
2599,String
2599,Sliding Window
2600,Array
2600,Binary Search
2600,Greedy
2600,Sorting
2601,Array
2601,Dynamic Programming
2658,Array
2658,Binary Search
2658,Divide and Conquer
2658,Binary Indexed Tree
2658,Segment Tree
2658,Merge Sort
2658,Ordered Set
2608,Math
2609,Array
2609,Hash Table
2609,Math
2609,Number Theory
2511,String
2511,Dynamic Programming
2511,Greedy
2610,Math
2610,Number Theory
2667,Array
2667,Hash Table
2667,Math
2667,Stack
2667,Sliding Window
2619,Math
2620,Hash Table
2620,Design
2620,Queue
2620,Counting
2620,Data Stream
2621,Array
2621,Math
2621,Bit Manipulation
2618,Array
2618,Binary Search
2618,Greedy
2618,Queue
2618,Sliding Window
2618,Prefix Sum
2614,Array
2614,Binary Search
2614,Counting
2616,Array
2616,Greedy
2616,Heap (Priority Queue)
2615,Hash Table
2615,String
2615,Counting
2642,Array
2642,Heap (Priority Queue)
2642,Simulation
2672,Dynamic Programming
2617,Array
2617,Queue
2617,Simulation
2624,Array
2624,Math
2625,Array
2625,Matrix
2625,Prefix Sum
2626,Array
2626,Hash Table
2626,Sliding Window
2627,Array
2627,Dynamic Programming
2627,Tree
2627,Depth-First Search
2683,Hash Table
2683,Math
2683,String
2683,Combinatorics
2683,Counting
2634,Array
2634,Hash Table
2634,Two Pointers
2634,Binary Search
2604,Array
2604,Math
2604,Greedy
2636,Array
2636,Greedy
2636,Sorting
2636,Heap (Priority Queue)
2635,Math
2635,Number Theory
2630,Math
2631,Array
2631,Sorting
2631,Matrix
2632,String
2632,Bit Manipulation
2633,Array
2633,Hash Table
2633,Dynamic Programming
2633,Counting
2693,Array
2693,Greedy
2693,Sorting
2679,Array
2679,Hash Table
2679,Math
2679,Simulation
2680,Math
2680,Recursion
2681,Array
2681,Greedy
2681,Sorting
2681,Heap (Priority Queue)
2682,Array
2682,Dynamic Programming
2682,Binary Indexed Tree
2682,Enumeration
2682,Prefix Sum
2639,Array
2639,Simulation
2640,Array
2640,Hash Table
2640,Binary Search
2640,Greedy
2640,Sorting
2673,Array
2673,Binary Search
2673,Sliding Window
2641,Array
2641,Dynamic Programming
2641,Depth-First Search
2641,Breadth-First Search
2641,Matrix
2702,Array
2702,Binary Search
2702,Greedy
2702,Sorting
2692,Array
2692,Heap (Priority Queue)
2692,Simulation
2691,Array
2691,String
2691,Prefix Sum
2690,Array
2690,Binary Search
2690,Dynamic Programming
2690,Greedy
2689,Array
2689,Hash Table
2689,Greedy
2689,Sort
2698,Array
2698,Two Pointers
2698,Simulation
2699,Array
2699,Two Pointers
2699,Binary Search
2699,Sorting
2700,Array
2700,Hash Table
2700,String
2700,Bit Manipulation
2701,Two Pointers
2701,String
2701,Binary Search
2704,Math
2704,Greedy
2706,Array
2706,Greedy
2706,Sorting
2705,Array
2705,Bit Manipulation
2705,Brainteaser
2703,Array
2703,Segment Tree
2707,Array
2707,Hash Table
2707,Two Pointers
2710,Dynamic Programming
2710,Greedy
2710,Bit Manipulation
2709,Array
2709,Math
2709,Dynamic Programming
2709,Bit Manipulation
2709,Number Theory
2709,Bitmask
2708,Array
2708,String
2708,Dynamic Programming
2708,Greedy
2708,Union-Find
2708,Matrix
2714,Array
2714,Prefix Sum
2713,Array
2713,Math
2713,String
2712,Array
2712,Two Pointers
2712,Binary Search
2712,Greedy
2712,Sorting
2711,Array
2711,Breadth-First Search
2711,Graph Theory
2711,Heap (Priority Queue)
2711,Matrix
2711,Shortest Path
2650,Math
2650,Greedy
2650,Sorting
2649,Math
2651,Array
2651,Sorting
2652,Array
2652,Hash Table
2652,Dynamic Programming
2652,Tree
2652,Depth-First Search
2645,Math
2645,Simulation
2646,Tree
2646,Breadth-First Search
2646,Sorting
2646,Binary Tree
2647,Array
2647,Hash Table
2647,Math
2647,Number Theory
2648,Array
2648,Dynamic Programming
2654,Array
2654,String
2654,Counting
2655,Array
2655,Greedy
2655,Sorting
2655,Prefix Sum
2656,Array
2656,Hash Table
2656,Bit Manipulation
2656,Prefix Sum
2657,Array
2657,Binary Search
2657,Stack
2657,Greedy
2657,Sorting
2688,Array
2688,Hash Table
2688,String
2688,Design
2688,Sorting
2663,Math
2663,Greedy
2664,Array
2664,Two Pointers
2664,Greedy
2664,Sorting
2695,Array
2695,Hash Table
2695,Sorting
2695,Heap (Priority Queue)
2695,Simulation
2665,Array
2665,Binary Search
2659,Bit Manipulation
2662,Array
2662,Depth-First Search
2662,Breadth-First Search
2662,Matrix
2662,Simulation
2696,Array
2696,Hash Table
2696,Math
2696,Dynamic Programming
2696,Backtracking
2696,Sorting
2696,Combinatorics
2661,Array
2661,Hash Table
2661,Math
2661,Greedy
2674,Array
2674,Greedy
2674,Heap (Priority Queue)
2715,Math
2715,Greedy
2716,Array
2716,Math
2716,Binary Search
2716,Greedy
2716,Number Theory
2718,Array
2718,Binary Search
2718,Sorting
2718,Prefix Sum
2717,Array
2717,Tree
2717,Graph Theory
2717,Topological Sort
2666,Array
2666,Two Pointers
2666,Binary Search
2666,Sorting
2668,Array
2668,Hash Table
2668,Enumeration
2669,Array
2669,Hash Table
2669,String
2669,Dynamic Programming
2670,Array
2670,Math
2670,Greedy
2670,Sorting
2670,Number Theory
2671,Breadth-First Search
2671,Graph Theory
2723,String
2724,Array
2724,Hash Table
2725,Array
2725,Greedy
2725,Sorting
2725,Heap (Priority Queue)
2726,Array
2726,Hash Table
2726,Breadth-First Search
2726,Union-Find
2726,Ordered Set
2719,Array
2719,Math
2719,Divide and Conquer
2719,Geometry
2719,Sorting
2719,Ordered Set
2722,Array
2722,Math
2722,Matrix
2722,Number Theory
2721,Array
2721,Hash Table
2721,Prefix Sum
2720,Array
2720,Binary Search
2720,Dynamic Programming
2720,Greedy
2720,Sorting
2697,Array
2697,Dynamic Programming
2697,Stack
2697,Breadth-First Search
2697,Union-Find
2697,Heap (Priority Queue)
2697,Matrix
2697,Monotonic Stack
2758,
2734,
2732,
2733,
2762,
2731,
2760,
2759,
2761,
2743,
2735,
2741,
2744,
2742,
2740,
2745,
2746,
2747,
2750,
2749,
2738,Array
2738,Math
2738,Dynamic Programming
2738,Sorting
2738,Combinatorics
2675,Array
2675,Matrix
2676,Array
2676,Prefix Sum
2677,Hash Table
2677,Tree
2677,Depth-First Search
2677,Breadth-First Search
2677,Binary Tree
2678,Graph Theory
2678,Design
2678,Heap (Priority Queue)
2678,Shortest Path
2737,Array
2737,Matrix
2694,Array
2736,String
2736,Dynamic Programming
2736,Stack
2736,Greedy
2739,Array
2739,Dynamic Programming
2739,Tree
2739,Depth-First Search
2739,Graph Theory
2540,Array
2540,Math
2775,
2783,
2788,
2748,Math
2752,Math
2751,Array
2751,Hash Table
2751,Sliding Window
2753,Array
2753,Math
2753,Number Theory
2815,Array
2815,Sorting
2767,Array
2767,Greedy
2766,Array
2766,Hash Table
2766,Bit Manipulation
2764,Array
2764,Depth-First Search
2764,Breadth-First Search
2764,Union-Find
2764,Matrix
2765,Array
2765,Binary Search
2765,Greedy
2765,Binary Indexed Tree
2765,Segment Tree
2765,Sorting
2765,Ordered Set
2684,Array
2684,Simulation
2685,Array
2685,Hash Table
2685,Matrix
2686,Array
2686,Graph Theory
2686,Heap (Priority Queue)
2686,Shortest Path
2687,String
2687,Greedy
2823,Array
2823,Backtracking
2823,Matrix
2789,
2796,
2809,
2829,Database
2830,Database
2777,Array
2777,Hash Table
2778,Hash Table
2778,Design
2779,Array
2780,Array
2780,Dynamic Programming
2780,Greedy
2780,Tree
2780,Binary Tree
2835,Linked List
2835,Two Pointers
2769,
2771,
2798,
2727,Array
2727,String
2728,Array
2728,Sorting
2728,Heap (Priority Queue)
2728,Matrix
2728,Simulation
2730,Array
2730,Greedy
2730,Bit Manipulation
2730,Prefix Sum
2784,Array
2784,Math
2784,Dynamic Programming
2784,Sorting
2784,Prefix Sum
2791,Array
2791,Hash Table
2791,Simulation
2792,Array
2792,Bit Manipulation
2794,Array
2794,Dynamic Programming
2794,Matrix
2793,Depth-First Search
2793,Breadth-First Search
2793,Union-Find
2793,Graph Theory
2840,Database
2841,Database
2842,Database
2843,Tree
2843,Depth-First Search
2843,Binary Tree
2772,
2773,
2776,
2790,
2797,
2805,
2800,String
2800,Stack
2800,Simulation
2816,Two Pointers
2816,String
2816,Greedy
2802,Math
2802,Backtracking
2803,Graph Theory
2803,Heap (Priority Queue)
2803,Shortest Path
2774,
2853,Database
2729,Array
2729,Binary Search
2820,
2813,
2804,
2756,Array
2756,Greedy
2756,Sorting
2755,Array
2755,Hash Table
2755,String
2755,Dynamic Programming
2755,Trie
2754,Array
2754,Dynamic Programming
2754,Backtracking
2754,Greedy
2754,Bit Manipulation
2754,Sorting
2754,Enumeration
2827,Array
2827,Math
2827,Union-Find
2827,Number Theory
2819,String
2801,Array
2801,Hash Table
2801,Matrix
2817,String
2817,Dynamic Programming
2817,Greedy
2818,Array
2818,Hash Table
2818,Binary Search
2818,Dynamic Programming
2818,Memoization
2818,Sorting
2818,Matrix
2818,Ordered Set
2865,Graph Theory
2865,Heap (Priority Queue)
2865,Shortest Path
2821,
2825,Hash Table
2825,String
2785,Array
2785,Simulation
2838,Array
2838,Hash Table
2757,Math
2757,String
2757,Dynamic Programming
2874,Database
2807,
2858,
2859,
2860,
2862,
2863,
2864,
2875,Array
2875,Interactive
2824,Hash Table
2824,Math
2786,String
2786,Sliding Window
2787,Array
2787,Brainteaser
2787,Sorting
2787,Prefix Sum
2826,Array
2826,Hash Table
2826,Bit Manipulation
2826,Matrix
2836,Array
2836,Sorting
2828,String
2828,Greedy
2810,Array
2810,Enumeration
2839,Array
2839,Binary Search
2839,Stack
2839,Binary Indexed Tree
2839,Segment Tree
2839,Sorting
2839,Monotonic Stack
2880,Array
2880,Graph Theory
2880,Heap (Priority Queue)
2880,Shortest Path
2885,Database
2857,Math
2857,Simulation
2845,Array
2845,Sorting
2848,Array
2848,Dynamic Programming
2848,Bit Manipulation
2848,Bitmask
2808,Array
2808,Dynamic Programming
2890,Hash Table
2890,String
2890,Sliding Window
2847,Array
2847,Hash Table
2847,String
2847,Simulation
2850,Math
2850,Dynamic Programming
2850,Greedy
2850,Brainteaser
2854,Array
2854,String
2854,Dynamic Programming
2833,Array
2833,Hash Table
2833,Sliding Window
2833,Sorting
2831,Array
2831,Hash Table
2831,Math
2831,Counting
2831,Number Theory
2837,Bit Manipulation
2837,Brainteaser
2837,Enumeration
2867,Array
2867,Math
2867,Dynamic Programming
2846,Array
2846,Stack
2846,Sorting
2846,Simulation
2852,Database
2897,
2770,
2795,
2806,
2814,
2822,
2851,
2866,Array
2866,Sliding Window
2873,Array
2873,Math
2873,Enumeration
2873,Number Theory
2868,Array
2868,Queue
2868,Sliding Window
2868,Heap (Priority Queue)
2868,Ordered Set
2868,Monotonic Queue
2849,Array
2849,Hash Table
2849,Enumeration
2918,Stack
2918,Tree
2918,Depth-First Search
2918,Binary Tree
2870,Array
2870,Enumeration
2834,Array
2834,Hash Table
2834,Sorting
2834,Simulation
2883,Hash Table
2883,String
2883,Dynamic Programming
2883,Backtracking
2889,Array
2889,Hash Table
2889,Enumeration
2812,Math
2855,Array
2855,Dynamic Programming
2869,Array
2869,Dynamic Programming
2878,Array
2878,Prefix Sum
2944,Tree
2944,Depth-First Search
2944,Breadth-First Search
2944,Binary Tree
2768,
2781,
2782,
2799,
2844,Array
2844,Enumeration
2891,Array
2891,Binary Search
2891,Sliding Window
2891,Sorting
2888,Array
2888,Hash Table
2888,Sorting
2884,Array
2884,Hash Table
2884,String
2884,Sliding Window
2995,Union-Find
2995,Interactive
2995,Counting
3002,Database
2892,Array
2892,Hash Table
2892,Sorting
2887,String
2887,Sorting
2893,Array
2893,Dynamic Programming
2882,Dynamic Programming
2881,Array
2881,String
2872,Array
2872,Greedy
2919,Array
2919,Math
2919,Binary Search
2919,Greedy
2919,Sorting
2905,Hash Table
2905,Bit Manipulation
2905,Tree
2905,Depth-First Search
3016,Divide and Conquer
3016,Tree
3016,Depth-First Search
3016,Binary Tree
3003,
2861,
2898,
2899,
2900,
2876,Array
2856,Array
2856,Hash Table
2856,Sliding Window
2877,String
2877,Greedy
2877,Enumeration
2921,String
2921,Dynamic Programming
3030,Math
3030,String
3030,Bit Manipulation
2901,
2907,
2908,
2955,Math
2903,Linked List
2903,Math
2903,Number Theory
2920,Array
2920,Hash Table
2952,Array
2952,Dynamic Programming
2952,Sorting
2886,String
2886,Simulation
2916,Array
2916,Dynamic Programming
2916,Greedy
2914,Array
2914,Binary Search
2914,Breadth-First Search
2914,Union-Find
2914,Heap (Priority Queue)
2914,Matrix
2894,Array
2894,Hash Table
2894,Stack
2894,Greedy
2894,Sorting
2894,Heap (Priority Queue)
3043,Array
3043,Breadth-First Search
3043,Matrix
2902,Array
2902,Hash Table
2871,Linked List
2871,Math
2871,Stack
3000,Array
3000,Binary Search
3000,Ordered Set
3001,Array
3001,Math
3001,Stack
3001,Greedy
3001,Sorting
3001,Monotonic Stack
3001,Number Theory
3077,Array
3077,Binary Search
3077,Sorting
3077,Prefix Sum
3078,
2909,
2925,
2912,
2917,Array
2917,Two Pointers
2917,Binary Search
2917,Sorting
3018,Two Pointers
3018,String
2904,Array
2904,Binary Search
2904,Dynamic Programming
3017,Math
3017,Dynamic Programming
2977,Array
2977,String
2811,Math
2811,Greedy
2979,Array
2979,Hash Table
2979,Binary Search
2979,Dynamic Programming
2979,Sorting
2832,Array
2832,Hash Table
2832,Binary Search
2832,Sliding Window
3088,Array
3088,Stack
3088,Monotonic Stack
3019,String
3019,Counting
3026,Math
3026,Greedy
3025,Array
3025,Greedy
3025,Bit Manipulation
3032,Array
3032,Dynamic Programming
3032,Bit Manipulation
3097,Database
3101,Array
3101,Two Pointers
3101,Binary Search
3101,Sorting
3101,Prefix Sum
2999,String
2978,Hash Table
2978,String
2978,Sorting
2954,Array
2954,Hash Table
2954,Sliding Window
3057,Hash Table
3057,Math
3057,String
3057,Greedy
3057,Sorting
3057,Combinatorics
2998,Math
2998,Enumeration
3046,Math
3046,String
3046,Greedy
3046,Enumeration
2915,Array
2915,Hash Table
2915,Prefix Sum
3079,Array
3079,Dynamic Programming
3079,Bit Manipulation
3079,Tree
3079,Depth-First Search
3111,Math
3111,Greedy
3034,Array
3034,Hash Table
3034,Prefix Sum
3056,Math
3092,Array
3092,Dynamic Programming
3092,Backtracking
3092,Bit Manipulation
3092,Matrix
3092,Bitmask
3024,Math
3024,String
3024,Dynamic Programming
3024,String Matching
3148,Array
3148,Hash Table
3148,Depth-First Search
3148,Breadth-First Search
3148,Union-Find
3148,Matrix
3155,Database
3156,Database
3045,Array
3081,Array
3081,Hash Table
3081,Two Pointers
3081,Binary Search
3081,Greedy
3081,Counting
2953,Array
2953,Hash Table
2953,Bit Manipulation
3105,Dynamic Programming
3105,Depth-First Search
3105,Breadth-First Search
3105,Graph Theory
3093,Array
3093,Bit Manipulation
3104,Array
3104,Sorting
3104,Enumeration
3095,Array
3095,Binary Search
3047,Array
3047,Math
3047,Number Theory
3158,Array
3158,Stack
3158,Sorting
3158,Monotonic Stack
3055,Math
3055,String
3055,Greedy
3114,Array
3114,Stack
3114,Monotonic Stack
3113,Array
3113,Stack
3113,Monotonic Stack
3112,Math
3112,Dynamic Programming
3112,Tree
3112,Depth-First Search
3112,Number Theory
3173,Array
3173,Math
3173,Two Pointers
3173,String
3173,Greedy
3173,Game Theory
3044,Array
3044,Hash Table
3044,Bit Manipulation
3094,Array
3094,Hash Table
3094,Greedy
3094,Counting
3080,Array
3080,Greedy
3080,Bit Manipulation
3058,Tree
3058,Depth-First Search
3154,Array
3152,Array
3141,Array
3141,Hash Table
3141,Sliding Window
3141,Prefix Sum
3140,Dynamic Programming
3140,Depth-First Search
3140,Graph Theory
3140,Topological Sort
3140,Memoization
3062,
3076,
3065,
3074,
3066,
3071,
3075,
3067,
3068,
3069,
3070,
3064,
3072,
3073,
3063,
3177,Array
3177,Dynamic Programming
3177,Greedy
3160,Database
3172,Math
3151,Array
3151,Greedy
3151,Sorting
3033,String
3033,Dynamic Programming
3153,Array
3153,Hash Table
3153,Greedy
3153,Bit Manipulation
3182,Array
3182,Hash Table
3164,Array
3164,Simulation
3143,Array
3143,String
3143,Dynamic Programming
3143,Greedy
3142,Array
3142,String
3142,Dynamic Programming
3091,Array
3091,Hash Table
3091,Dynamic Programming
3091,Sliding Window
3165,Array
3165,Two Pointers
3150,String
3150,Sliding Window
3170,Array
3170,Two Pointers
3031,Array
3031,Matrix
3031,Prefix Sum
3187,Array
3187,Binary Indexed Tree
3187,Segment Tree
3176,Array
3186,Array
3166,Array
3166,Hash Table
3166,Greedy
2879,Two Pointers
2879,String
2879,Dynamic Programming
3198,Math
3198,Dynamic Programming
3198,Combinatorics
3163,Array
3163,Hash Table
3163,Segment Tree
3174,String
3106,Array
3106,Dynamic Programming
3139,Array
3139,Hash Table
3139,Binary Indexed Tree
3139,Segment Tree
3183,Array
3183,Bit Manipulation
3171,Array
3171,Greedy
3178,Array
3178,Dynamic Programming
3179,Array
3179,Dynamic Programming
3179,Bit Manipulation
3179,Tree
3179,Depth-First Search
3179,Memoization
3204,Array
3204,Binary Indexed Tree
3204,Segment Tree
3205,Database
3188,Array
3188,Matrix
3189,Graph Theory
3191,Dynamic Programming
3191,Tree
3191,Depth-First Search
3184,Array
3184,Binary Search
3184,Dynamic Programming
3184,Binary Indexed Tree
3184,Segment Tree
3216,Math
3216,Combinatorics
3199,Math
3199,Combinatorics
3199,Enumeration
3201,Math
3201,Combinatorics
3201,Enumeration
3200,Math
3200,Dynamic Programming
3200,Combinatorics
3107,Array
3107,Greedy
3107,Sorting
3107,Heap (Priority Queue)
3107,Matrix
3193,Array
3193,Hash Table
3193,Bit Manipulation
3193,Trie
3193,Sliding Window
3202,Array
3202,Hash Table
3202,String
3202,Sorting
3190,Array
3190,Enumeration
3197,Array
3197,Hash Table
3197,Bit Manipulation
3197,Trie
3197,Sliding Window
3222,Array
3222,Binary Search
3222,Interactive
3207,String
3195,Two Pointers
3195,String
3195,Greedy
3192,Math
3192,Greedy
3192,Bit Manipulation
3181,Array
3181,Binary Search
3181,Stack
3181,Binary Indexed Tree
3181,Segment Tree
3181,Heap (Priority Queue)
3181,Monotonic Stack
3232,Array
3232,Math
3232,Binary Search
3232,Number Theory
3194,Array
3194,String
3214,Array
3214,Sorting
3209,Array
3209,Dynamic Programming
3209,Queue
3209,Heap (Priority Queue)
3209,Monotonic Queue
3211,Array
3211,Binary Search
3211,Dynamic Programming
3211,Stack
3211,Queue
3211,Monotonic Stack
3211,Prefix Sum
3211,Monotonic Queue
3215,Array
3215,Math
3215,Matrix
3215,Simulation
3210,Hash Table
3210,Math
3210,String
3210,Enumeration
3210,Number Theory
3210,Prefix Sum
3219,Array
3219,Union-Find
3219,Sorting
3208,Hash Table
3208,Math
3208,String
3208,Number Theory
3208,Prefix Sum
3237,Hash Table
3237,String
3237,Counting
3237,Prefix Sum
3221,Array
3221,Enumeration
3231,Array
3231,Greedy
3231,Sorting
3223,Hash Table
3223,String
3223,Sliding Window
3224,Array
3224,Math
3224,Combinatorics
3247,Array
3247,Hash Table
3247,String
3247,Counting
3247,Prefix Sum
3206,Array
3206,Hash Table
3230,String
3230,Dynamic Programming
3230,Greedy
3225,Array
3225,Hash Table
3225,Sliding Window
3217,Bit Manipulation
3217,Graph Theory
3217,Heap (Priority Queue)
3217,Enumeration
3217,Shortest Path
3220,Array
3220,Simulation
3220,Counting
3234,Array
3234,Math
3234,Simulation
3213,Array
3213,Sliding Window
3212,Array
3212,Hash Table
3212,Math
3212,Combinatorics
3254,Array
3254,Hash Table
3227,Array
3227,Hash Table
3227,Math
3227,Matrix
3241,Array
3241,Greedy
3241,Sorting
3229,Array
3229,Math
3229,Binary Search
3229,Greedy
3229,Sorting
3196,Array
3196,Binary Search
3196,Sliding Window
3196,Sorting
3196,Prefix Sum
3268,Array
3268,Dynamic Programming
3268,Queue
3268,Heap (Priority Queue)
3268,Monotonic Queue
3252,Array
3252,Two Pointers
3252,Binary Search
3252,Enumeration
3262,Array
3262,Greedy
3262,Sorting
3262,Prefix Sum
3248,Array
3248,Two Pointers
3248,Binary Search
3218,Dynamic Programming
3218,Tree
3218,Depth-First Search
3218,Sorting
3218,Heap (Priority Queue)
3226,Array
3226,Sorting
3226,Heap (Priority Queue)
3226,Simulation
3250,Array
3250,Hash Table
3250,Enumeration
3235,Array
3235,String
3235,Graph Theory
3235,Shortest Path
3238,Array
3238,String
3238,Dynamic Programming
3238,Graph Theory
3238,Trie
3238,Shortest Path
3253,Database
3273,Math
3273,Dynamic Programming
3273,Number Theory
3246,Array
3246,Bit Manipulation
3267,Hash Table
3267,String
3267,Binary Search
3267,Sliding Window
3267,Counting
3266,Hash Table
3266,String
3266,Binary Search
3266,Sliding Window
3266,Counting
3203,Array
3203,Hash Table
3203,String
3203,Prefix Sum
3281,Database
3282,Database
3283,Database
3284,Database
3285,Database
3286,Database
3287,Database
3288,Database
3294,Array
3294,Math
3294,Dynamic Programming
3294,Backtracking
3294,Bit Manipulation
3294,Number Theory
3294,Bitmask
3300,Database
3301,Database
3302,Database
3236,Array
3236,Hash Table
3236,Sorting
3249,Array
3249,Bit Manipulation
3239,Dynamic Programming
3239,Breadth-First Search
3239,Memoization
3243,Math
3243,String
3243,Dynamic Programming
3251,Array
3270,Math
3270,Enumeration
3228,Array
3228,Hash Table
3228,Greedy
3233,String
3233,Dynamic Programming
3233,Bit Manipulation
3233,Bitmask
3304,Array
3304,Dynamic Programming
3304,Tree
3304,Depth-First Search
3242,Array
3242,Hash Table
3242,Counting
3245,Two Pointers
3245,String
3245,Binary Search
3245,Rolling Hash
3245,String Matching
3245,Hash Function
3240,Math
3240,Binary Search
3240,Dynamic Programming
3240,Bit Manipulation
3303,Two Pointers
3303,String
3303,Binary Search
3303,Rolling Hash
3303,String Matching
3303,Hash Function
3315,Array
3315,Hash Table
3315,Math
3315,Binary Indexed Tree
3315,Geometry
3315,Sweep Line
3315,Sorting
3263,Array
3263,Sorting
3263,Enumeration
3291,Array
3291,Bit Manipulation
3291,Sorting
3244,Array
3244,Math
3244,Greedy
3244,Number Theory
3260,Array
3260,Hash Table
3260,Sliding Window
3260,Heap (Priority Queue)
3275,Math
3275,String
3275,Greedy
3271,Breadth-First Search
3271,Graph Theory
3271,Prefix Sum
3276,Hash Table
3276,String
3276,Greedy
3276,Sorting
3276,Counting
3310,Graph Theory
3310,Prefix Sum
3323,Array
3323,Dynamic Programming
3312,String
3299,Array
3299,Hash Table
3299,Enumeration
3279,Math
3261,Array
3261,Greedy
3261,Bit Manipulation
3333,Array
3333,Sliding Window
3333,Rolling Hash
3333,String Matching
3333,Interactive
3333,Hash Function
3321,Array
3321,Math
3321,Sorting
3278,Array
3278,Math
3278,Geometry
3278,Sorting
3278,Enumeration
3265,Array
3265,Hash Table
3265,Prefix Sum
3277,Array
3277,Math
3277,Geometry
3277,Sorting
3277,Enumeration
3311,Array
3311,Simulation
3311,Prefix Sum
3297,String
3297,Rolling Hash
3297,String Matching
3297,Hash Function
3272,Array
3272,Matrix
3296,String
3296,Rolling Hash
3296,String Matching
3296,Hash Function
3343,Hash Table
3343,Math
3343,Dynamic Programming
3330,Array
3330,Matrix
3269,Array
3269,Rolling Hash
3269,String Matching
3269,Hash Function
3317,Array
3317,Hash Table
3317,String
3317,Greedy
3317,Sorting
3317,Counting
3290,Array
3290,Rolling Hash
3290,String Matching
3290,Hash Function
3352,Array
3352,Sliding Window
3352,Rolling Hash
3352,String Matching
3352,Interactive
3352,Hash Function
3320,Array
3320,Simulation
3308,Array
3308,Hash Table
3308,Sorting
3308,Counting
3318,Array
3318,Dynamic Programming
3318,Memoization
3298,Array
3298,Dynamic Programming
3298,Sorting
3309,Array
3309,String
3309,Trie
3309,Rolling Hash
3309,String Matching
3309,Hash Function
3329,Array
3329,Hash Table
3329,String
3329,Trie
3314,Array
3314,Hash Table
3314,Math
3314,Matrix
3314,Counting
3314,Enumeration
3314,Number Theory
3305,Array
3305,String
3305,Trie
3305,Rolling Hash
3305,String Matching
3305,Hash Function
3324,Array
3324,Hash Table
3324,Counting
3325,Array
3325,Math
3325,Geometry
3292,Array
3292,Binary Search
3289,Array
3289,Binary Search
3289,Greedy
3289,Heap (Priority Queue)
3255,Database
3256,Database
3257,Database
3258,Database
3259,Database
3339,Database
3340,Database
3357,Database
3358,Database
3365,Database
3366,Database
3369,Database
3368,Linked List
3359,Hash Table
3359,Linked List
3359,Counting
3370,Bit Manipulation
3370,Interactive
3331,Array
3332,Array
3332,Heap (Priority Queue)
3332,Simulation
3326,Array
3326,Tree
3326,Depth-First Search
3307,Array
3307,Dynamic Programming
3307,Greedy
3307,Bit Manipulation
3307,Tree
3307,Sorting
3347,Array
3347,Simulation
3338,Array
3338,Matrix
3338,Prefix Sum
3335,Array
3335,Hash Table
3335,Matrix
3335,Counting
3350,Array
3350,Binary Indexed Tree
3350,Segment Tree
3350,Simulation
3378,Array
3378,Ordered Set
3334,Array
3334,Greedy
3334,Sorting
3351,Array
3351,Greedy
3351,Sorting
3356,Array
3356,Hash Table
3356,String
3356,Trie
3313,Array
3313,Dynamic Programming
3313,Prefix Sum
3385,Array
3385,Hash Table
3385,String
3385,Matrix
3367,Array
3367,Math
3306,Array
3306,Hash Table
3306,Sorting
3306,Heap (Priority Queue)
3306,Simulation
3354,Hash Table
3354,String
3354,Greedy
3354,Sorting
3354,Heap (Priority Queue)
3354,Counting
3345,Array
3345,Dynamic Programming
3353,Hash Table
3353,String
3337,Math
3337,String
3337,Counting
3360,Hash Table
3360,String
3360,Greedy
3360,Sorting
3360,Counting
3327,Array
3327,Greedy
3327,Sliding Window
3327,Prefix Sum
3392,Database
3393,String
3393,Greedy
3393,Sorting
3393,Counting Sort
3400,Database
3349,Hash Table
3349,String
3349,Sliding Window
3328,Math
3328,Greedy
3328,Enumeration
3363,Array
3363,Hash Table
3363,Heap (Priority Queue)
3363,Ordered Set
3376,Array
3376,String
3376,Trie
3401,Bit Manipulation
3401,Interactive
3381,Array
3381,Bit Manipulation
3381,Sliding Window
3355,Array
3355,Prefix Sum
3380,Array
3380,Bit Manipulation
3380,Sliding Window
3316,Array
3316,Dynamic Programming
3316,Sorting
3371,Math
3336,Math
3336,Simulation
3374,Array
3374,Math
3344,Array
3344,Math
3344,Geometry
3344,Sorting
3344,Ordered Set
3409,Database
3410,Hash Table
3410,String
3410,Sorting
3372,Array
3346,String
3346,Greedy
3387,Array
3387,Greedy
3387,Sorting
3348,Array
3348,Bit Manipulation
3348,Union-Find
3348,Graph Theory
3417,Array
3417,Binary Search
3417,Divide and Conquer
3417,Binary Indexed Tree
3417,Segment Tree
3417,Merge Sort
3417,Ordered Set
3379,String
3390,Array
3390,Greedy
3390,Sorting
3389,Array
3389,Graph Theory
3389,Heap (Priority Queue)
3389,Shortest Path
3382,Array
3382,Binary Search
3382,Stack
3382,Monotonic Stack
3361,String
3361,Enumeration
3373,Array
3373,Math
3373,Number Theory
3375,Array
3375,Math
3375,Binary Search
3375,Bit Manipulation
3375,Combinatorics
3375,Number Theory
3364,Array
3364,Binary Search
3364,Dynamic Programming
3364,Bit Manipulation
3364,Segment Tree
3364,Queue
3424,Database
3425,String
3425,Greedy
3425,Sorting
3408,Hash Table
3408,String
3405,Hash Table
3405,String
3404,Array
3404,Dynamic Programming
3404,Matrix
3386,Depth-First Search
3386,Breadth-First Search
3386,Graph Theory
3386,Heap (Priority Queue)
3386,Shortest Path
3432,Database
3433,String
3433,Greedy
3433,Sorting
3440,Database
3398,Array
3398,Matrix
3398,Enumeration
3388,Array
3388,Hash Table
3388,Math
3388,Combinatorics
3388,Counting
3406,Dynamic Programming
3406,Prefix Sum
3407,Dynamic Programming
3407,Prefix Sum
3397,Array
3399,Array
3399,Two Pointers
3399,Sorting
3399,Enumeration
3394,Bit Manipulation
3362,Array
3362,Hash Table
3362,Binary Search
3362,Sliding Window
3441,String
3441,Binary Search
3441,Dynamic Programming
3441,Sliding Window
3441,Hash Function
3396,String
3384,Hash Table
3384,String
3384,Counting
3395,Hash Table
3395,String
3395,Counting
3402,Array
3402,Greedy
3402,Enumeration
3448,Database
3449,Array
3449,Bit Manipulation
3449,Breadth-First Search
3415,Array
3415,Matrix
3419,Array
3419,Hash Table
3419,String
3419,Binary Search
3419,Sorting
3403,Hash Table
3403,String
3403,Dynamic Programming
3403,Counting
3411,Array
3411,Binary Search
3411,Bit Manipulation
3412,Hash Table
3412,String
3383,Array
3383,Dynamic Programming
3383,Prefix Sum
3391,Array
3391,Dynamic Programming
3391,Matrix
3431,Array
3431,Dynamic Programming
3431,Bit Manipulation
3431,Bitmask
3457,Database
3429,Array
3427,Array
3427,Binary Search
3427,Prefix Sum
3416,Array
3416,Hash Table
3416,Math
3416,Counting
3414,Math
3414,Dynamic Programming
3414,Bit Manipulation
3414,Memoization
3414,Combinatorics
3458,Array
3458,Math
3458,Binary Search
3465,Database
3467,Tree
3467,Depth-First Search
3467,Breadth-First Search
3467,Binary Tree
3428,Array
3428,Hash Table
3428,Bit Manipulation
3420,Array
3420,Hash Table
3434,Array
3434,Hash Table
3434,Simulation
3435,Array
3435,Binary Search
3435,Binary Indexed Tree
3435,Segment Tree
3435,Ordered Set
3446,Array
3446,Hash Table
3451,String
3444,Array
3444,Hash Table
3423,Array
3423,Divide and Conquer
3423,Dynamic Programming
3423,Segment Tree
3473,Database
3474,Hash Table
3474,String
3474,Sorting
3474,Counting
3426,String
3426,Simulation
3430,Array
3430,Sorting
3445,Hash Table
3445,String
3445,Stack
3445,Greedy
3445,Heap (Priority Queue)
3436,Array
3436,Binary Search
3436,Bit Manipulation
3436,Segment Tree
3481,Database
3472,Array
3472,Bit Manipulation
3447,String
3447,Stack
3447,Simulation
3413,Array
3413,Simulation
3456,Array
3456,Hash Table
3456,Dynamic Programming
3452,Array
3452,Hash Table
3452,Dynamic Programming
3450,Math
3450,Simulation
3422,Array
3422,Math
3422,Simulation
3422,Combinatorics
3422,Prefix Sum
3442,Array
3442,Dynamic Programming
3442,Bit Manipulation
3442,Sorting
3443,Array
3443,Dynamic Programming
3443,Bit Manipulation
3443,Sorting
3488,Database
3489,Array
3489,Dynamic Programming
3421,Array
3421,Hash Table
3421,Counting
3418,Array
3418,Hash Table
3418,Counting
3437,Array
3437,Hash Table
3437,Two Pointers
3437,Binary Search
3437,Dynamic Programming
3437,Sorting
3437,Counting
3438,Array
3438,Binary Indexed Tree
3438,Segment Tree
3503,Database
3504,Array
3504,Greedy
3504,Sorting
3504,Counting Sort
3476,Array
3476,Math
3475,Array
3475,Bit Manipulation
3475,Queue
3475,Sliding Window
3475,Prefix Sum
3477,Array
3477,Dynamic Programming
3477,Greedy
3460,Array
3460,Dynamic Programming
3471,Array
3471,Two Pointers
3471,Sorting
3461,Array
3461,Matrix
3464,Array
3464,Dynamic Programming
3459,Array
3459,Matrix
3459,Enumeration
3505,Database
3506,Array
3506,Bit Manipulation
3469,Array
3469,Enumeration
3490,Array
3490,Dynamic Programming
3491,Array
3491,Dynamic Programming
3439,Tree
3439,Depth-First Search
3439,Breadth-First Search
3439,Graph Theory
3512,Database
3513,Array
3513,Dynamic Programming
3513,Stack
3513,Greedy
3513,Monotonic Stack
3463,Array
3463,Sliding Window
3264,Array
3264,Greedy
3483,Array
3483,Sliding Window
3466,Array
3466,Binary Search
3466,Bit Manipulation
3466,Segment Tree
3468,String
3453,String
3453,Backtracking
3453,Bit Manipulation
3492,Array
3492,Matrix
3492,Prefix Sum
3482,Array
3482,String
3482,Dynamic Programming
3482,Suffix Array
3520,Database
3521,Array
3521,Bit Manipulation
3484,String
3484,Greedy
3501,Array
3501,Hash Table
3501,Linked List
3494,Array
3494,Two Pointers
3494,Dynamic Programming
3494,Greedy
3494,Sorting
3500,Array
3500,Greedy
3500,Sorting
3530,Database
3529,Array
3529,Stack
3529,Greedy
3529,Monotonic Stack
3511,Math
3511,Simulation
3511,Game Theory
3455,Hash Table
3455,String
3455,Counting
3498,Array
3498,Hash Table
3498,Prefix Sum
3470,Array
3470,Dynamic Programming
3470,Matrix
3470,Prefix Sum
3508,Bit Manipulation
3462,Math
3462,String
3462,Brainteaser
3462,Game Theory
3493,String
3493,Greedy
3493,Counting
3454,Array
3454,Dynamic Programming
3454,Stack
3454,Greedy
3454,Monotonic Stack
3539,Database
3545,Array
3545,Binary Search
3515,Array
3515,Math
3507,Array
3507,Math
3507,Number Theory
3479,String
3479,Enumeration
3478,Array
3478,Math
3478,Depth-First Search
3478,Breadth-First Search
3478,Union-Find
3478,Geometry
3549,Database
3538,Array
3538,Hash Table
3538,Simulation
3519,Array
3519,Hash Table
3519,Counting
3526,Array
3526,Two Pointers
3526,Matrix
3524,Array
3524,Two Pointers
3524,Matrix
3532,Dynamic Programming
3532,Tree
3532,Depth-First Search
3532,Graph Theory
3516,Array
3516,Hash Table
3516,Design
3516,Matrix
3516,Simulation
3517,Array
3517,Breadth-First Search
3517,Graph Theory
3514,Array
3514,Greedy
3514,Graph Theory
3514,Ordered Set
3527,Array
3527,Binary Indexed Tree
3527,Ordered Set
3554,Database
3537,Array
3537,Math
3537,Dynamic Programming
3537,Combinatorics
3533,Array
3533,String
3533,Simulation
3486,Tree
3486,Depth-First Search
3535,Array
3535,Math
3535,Dynamic Programming
3535,Combinatorics
3535,Prefix Sum
3536,Array
3536,Math
3536,Dynamic Programming
3536,Combinatorics
3536,Prefix Sum
3564,Database
3480,
3522,Array
3522,Sliding Window
3523,Array
3523,Sliding Window
3550,Array
3550,Dynamic Programming
3550,Matrix
3550,Enumeration
3542,Array
3542,Dynamic Programming
3542,Matrix
3542,Enumeration
3543,String
3543,Sliding Window
3525,Array
3525,Dynamic Programming
3552,Math
3552,String
3552,Dynamic Programming
3552,Greedy
3552,Number Theory
3546,Array
3546,String
3546,Binary Search
3546,Sliding Window
3546,Prefix Sum
3574,Database
3577,Array
3577,Linked List
3577,Doubly-Linked List
3555,Array
3555,Math
3555,Heap (Priority Queue)
3555,Simulation
3534,Array
3534,Hash Table
3534,Sorting
3534,Counting
3534,Enumeration
3556,Array
3556,Heap (Priority Queue)
3556,Simulation
3544,Array
3544,Hash Table
3544,Sorting
3544,Counting
3544,Enumeration
3585,Database
3586,Array
3586,Dynamic Programming
3568,Math
3540,String
3540,Simulation
3548,Hash Table
3548,Math
3548,Combinatorics
3548,Enumeration
3531,Array
3531,Greedy
3531,Sorting
3553,Math
3553,String
3495,Array
3495,Heap (Priority Queue)
3563,Array
3563,Dynamic Programming
3563,Bit Manipulation
3563,Matrix
3563,Bitmask
3551,Array
3551,Dynamic Programming
3589,Database
3590,Array
3590,Hash Table
3590,String
3590,Simulation
3590,Counting
3590,Prefix Sum
3567,Math
3567,String
3485,Array
3485,Binary Search
3485,Greedy
3485,Sorting
3528,Array
3528,Greedy
3560,Array
3560,Math
3560,Bit Manipulation
3560,Breadth-First Search
3560,Game Theory
3560,Bitmask
3602,Array
3602,Two Pointers
3602,Dynamic Programming
3582,Array
3558,Array
3558,Breadth-First Search
3558,Graph Theory
3558,Heap (Priority Queue)
3558,Matrix
3558,Shortest Path
3575,Array
3575,Dynamic Programming
3575,Bit Manipulation
3571,Array
3571,Binary Search
3571,Sorting
3581,Array
3581,Hash Table
3581,Math
3518,Array
3518,Dynamic Programming
3559,Array
3559,String
3559,Binary Search
3559,Dynamic Programming
3559,Greedy
3559,Trie
3559,Segment Tree
3559,Rolling Hash
3559,String Matching
3559,Hash Function
3557,Array
3557,String
3557,Binary Search
3557,Dynamic Programming
3557,Greedy
3557,Segment Tree
3557,Rolling Hash
3557,String Matching
3557,Hash Function
3609,Database
3615,Array
3615,Linked List
3615,Doubly-Linked List
3541,Array
3541,Hash Table
3541,String
3496,Array
3496,Math
3496,Binary Search
3496,Greedy
3496,Heap (Priority Queue)
3573,Hash Table
3573,String
3573,Sliding Window
3572,Hash Table
3572,String
3572,Sliding Window
3623,Array
3623,Hash Table
3623,Dynamic Programming
3606,Array
3606,Math
3510,Array
3510,Greedy
3510,Sorting
3584,Two Pointers
3584,String
3584,Dynamic Programming
3584,Greedy
3580,String
3580,String Matching
3600,Math
3600,Bit Manipulation
3600,Recursion
3600,Simulation
3570,Hash Table
3570,String
3570,Sliding Window
3569,Hash Table
3569,String
3569,Sliding Window
3601,Math
3601,Bit Manipulation
3601,Recursion
3624,Database
3579,Array
3579,Bit Manipulation
3579,Enumeration
3561,Depth-First Search
3561,Breadth-First Search
3561,Graph Theory
3578,Array
3578,Hash Table
3578,Graph Theory
3578,Matrix
3583,Array
3583,Hash Table
3583,Math
3583,Binary Search
3583,Combinatorics
3583,Counting
3583,Number Theory
3583,Prefix Sum
3497,Tree
3497,Depth-First Search
3605,Array
3605,Bit Manipulation
3611,Array
3611,Bit Manipulation
3487,Array
3487,Hash Table
3487,Two Pointers
3487,String
3487,Dynamic Programming
3604,Math
3604,Dynamic Programming
3604,Combinatorics
3610,Array
3610,Hash Table
3610,Sliding Window
3610,Heap (Priority Queue)
3509,Tree
3509,Depth-First Search
3509,Sorting
3509,Binary Tree
3588,String
3588,Dynamic Programming
3592,Array
3592,Hash Table
3592,Sliding Window
3592,Heap (Priority Queue)
3642,Database
3565,Array
3565,Binary Search
3565,Sliding Window
3565,Sorting
3566,String
3566,Simulation
3502,Hash Table
3502,String
3502,Sliding Window
3607,Array
3607,Math
3607,Greedy
3607,Number Theory
3603,Array
3603,Hash Table
3603,String
3603,Tree
3603,Depth-First Search
3603,Hash Function
3650,Database
3499,Hash Table
3499,String
3499,Sliding Window
3617,String
3576,Array
3576,Hash Table
3576,String
3576,Tree
3576,Depth-First Search
3587,Array
3587,Dynamic Programming
3587,Matrix
3618,String
3618,Dynamic Programming
3618,Prefix Sum
3593,Array
3593,Math
3593,Number Theory
3629,Hash Table
3629,Math
3629,String
3629,Dynamic Programming
3629,Counting
3608,Array
3608,Math
3608,Dynamic Programming
3608,Number Theory
3630,Hash Table
3630,Math
3630,String
3630,Dynamic Programming
3630,Counting
3660,Database
3614,Dynamic Programming
3636,String
3627,Array
3627,Graph Theory
3627,Heap (Priority Queue)
3627,Matrix
3627,Shortest Path
3628,Array
3628,Graph Theory
3628,Heap (Priority Queue)
3628,Matrix
3628,Shortest Path
3637,Math
3637,String
3637,Dynamic Programming
3637,Combinatorics
3679,Binary Search
3679,Bit Manipulation
3626,Math
3626,Enumeration
3622,Array
3622,Binary Search
3622,Sliding Window
3622,Sorting
3622,Prefix Sum
3640,Array
3640,Binary Search
3640,Sliding Window
3640,Sorting
3640,Prefix Sum
3635,Math
3635,String
3635,Backtracking
3635,Greedy
3635,Number Theory
3612,Array
3619,Array
3619,Binary Search
3646,Array
3646,Hash Table
3646,Dynamic Programming
3631,Math
3631,String
3631,Dynamic Programming
3631,Combinatorics
3694,Array
3616,Array
3616,Simulation
3616,Prefix Sum
3639,Array
3639,Prefix Sum
3643,Array
3643,Two Pointers
3643,Binary Search
3643,Prefix Sum
3658,Array
3658,Binary Search
3658,Greedy
3695,Database
3652,Array
3652,Stack
3652,Matrix
3652,Monotonic Stack
3625,Math
3625,Simulation
3591,Array
3591,String
3591,Prefix Sum
3647,Array
3647,Two Pointers
3647,Greedy
3647,Sorting
3647,Heap (Priority Queue)
3647,Prefix Sum
3648,Array
3648,Dynamic Programming
3648,Matrix
3644,Array
3644,Sliding Window
3644,Prefix Sum
3595,Hash Table
3595,String
3595,Sorting
3654,Array
3654,Dynamic Programming
3675,Dynamic Programming
3675,Tree
3675,Depth-First Search
3675,Sorting
3703,Database
3710,Hash Table
3710,Binary Search
3710,Design
3710,Queue
3710,Heap (Priority Queue)
3710,Data Stream
3710,Ordered Set
3676,Math
3676,Bit Manipulation
3594,Array
3594,Hash Table
3594,Counting
3594,Enumeration
3633,Tree
3633,Depth-First Search
3633,Breadth-First Search
3645,Tree
3645,Depth-First Search
3645,Breadth-First Search
3711,Database
3621,Array
3621,Hash Table
3649,Array
3649,Dynamic Programming
3649,Backtracking
3649,Bit Manipulation
3649,Breadth-First Search
3649,Bitmask
3655,Math
3655,Graph Theory
3655,Heap (Priority Queue)
3655,Number Theory
3655,Shortest Path
3680,Array
3680,Hash Table
3680,Math
3680,Union-Find
3680,Number Theory
3651,Array
3651,Simulation
3681,Array
3681,Math
3681,Binary Indexed Tree
3681,Segment Tree
3681,Geometry
3681,Sorting
3681,Enumeration
3653,Array
3653,Hash Table
3653,Prefix Sum
3689,Array
3689,Math
3689,Binary Indexed Tree
3689,Segment Tree
3689,Geometry
3689,Sorting
3718,Array
3718,Depth-First Search
3718,Breadth-First Search
3718,Graph Theory
3718,Topological Sort
3719,Database
3693,Array
3693,Breadth-First Search
3693,Graph Theory
3632,Array
3613,Array
3613,String
3613,Depth-First Search
3613,Breadth-First Search
3613,Graph Theory
3686,Array
3686,Dynamic Programming
3638,Hash Table
3638,String
3638,Dynamic Programming
3638,Counting
3638,Enumeration
3726,Database
3735,Array
3735,Hash Table
3735,Design
3735,Heap (Priority Queue)
3735,Matrix
3735,Ordered Set
3685,Array
3659,Array
3659,Dynamic Programming
3659,Bit Manipulation
3659,Matrix
3657,Array
3657,Sorting
3700,Array
3700,Hash Table
3700,Math
3700,Combinatorics
3656,Array
3656,Hash Table
3620,Array
3620,Greedy
3620,Sorting
3690,Array
3690,Binary Search
3690,Enumeration
3706,String
3706,Binary Search
3740,Array
3740,Two Pointers
3740,Simulation
3746,Database
3691,Array
3691,Greedy
3691,Matrix
3683,Two Pointers
3683,String
3683,Enumeration
3699,Array
3699,Hash Table
3699,Math
3699,Enumeration
3682,Math
3682,Combinatorics
3749,Two Pointers
3749,String
3684,String
3684,String Matching
3678,Hash Table
3678,Design
3678,Heap (Priority Queue)
3678,Ordered Set
3716,Array
3716,Dynamic Programming
3688,Array
3688,Hash Table
3688,Divide and Conquer
3688,Dynamic Programming
3688,Segment Tree
3688,Prefix Sum
3702,Array
3702,Math
3702,Sliding Window
3702,Enumeration
3702,Number Theory
3634,Hash Table
3634,String
3634,Stack
3634,Simulation
3715,Array
3715,Binary Search
3715,Greedy
3715,Sliding Window
3715,Sorting
3715,Prefix Sum
3562,Array
3562,Binary Search
3562,Dynamic Programming
3562,Sorting
3757,Database
3756,Array
3756,Hash Table
3756,Math
3756,Combinatorics
3708,Array
3708,Matrix
3708,Simulation
3677,Array
3677,Dynamic Programming
3677,Matrix
3720,Binary Search
3720,Depth-First Search
3720,Breadth-First Search
3720,Graph Theory
3720,Shortest Path
3674,Array
3674,Stack
3674,Segment Tree
3674,Queue
3674,Sliding Window
3674,Monotonic Stack
3674,Monotonic Queue
3767,Database
3698,Array
3698,Hash Table
3698,Math
3698,Sliding Window
3698,Heap (Priority Queue)
3747,Array
3712,Array
3712,Greedy
3712,Sorting
3687,Array
3687,Hash Table
3687,Tree
3687,Depth-First Search
3687,Prefix Sum
3739,Math
3739,Combinatorics
3731,Array
3731,Prefix Sum
3714,Array
3714,Math
3714,Dynamic Programming
3714,Sorting
3714,Combinatorics
3737,Array
3737,Dynamic Programming
3725,Array
3725,Math
3725,Stack
3725,Monotonic Stack
3758,Array
3758,Hash Table
3704,Array
3704,Math
3704,Prefix Sum
3721,Array
3721,Math
3721,Sorting
3721,Simulation
3751,Array
3751,Hash Table
3751,Dynamic Programming
3751,Greedy
3751,Enumeration
3751,Prefix Sum
3713,Array
3713,String
3713,Bit Manipulation
3713,Graph Theory
3713,Topological Sort
3713,Enumeration
3782,Database
3780,Array
3780,Backtracking
3736,Hash Table
3736,String
3736,Counting
3743,Array
3743,Greedy
3743,Sliding Window
3741,Array
3741,Greedy
3741,Enumeration
3701,String
3701,Dynamic Programming
3753,Hash Table
3753,String
3753,Counting
3754,Hash Table
3754,Math
3754,String
3754,Counting
3697,Array
3697,Math
3697,Dynamic Programming
3697,Bit Manipulation
3697,Number Theory
3697,Bitmask
3761,String
3761,Sliding Window
3761,Enumeration
3761,Prefix Sum
3748,Array
3748,Sorting
3748,Matrix
3760,Array
3760,Hash Table
3696,String
3696,Dynamic Programming
3762,Array
3762,Binary Search
3762,Greedy
3787,Array
3787,Hash Table
3792,Database
3723,Array
3763,Array
3763,Binary Search
3775,Array
3775,Binary Search
3775,Segment Tree
3775,Sweep Line
3692,Two Pointers
3692,String
3692,Binary Search
3692,String Matching
3709,String
3779,Array
3779,Greedy
3779,Sorting
3771,Hash Table
3771,String
3771,Dynamic Programming
3771,Greedy
3771,Sorting
3733,Array
3733,Dynamic Programming
3733,Memoization
3733,Matrix
3796,Two Pointers
3796,String
3768,Math
3768,String
3768,Simulation
3768,Combinatorics
3768,Number Theory
3764,Array
3764,Greedy
3764,Sorting
3764,Heap (Priority Queue)
3764,Matrix
3774,Math
3774,String
3774,Combinatorics
3774,Number Theory
3781,Array
3781,Math
3781,Binary Search
3781,Geometry
3781,Sorting
3803,Database
3806,Array
3806,Dynamic Programming
3778,Array
3778,Sorting
3778,Counting
3785,Array
3785,Math
3776,Array
3776,Dynamic Programming
3783,Array
3783,Math
3783,Combinatorics
3783,Enumeration
3705,Array
3705,Hash Table
3786,String
3786,Dynamic Programming
3722,Array
3722,Dynamic Programming
3722,Prefix Sum
3770,String
3770,Greedy
3770,String Matching
3816,Database
3818,Array
3818,Greedy
3818,Sorting
3818,Heap (Priority Queue)
3790,Array
3790,Binary Search
3790,Segment Tree
3790,Simulation
3790,Ordered Set
3759,Array
3759,Sorting
3759,Heap (Priority Queue)
3791,Array
3791,Binary Search
3791,Segment Tree
3791,Ordered Set
3789,Array
3789,Segment Tree
3789,Enumeration
3789,Prefix Sum
3825,Array
3825,Hash Table
3825,String
3825,Depth-First Search
3825,Breadth-First Search
3825,Graph Theory
3825,Topological Sort
3828,Database
3799,Array
3799,Hash Table
3799,Recursion
3799,Enumeration
3797,Array
3797,Hash Table
3797,String
3797,Design
3797,Matrix
3784,Array
3784,String
3784,Trie
3798,Array
3798,Hash Table
3798,Tree
3798,Depth-First Search
3798,Prefix Sum
3788,Array
3788,Hash Table
3788,Greedy
3750,Array
3750,Hash Table
3750,Binary Search
3795,Array
3795,Dynamic Programming
3801,Dynamic Programming
3836,Array
3836,String
3836,Trie
3836,Sorting
3817,Math
3809,Array
3809,Hash Table
3809,Depth-First Search
3809,Breadth-First Search
3809,Union-Find
3809,Graph Theory
3794,Array
3794,Simulation
3794,Prefix Sum
3744,Array
3744,Math
3744,Bit Manipulation
3839,Array
3839,Greedy
3848,Database
3811,String
3811,Simulation
3805,String
3805,Enumeration
3765,Array
3765,Dynamic Programming
3765,Prefix Sum
3804,Array
3804,String
3804,Binary Search
3804,Segment Tree
3832,Array
3793,Two Pointers
3793,String
3793,Dynamic Programming
3793,Enumeration
3808,Two Pointers
3808,String
3808,Dynamic Programming
3717,Array
3717,Hash Table
3717,Math
3717,Dynamic Programming
3717,Sliding Window
3717,Heap (Priority Queue)
3814,Array
3814,Math
3814,Greedy
3814,Heap (Priority Queue)
3773,Array
3773,Hash Table
3773,Linked List
3773,Heap (Priority Queue)
3773,Simulation
3773,Doubly-Linked List
3773,Ordered Set
3827,Array
3827,Hash Table
3827,Binary Search
3827,Design
3827,Queue
3827,Ordered Set
3777,Array
3777,Hash Table
3777,Dynamic Programming
3772,Array
3772,Hash Table
3772,Linked List
3772,Heap (Priority Queue)
3772,Simulation
3772,Doubly-Linked List
3772,Ordered Set
3855,Array
3855,Greedy
3855,Prefix Sum
3846,Array
3846,Math
3824,Array
3824,Math
3824,Bit Manipulation
3820,Array
3820,Math
3820,Bit Manipulation
3820,Enumeration
3829,Array
3829,Tree
3829,Depth-First Search
3829,Binary Indexed Tree
3829,Segment Tree
3830,Math
3812,String
3812,Sorting
3812,Counting Sort
3813,Hash Table
3813,Math
3813,String
3813,Combinatorics
3813,Counting
3810,Math
3810,String
3810,Dynamic Programming
3861,Array
3861,Binary Search
3861,Divide and Conquer
3861,Binary Indexed Tree
3861,Segment Tree
3861,Merge Sort
3865,Database
3732,Array
3732,Hash Table
3732,String
3732,Simulation
3738,Array
3738,Stack
3738,Greedy
3738,Monotonic Stack
3831,Array
3831,Math
3831,Dynamic Programming
3840,Array
3840,Math
3840,Segment Tree
3862,Array
3862,Tree
3862,Binary Search Tree
3862,Binary Tree
3707,Array
3707,Hash Table
3707,String
3707,Counting
3729,Depth-First Search
3729,Breadth-First Search
3729,Graph Theory
3821,Array
3821,String
3821,Rolling Hash
3821,String Matching
3821,Matrix
3821,Hash Function
3826,Array
3826,Dynamic Programming
3826,Bit Manipulation
3826,Graph Theory
3826,Topological Sort
3826,Bitmask
3819,Array
3819,Hash Table
3819,Sorting
3838,Array
3838,Hash Table
3838,Binary Search
3838,Union-Find
3838,Graph Theory
3841,Array
3841,Dynamic Programming
3841,Bit Manipulation
3841,Bitmask
3852,Array
3852,Two Pointers
3852,Binary Search
3852,Dynamic Programming
3852,Greedy
3852,Bit Manipulation
3852,Graph Theory
3852,Sorting
3752,Array
3752,Math
3752,Depth-First Search
3752,Breadth-First Search
3752,Graph Theory
3859,Math
3859,Sorting
3822,Array
3822,Divide and Conquer
3822,Matrix
3833,Array
3833,Dynamic Programming
3833,Prefix Sum
3851,Array
3851,Math
3851,Dynamic Programming
3851,Bit Manipulation
3851,Combinatorics
3851,Bitmask
3880,Array
3880,Prefix Sum
3872,Hash Table
3872,String
3872,Counting
3834,Array
3834,Hash Table
3834,Stack
3834,Greedy
3834,Monotonic Stack
3856,Hash Table
3856,Dynamic Programming
3856,Graph Theory
3858,Array
3858,Dynamic Programming
3858,Tree
3858,Depth-First Search
3871,Hash Table
3871,String
3871,Greedy
3871,Sorting
3871,Counting
3849,Array
3849,Matrix
3849,Enumeration
3849,Prefix Sum
3845,Math
3845,Greedy
3845,Graph Theory
3850,Array
3850,Hash Table
3850,Matrix
3850,Enumeration
3850,Prefix Sum
3883,Array
3883,Math
3869,Array
3869,Math
3847,Array
3847,Hash Table
3847,Sorting
3837,Array
3837,Hash Table
3837,Breadth-First Search
3837,Matrix
3853,Array
3853,Dynamic Programming
3853,Bit Manipulation
3853,Tree
3853,Depth-First Search
3891,Database
3890,Array
3890,Two Pointers
3890,Stack
3890,Greedy
3890,Sorting
3890,Monotonic Stack
3815,Hash Table
3815,Math
3815,String
3815,Sorting
3815,Number Theory
3857,Hash Table
3857,String
3857,Dynamic Programming
3857,Greedy
3844,Math
3844,Tree
3844,Depth-First Search
3842,Array
3842,Math
3842,Dynamic Programming
3842,Bit Manipulation
3842,Tree
3842,Depth-First Search
3879,Math
3860,String
3860,Stack
3860,Simulation
3854,Array
3854,Dynamic Programming
3854,Tree
3854,Depth-First Search
3867,String
3867,Dynamic Programming
3898,Database
3899,Array
3899,Recursion
3899,Matrix
3843,Array
3843,Bit Manipulation
3843,Recursion
3843,Enumeration
3884,Array
3884,Sorting
3884,Matrix
3870,Array
3870,Hash Table
3870,Bit Manipulation
3870,Breadth-First Search
3870,Matrix
3878,Array
3878,Hash Table
3878,Math
3878,Segment Tree
3878,Number Theory
3878,Ordered Set
3910,Database
3911,String
3894,Array
3894,Hash Table
3894,Greedy
3894,Sorting
3894,Heap (Priority Queue)
3892,Array
3892,Dynamic Programming
3888,Array
3888,Math
3888,Enumeration
3888,Number Theory
3875,Array
3875,Dynamic Programming
3875,Bit Manipulation
3875,Tree
3875,Depth-First Search
3875,Bitmask
3876,Array
3876,Greedy
3864,Array
3864,Math
3864,Brainteaser
3864,Combinatorics
3835,Array
3835,Dynamic Programming
3835,Queue
3835,Sliding Window
3835,Prefix Sum
3835,Monotonic Queue
3866,String
3866,Dynamic Programming
3921,Database
3924,Hash Table
3924,String
3924,Simulation
3924,Counting
3893,String
3893,Simulation
3885,Array
3885,Hash Table
3885,Counting
3755,Array
3755,Two Pointers
3900,Array
3900,Binary Search
3900,Dynamic Programming
3900,Bit Manipulation
3900,Tree
3900,Depth-First Search
3932,Database
3904,Array
3904,Greedy
3868,Array
3868,Hash Table
3868,Math
3868,Greedy
3868,Geometry
3868,Enumeration
3907,Array
3907,Math
3907,Queue
3907,Sliding Window
3907,Number Theory
3907,Monotonic Queue
3906,Array
3906,Tree
3906,Depth-First Search
3906,Ordered Set
3914,Array
3914,Hash Table
3914,Math
3914,Counting
3914,Number Theory
3903,Array
3903,Dynamic Programming
3909,Array
3909,Dynamic Programming
3909,Tree
3909,Depth-First Search
3896,Array
3896,Bit Manipulation
3896,Graph Theory
3896,Heap (Priority Queue)
3896,Shortest Path
3896,Bitmask
3935,Array
3935,Bit Manipulation
3925,Math
3925,Brainteaser
3905,Hash Table
3905,String
3905,Trie
3905,Simulation
3800,Array
3800,String
3913,Array
3913,Dynamic Programming
3913,Bit Manipulation
3913,Prefix Sum
3902,Binary Search
3902,Greedy
3902,Union-Find
3902,Graph Theory
3902,Minimum Spanning Tree
3942,Database
3912,Math
3912,String
3927,Array
3927,Dynamic Programming
3927,Matrix
3916,Graph Theory
3916,Heap (Priority Queue)
3916,Shortest Path
3920,Array
3920,Math
3920,Binary Search
3920,Greedy
3920,Segment Tree
3920,Number Theory
3934,Array
3934,Hash Table
3934,String
3934,Sorting
3863,Array
3863,Hash Table
3863,Depth-First Search
3863,Breadth-First Search
3863,Union-Find
3863,Graph Theory
3863,Heap (Priority Queue)
3863,Ordered Set
3908,Binary Search
3908,Union-Find
3908,Graph Theory
3908,Sorting
3922,Math
3949,Array
3949,Math
3949,Dynamic Programming
3949,Number Theory
3943,Database
3931,String
3931,Simulation
3881,Binary Search
3881,Union-Find
3881,Graph Theory
3881,Sorting
3939,String
3939,Simulation
3930,String
3930,Dynamic Programming
3930,Bit Manipulation
3930,Graph Theory
3930,Bitmask
3960,Array
3960,Simulation
3961,
3936,Array
3936,Math
3936,Number Theory
3823,Array
3823,Depth-First Search
3823,Breadth-First Search
3823,Union-Find
3823,Matrix
3919,Array
3919,Binary Search
3919,Dynamic Programming
3919,Graph Theory
3919,Topological Sort
3919,Heap (Priority Queue)
3919,Shortest Path
3937,Math
3937,Dynamic Programming
3937,Bit Manipulation
3937,Combinatorics
3918,Math
3886,Array
3886,Hash Table
3886,Math
3886,Geometry
3941,Array
3941,Divide and Conquer
3941,Binary Indexed Tree
3941,Segment Tree
3897,Array
3897,Hash Table
3897,Math
3897,Geometry
3971,
3766,Array
3766,Math
3766,Greedy
3766,Sorting
3766,Game Theory
3948,String
3948,Dynamic Programming
3948,Greedy
3948,Prefix Sum
3933,Array
3933,Hash Table
3933,Math
3933,Breadth-First Search
3933,Number Theory
3882,Array
3882,Math
3882,Greedy
3882,Bit Manipulation
3882,Enumeration
3969,Array
3969,Sorting
3929,Array
3929,Bit Manipulation
3929,Trie
3929,Prefix Sum
3965,Array
3965,Two Pointers
3965,Binary Search
3965,Greedy
3965,Sorting
3958,Array
3958,Binary Search
3958,Sliding Window
3958,Sorting
3967,Array
3967,Two Pointers
3967,Binary Search
3967,Greedy
3967,Sorting
3955,Array
3955,Hash Table
3955,Binary Search
3955,Divide and Conquer
3955,Counting
3955,Prefix Sum
3952,Array
3954,Array
3954,Dynamic Programming
3954,Stack
3954,Greedy
3954,Monotonic Stack
3944,Array
3944,Binary Search
3956,Array
3956,Dynamic Programming
3992,Array
3992,Hash Table
3992,Sliding Window
3996,
3973,Array
3973,Two Pointers
3973,Matrix
3950,Array
3950,Bit Manipulation
3959,Array
3959,Two Pointers
3959,Greedy
3959,Sorting
3959,Heap (Priority Queue)
3951,Backtracking
3951,Bit Manipulation
3987,Array
3987,Dynamic Programming
3945,Math
3963,Array
3963,Math
3963,Two Pointers
3963,Sorting
3887,Graph Theory
3887,Heap (Priority Queue)
3887,Shortest Path
3889,Array
3889,Dynamic Programming
3889,Matrix
3980,Array
3980,Sliding Window
3980,Prefix Sum
3974,Array
3974,Divide and Conquer
3974,Simulation
3974,Prefix Sum
3966,Array
3966,Hash Table
3966,Dynamic Programming
3966,Prefix Sum
3975,Array
3975,Divide and Conquer
3975,Prefix Sum
4006,Array
4006,Binary Search
4006,Graph Theory
4006,Sorting
4006,Prefix Sum
4025,
3995,Math
3995,Number Theory
3979,Array
3979,Hash Table
3979,Counting
3981,Array
3981,Dynamic Programming
3982,Array
3982,Binary Search
3982,Dynamic Programming
3982,Sorting
4017,Hash Table
4017,String
4017,Counting
3994,Array
3994,Hash Table
3994,Math
3994,Counting
3877,Array
3877,Hash Table
3877,String
3877,Counting
3877,Enumeration
3938,Array
3938,Dynamic Programming
3938,Matrix
3983,Math
3983,String
3983,Breadth-First Search
3983,Union-Find
3983,Ordered Set
4029,Array
4029,Math
4029,Two Pointers
4029,Sorting
4008,Array
4008,Hash Table
3947,Math
3947,Backtracking
3947,Number Theory
3915,Array
3915,Dynamic Programming
3915,Bit Manipulation
3989,Array
3989,Math
3989,Binary Indexed Tree
3989,Number Theory
4036,Array
4036,Hash Table
4036,Sliding Window
4036,Counting
4036,Ordered Set
4043,
3998,Array
3998,Bit Manipulation
3998,Brainteaser
3999,String
3999,Greedy
4000,Array
4000,Stack
4000,Monotonic Stack
4023,Math
4023,Bit Manipulation
4011,Array
4011,Hash Table
3953,Array
3953,Hash Table
3953,Sliding Window
3953,Simulation
3953,Counting
3991,Array
3991,Math
3991,Greedy
3990,Array
3990,Math
3990,Greedy
3990,Bit Manipulation
4050,Array
4050,Hash Table
4012,Array
3997,Array
3997,Hash Table
3997,Greedy
3997,Sorting
3873,Array
3873,Two Pointers
3873,Dynamic Programming
3873,Sorting
4027,Array
4027,Dynamic Programming
4060,Array
4060,Simulation
4009,Array
4009,Bit Manipulation
4009,Simulation
4005,Array
4005,Greedy
3928,Array
3928,Hash Table
3928,Breadth-First Search
4007,Array
4007,Greedy
4007,Segment Tree
4007,Heap (Priority Queue)
4053,Hash Table
4053,String
4053,Counting
4041,Array
4041,Dynamic Programming
4021,Hash Table
4021,String
4021,Sliding Window
4021,Prefix Sum
4010,Array
4010,Greedy
4010,Union-Find
4010,Sorting
4066,Array
4066,String
4039,Array
4039,Math
4015,Array
4015,Prefix Sum
3962,Dynamic Programming
3962,Prefix Sum
3964,Math
3964,Dynamic Programming
4058,Array
4058,Simulation
4033,Array
4033,Bit Manipulation
4019,String
4019,Stack
4019,Simulation
4049,Math
4049,Dynamic Programming
4091,
4070,Array
4070,String
4052,String
4052,Prefix Sum
4003,Array
4059,Array
4059,Binary Search
4059,Design
4059,Prefix Sum
4035,Array
4035,Binary Search
4035,Depth-First Search
4035,Breadth-First Search
4035,Union-Find
4035,Graph Theory
4081,Array
4081,Greedy
4081,Heap (Priority Queue)
4068,Array
4068,Hash Table
4068,Counting
4055,Hash Table
4055,String
4055,Counting
4055,Enumeration
4056,Hash Table
4056,String
4056,Prefix Sum
3957,Array
3957,Hash Table
3957,Math
3957,Tree
3957,Depth-First Search
3957,Counting
3957,Number Theory
4103,
4108,Array
4108,Dynamic Programming
4080,Array
4080,Hash Table
4045,Array
4045,Hash Table
4045,Divide and Conquer
4045,Segment Tree
4045,Prefix Sum
4020,Hash Table
4020,String
4020,Greedy
4020,Counting
4020,Enumeration
4047,Array
4047,Hash Table
4047,Divide and Conquer
4047,Segment Tree
4047,Prefix Sum
4073,Two Pointers
4073,Binary Search
4073,Enumeration
4084,Math
4084,Greedy
4042,Array
4042,Greedy
4069,Array
4069,Math
4069,Dynamic Programming
4069,Matrix
4069,Combinatorics
4069,Number Theory
4051,Math
4051,Simulation
4078,Array
4078,Greedy
4078,Sorting
4083,Array
4083,Hash Table
4083,Prefix Sum
4063,Array
4063,Hash Table
4063,Prefix Sum
4109,Array
4109,Two Pointers
4109,Greedy
4109,Sorting
4107,Array
4107,Hash Table
4107,Sorting
4101,Array
4101,Math
4101,Greedy
4101,Sorting
4048,Math
4048,Binary Search
4037,Two Pointers
4037,String
4037,Enumeration
4106,String
4106,Binary Search
4106,Rolling Hash
4106,Suffix Array
4106,Hash Function
4116,Array
4116,Math
4074,Array
4074,Hash Table
4074,Divide and Conquer
4074,Segment Tree
4074,Merge Sort
4074,Counting
4074,Prefix Sum
4098,Array
4098,Dynamic Programming
4075,Array
4075,Hash Table
4075,Divide and Conquer
4075,Segment Tree
4075,Merge Sort
4075,Prefix Sum
4115,Array
4115,Hash Table
4119,Array
4119,Hash Table
3986,Array
3986,Dynamic Programming
3986,Matrix
4030,Array
4030,Dynamic Programming
4113,String
4112,Array
4112,Greedy
4112,Sorting
4112,Enumeration
4090,String
4090,Stack
4090,Counting
4054,Math
4054,Dynamic Programming
4110,Array
4110,Binary Search
4110,Prefix Sum
4140,Hash Table
4140,Math
4140,String
4140,Divide and Conquer
4140,Stack
4126,Math
4126,Two Pointers
4126,String
4126,Bit Manipulation
4057,Math
4057,Dynamic Programming
4057,Enumeration
4077,Array
4077,Math
4077,Two Pointers
4077,Greedy
4077,Sorting
4128,Math
4128,Dynamic Programming
4135,Math
3946,Array
3946,Hash Table
3946,Bit Manipulation
3946,Prefix Sum
4136,Math
4136,String
4136,Prefix Sum
4134,Array
4134,Math
4134,Dynamic Programming
4134,Bit Manipulation
4134,Combinatorics
4148,String
4148,Trie
4141,Array
4141,Binary Search
4141,Divide and Conquer
4141,Sorting
4141,Quickselect
4087,Hash Table
4087,String
4139,Array
4139,Hash Table
4139,Math
4022,Array
4022,Math
4022,Binary Search
4022,Segment Tree
4022,Sorting
4166,Array
4166,Greedy
4166,Sorting
4166,Heap (Priority Queue)
4169,
4100,Math
4100,Enumeration
4100,Number Theory
4099,Array
4099,Two Pointers
4099,Binary Search
4099,Bit Manipulation
4089,Array
4089,Greedy
4089,Sorting
4089,Heap (Priority Queue)
4145,Array
4145,Segment Tree
4145,Sliding Window
4150,Array
4150,Sorting
4085,Array
4085,Math
4085,Number Theory
4146,Array
4146,Binary Search
4146,Prefix Sum
4151,Array
4151,Dynamic Programming
4151,Tree
4151,Depth-First Search
4155,Hash Table
4155,String
4155,Counting
4158,Array
4158,Sorting
4157,Two Pointers
4157,String
4157,Simulation
4018,Array
4018,Greedy
4018,Sorting
4064,String
4064,Segment Tree
4127,
4162,Array
4162,Hash Table
4160,Array
4160,Greedy
4160,Sorting
4160,Heap (Priority Queue)
4130,Array
4130,String
4130,Greedy
4130,Heap (Priority Queue)
4164,Math
4164,Recursion
4168,Math
4138,Array
4138,Hash Table
4138,String
4138,Enumeration
4061,Array
4061,Hash Table
4061,Greedy
4061,Counting
4072,Array
4072,Tree
4072,Depth-First Search
4165,Tree
4165,Breadth-First Search
4165,Graph Theory
4173,Array
4173,Prefix Sum
4147,Math
4147,Greedy
4175,Hash Table
4175,Math
4095,Dynamic Programming
4172,Math
4172,Simulation
4195,
4177,Two Pointers
4177,String
4152,Array
4152,Hash Table
4152,Sliding Window
3807,Array
3807,Greedy
4153,Array
4153,Dynamic Programming
4153,Matrix
4153,Prefix Sum
4179,String
4071,Array
4071,String
4071,Backtracking
4071,Sorting
4071,Enumeration
4156,String
4156,Greedy
4144,Array
4144,Two Pointers
4144,Binary Search
4144,Dynamic Programming
4144,Bit Manipulation
4132,
4186,Hash Table
4186,String
4129,Array
4129,Hash Table
4129,Enumeration
4183,Array
4183,Hash Table
4183,Math
4183,String
4183,Counting
4154,Array
4154,Greedy
4154,Bit Manipulation
4154,Sorting
4197,Binary Search
4197,Breadth-First Search
4197,Graph Theory
4208,
4187,Array
4190,Array
4190,Hash Table
4190,Greedy
4143,Array
4143,Hash Table
4143,Dynamic Programming
4143,Bit Manipulation
4181,Tree
4181,Depth-First Search
4181,Graph Theory
4181,Topological Sort
4181,Sorting
4178,String
4178,Simulation
4079,Array
4079,Two Pointers
4079,Binary Search
4079,Sorting
4067,Hash Table
4067,Design
4067,Heap (Priority Queue)
4067,Ordered Set
4086,Hash Table
4086,String
4086,Stack
4086,Greedy
4086,Monotonic Stack
4207,Math
4207,String
4199,Array
4171,Array
4171,Simulation
4180,Tree
4180,Breadth-First Search
4189,Math
4189,Bit Manipulation
4189,Combinatorics
4201,Hash Table
4201,Design
4200,Two Pointers
4200,String
4200,Simulation
4176,Array
4176,Binary Search
4032,Array
4032,Binary Search
4032,Bit Manipulation
4032,Enumeration
4121,Array
4121,Divide and Conquer
4121,Dynamic Programming
4121,Queue
4121,Prefix Sum
4121,Monotonic Queue
4194,Bit Manipulation
4194,Enumeration
4122,Array
4122,Math
4122,Brainteaser
4122,Game Theory
4118,Hash Table
4118,Design
4118,Queue
4118,Data Stream
4198,Array
4198,Dynamic Programming
4198,Enumeration
4210,Tree
4210,Depth-First Search
4210,Breadth-First Search
4210,Binary Search Tree
4210,Binary Tree
4227,
4214,Array
4214,Enumeration
4213,Array
4213,Stack
4213,Simulation
4211,Array
4211,Queue
4211,Monotonic Queue
4202,Array
4202,Dynamic Programming
4228,Array
4228,Hash Table
4228,Counting
4216,Array
4216,String
4216,Simulation
4137,Array
4137,Hash Table
4137,String
4137,Counting
4062,Array
4062,Dynamic Programming
4209,Array
4209,String
4209,Divide and Conquer
4209,Bit Manipulation
4209,Tree
4209,Depth-First Search
4209,Segment Tree
4212,Array
4212,Hash Table
4212,Sorting
4212,Simulation
4217,Array
4217,Hash Table
4217,Counting
4221,Two Pointers
4221,String
4221,Dynamic Programming
4204,Array
4204,Bit Manipulation
4204,Trie
4204,Queue
4204,Sliding Window
4204,Prefix Sum
4204,Monotonic Queue
4170,Hash Table
4170,String
4224,Array
4224,Simulation
4226,Math
4226,Counting
4044,String
4044,Greedy
4044,Bit Manipulation
4065,Array
4065,Math
4065,Dynamic Programming
4065,Memoization
4065,Number Theory
4250,Array
4250,Hash Table
4250,Greedy
4250,Sliding Window
4250,Sorting
4231,Array
4231,Hash Table
4231,Counting
4013,Hash Table
4013,String
4219,Array
4219,Greedy
4239,Math
4239,Divide and Conquer
4239,Combinatorics
4239,Number Theory
4229,String
4024,Math
4024,Dynamic Programming
4161,Array
4161,Greedy
4161,Bit Manipulation
4161,Matrix
4002,Array
4002,Hash Table
4002,Sliding Window
4002,Counting
4241,Array
4241,Hash Table
4241,String
4247,Array
4240,Array
4240,Prefix Sum
4220,String
4192,String
4192,Divide and Conquer
4192,Prefix Sum
4261,Array
4261,Two Pointers
4252,Array
4252,Hash Table
4252,Counting
4242,Array
4242,Math
4242,Two Pointers
4242,Sorting
4242,Simulation
4242,Number Theory
4253,Array
4253,Hash Table
4253,Greedy
4253,Counting
4159,Math
4159,Dynamic Programming
4245,Math
4248,Math
4230,Array
4230,Enumeration
4249,Array
4249,Hash Table
4249,Union-Find
4269,Array
4269,Math
4256,Array
4256,Math
4258,Array
4258,Math
4097,Array
4097,Dynamic Programming
4097,Bit Manipulation
4222,Array
4222,Stack
4222,Bit Manipulation
4222,Monotonic Stack
4218,Hash Table
4218,Tree
4218,Depth-First Search
4218,Binary Tree
4255,Array
4255,Enumeration
4251,Math
4251,Combinatorics
4205,Array
4205,Dynamic Programming
4205,Bit Manipulation
4205,Matrix
4259,Array
4259,Dynamic Programming
4259,Prefix Sum
4264,Two Pointers
4264,String
4267,Array
4267,Hash Table
4267,Design
4267,Heap (Priority Queue)
4267,Ordered Set
4257,Array
4257,Math
4257,Sorting
4257,Enumeration
4114,Union-Find
4114,Graph Theory
4276,Array
4276,Math
4276,Matrix
4276,Prefix Sum
4273,Hash Table
4273,String
4273,Counting
4268,Hash Table
4268,Sorting
4268,Counting
4268,Enumeration
4149,Array
4149,Dynamic Programming
4149,Greedy
4149,Prefix Sum
4263,Array
4263,Dynamic Programming
4288,
4275,Math
4275,String
4275,Simulation
4280,Array
4280,Math
4277,Array
4277,Math
4277,Two Pointers
4277,Binary Search
4277,Sorting
4277,Number Theory
4278,Array
4278,Greedy
4278,Sorting
4271,Array
4271,Graph Theory
4271,Matrix
4266,Array
4266,Math
4266,Geometry
4265,Hash Table
4265,String
4265,Prefix Sum
4215,Array
4215,Math
4215,Segment Tree
4215,Number Theory
4296,Tree
4296,Breadth-First Search
4296,Binary Tree
4284,Array
4284,Prefix Sum
4285,Array
4285,Prefix Sum
4283,Array
4283,Breadth-First Search
4283,Matrix
4124,Dynamic Programming
4298,
4286,Math
4292,Array
4279,Array
4279,Bit Manipulation
4279,Depth-First Search
4279,Breadth-First Search
4279,Union-Find
4279,Graph Theory
4279,Enumeration
4287,Array
4287,Binary Search
4290,Array
4282,String
4282,Sorting
4282,Counting
4270,Array
4270,Greedy
4260,Array
4260,Dynamic Programming
4260,Segment Tree
4046,Math
4046,Dynamic Programming
4046,Prefix Sum
4295,Array
4297,Math
4297,Number Theory
4291,Array
4291,Greedy
4291,Prefix Sum
4294,Array
4294,Binary Search
4294,Sorting
4281,Array
4281,String
4281,Simulation
4131,String
4133,Array
4133,Hash Table
4133,Simulation
4102,Binary Search
4102,Breadth-First Search
4102,Graph Theory
4299,Array
4299,Simulation
4293,Array
4293,Hash Table
4293,String
4293,Counting
4301,Array
4301,Hash Table
4301,Math
4301,Greedy
4301,Number Theory
3976,Array
3976,Graph Theory
3976,Heap (Priority Queue)
3976,Shortest Path
4191,Array
4191,Binary Search
4191,Dynamic Programming
4191,Prefix Sum
3978,Array
3978,Hash Table
3978,Math
3978,Segment Tree
3978,Sorting
4305,String
4303,Math
4303,Binary Search
3802,Array
3802,Matrix
3802,Prefix Sum
4105,Array
4105,Hash Table
4105,Binary Search
4105,Rolling Hash
4105,Suffix Array
4105,Hash Function
3970,Array
3970,Hash Table
3970,Math
3970,Segment Tree
3970,Sorting
3970,Heap (Priority Queue)
4316,Array
4316,Two Pointers
4300,Array
4300,Enumeration
3901,Array
3901,Dynamic Programming
3901,Matrix
3901,Prefix Sum
3977,Array
3977,Dynamic Programming
3977,Tree
3977,Depth-First Search
4312,Array
4312,Two Pointers
4313,Hash Table
4313,String
4184,Array
4076,Array
4076,Hash Table
4076,Divide and Conquer
4076,Counting
4302,Array
4302,Enumeration
4321,Hash Table
4321,Math
3742,Array
3742,Dynamic Programming
3742,Greedy
3745,Array
3745,Greedy
3745,Sorting
3745,Heap (Priority Queue)
4174,Array
4174,Hash Table
4174,Greedy
4174,Queue
3874,Array
3874,Dynamic Programming
3874,Tree
3874,Depth-First Search
4307,Bit Manipulation
4306,Array
4306,Sorting
4142,Array
4142,String
4142,Dynamic Programming
4142,Greedy
4182,Array
4182,Hash Table
4182,Math
4182,Combinatorics
4182,Enumeration
4182,Number Theory
4319,Dynamic Programming
4319,Bit Manipulation
4319,Enumeration
4289,String
4289,Backtracking
4289,Bit Manipulation
4289,Enumeration
4123,Array
4123,Binary Search
4123,Dynamic Programming
4123,Queue
4123,Sliding Window
4123,Prefix Sum
4123,Monotonic Queue
4125,Array
4125,Binary Search
4125,Dynamic Programming
4125,Queue
4125,Sliding Window
4125,Prefix Sum
4125,Monotonic Queue
4026,Math
4332,
4322,
4004,
4246,
4342,
4330,
4092,
4310,
4093,
4340,
4318,
4104,
4274,
4320,
3984,
4348,
3724,
3730,
4206,
