problem_id,title,title_slug,difficulty,acceptance_rate,likes,dislikes,is_paid_only,topic_tags
1,Two Sum,two-sum,Easy,57.70350493538261,69165,2579,False,"Array, Hash Table"
2,Add Two Numbers,add-two-numbers,Medium,48.71669360068033,36981,7272,False,"Linked List, Math, Recursion"
3,Longest Substring Without Repeating Characters,longest-substring-without-repeating-characters,Medium,39.320672303035046,45262,2224,False,"Hash Table, String, Sliding Window"
4,Median of Two Sorted Arrays,median-of-two-sorted-arrays,Hard,46.85888994939445,32382,3590,False,"Array, Binary Search, Divide and Conquer"
5,Longest Palindromic Substring,longest-palindromic-substring,Medium,38.06520115749054,32807,2020,False,"Two Pointers, String, Dynamic Programming"
6,Zigzag Conversion,zigzag-conversion,Medium,54.398773862954286,9439,15971,False,String
7,Reverse Integer,reverse-integer,Medium,32.05664532724371,15659,14017,False,Math
8,String to Integer (atoi),string-to-integer-atoi,Medium,21.200574213506208,6327,15706,False,String
9,Palindrome Number,palindrome-number,Easy,60.66968850181881,16060,2941,False,Math
10,Regular Expression Matching,regular-expression-matching,Hard,31.14338041249809,13403,2408,False,"String, Dynamic Programming, Recursion"
11,Container With Most Water,container-with-most-water,Medium,60.259444239162264,34550,2221,False,"Array, Two Pointers, Greedy"
12,Integer to Roman,integer-to-roman,Medium,71.1944417766172,8620,5730,False,"Hash Table, Math, String"
13,Roman to Integer,roman-to-integer,Easy,66.78101770534323,17865,1246,False,"Hash Table, Math, String"
14,Longest Common Prefix,longest-common-prefix,Easy,47.796978991895806,21561,4946,False,"Array, String, Trie"
15,3Sum,3sum,Medium,39.31826266569421,35853,3301,False,"Array, Two Pointers, Sorting"
16,3Sum Closest,3sum-closest,Medium,48.777042618215695,11731,622,False,"Array, Two Pointers, Sorting"
17,Letter Combinations of a Phone Number,letter-combinations-of-a-phone-number,Medium,66.2957462914942,21122,1138,False,"Hash Table, String, Backtracking"
18,4Sum,4sum,Medium,40.92838023567058,12988,1544,False,"Array, Two Pointers, Sorting"
19,Remove Nth Node From End of List,remove-nth-node-from-end-of-list,Medium,51.906582222087515,21399,915,False,"Linked List, Two Pointers"
20,Valid Parentheses,valid-parentheses,Easy,44.380377608712465,28143,2014,False,"String, Stack"
21,Merge Two Sorted Lists,merge-two-sorted-lists,Easy,68.46386372469621,25139,2451,False,"Linked List, Recursion"
22,Generate Parentheses,generate-parentheses,Medium,78.82159975117699,23403,1088,False,"String, Dynamic Programming, Backtracking"
23,Merge k Sorted Lists,merge-k-sorted-lists,Hard,59.83913092775847,21425,796,False,"Linked List, Divide and Conquer, Heap (Priority Queue), Merge Sort"
24,Swap Nodes in Pairs,swap-nodes-in-pairs,Medium,69.7443922610968,13240,519,False,"Linked List, Recursion"
25,Reverse Nodes in k-Group,reverse-nodes-in-k-group,Hard,66.44623027469316,15796,809,False,"Linked List, Recursion"
26,Remove Duplicates from Sorted Array,remove-duplicates-from-sorted-array,Easy,63.10136490268534,19369,20564,False,"Array, Two Pointers"
27,Remove Element,remove-element,Easy,61.98748620906418,5232,5388,False,"Array, Two Pointers"
28,Find the Index of the First Occurrence in a String,find-the-index-of-the-first-occurrence-in-a-string,Easy,46.84003762257436,7716,588,False,"Two Pointers, String, String Matching"
29,Divide Two Integers,divide-two-integers,Medium,19.95115182198261,6184,15292,False,"Math, Bit Manipulation"
30,Substring with Concatenation of All Words,substring-with-concatenation-of-all-words,Hard,34.601982800113554,2701,442,False,"Hash Table, String, Sliding Window"
31,Next Permutation,next-permutation,Medium,45.535581232036016,21578,5130,False,"Array, Two Pointers"
32,Longest Valid Parentheses,longest-valid-parentheses,Hard,39.04200421850114,13380,468,False,"String, Dynamic Programming, Stack"
33,Search in Rotated Sorted Array,search-in-rotated-sorted-array,Medium,45.11342884101356,30419,1838,False,"Array, Binary Search"
34,Find First and Last Position of Element in Sorted Array,find-first-and-last-position-of-element-in-sorted-array,Medium,49.14213583736823,23469,654,False,"Array, Binary Search"
35,Search Insert Position,search-insert-position,Easy,51.537012304630416,18955,903,False,"Array, Binary Search"
36,Valid Sudoku,valid-sudoku,Medium,64.67474829906394,12584,1270,False,"Array, Hash Table, Matrix"
37,Sudoku Solver,sudoku-solver,Hard,65.59194660053761,11212,348,False,"Array, Hash Table, Backtracking, Matrix"
38,Count and Say,count-and-say,Medium,63.15018177336328,5163,9114,False,String
39,Combination Sum,combination-sum,Medium,76.72028421885764,21136,544,False,"Array, Backtracking"
40,Combination Sum II,combination-sum-ii,Medium,59.64223742394662,12359,392,False,"Array, Backtracking"
41,First Missing Positive,first-missing-positive,Hard,43.13177288701749,18521,1985,False,"Array, Hash Table"
42,Trapping Rain Water,trapping-rain-water,Hard,67.63543230709949,36673,707,False,"Array, Two Pointers, Dynamic Programming, Stack, Monotonic Stack"
43,Multiply Strings,multiply-strings,Medium,44.3497642373405,7789,3697,False,"Math, String, Simulation"
44,Wildcard Matching,wildcard-matching,Hard,32.22444546651593,9183,422,False,"String, Dynamic Programming, Greedy, Recursion"
45,Jump Game II,jump-game-ii,Medium,43.049276174370554,16644,711,False,"Array, Dynamic Programming, Greedy"
46,Permutations,permutations,Medium,82.0599064847033,20989,386,False,"Array, Backtracking"
47,Permutations II,permutations-ii,Medium,63.64575244715625,9206,163,False,"Array, Backtracking, Sorting"
48,Rotate Image,rotate-image,Medium,80.28642921619803,20194,975,False,"Array, Math, Matrix"
49,Group Anagrams,group-anagrams,Medium,72.81562323346733,22243,761,False,"Array, Hash Table, String, Sorting"
50,"Pow(x, n)",powx-n,Medium,38.85659845188937,11808,10578,False,"Math, Recursion"
51,N-Queens,n-queens,Hard,75.86713304316386,14508,353,False,"Array, Backtracking"
52,N-Queens II,n-queens-ii,Hard,78.88876313189182,4322,283,False,Backtracking
53,Maximum Subarray,maximum-subarray,Medium,53.48430966903405,38028,1618,False,"Array, Divide and Conquer, Dynamic Programming"
54,Spiral Matrix,spiral-matrix,Medium,57.10006677167869,17612,1584,False,"Array, Matrix, Simulation"
55,Jump Game,jump-game,Medium,41.078149802881725,21910,1498,False,"Array, Dynamic Programming, Greedy"
56,Merge Intervals,merge-intervals,Medium,52.1378178972095,24822,910,False,"Array, Sorting"
57,Insert Interval,insert-interval,Medium,45.432986448695864,11955,923,False,Array
58,Length of Last Word,length-of-last-word,Easy,59.076190851679215,6506,365,False,String
59,Spiral Matrix II,spiral-matrix-ii,Medium,75.25699682354757,6952,289,False,"Array, Matrix, Simulation"
60,Permutation Sequence,permutation-sequence,Hard,53.46240717599575,7318,511,False,"Math, Recursion"
61,Rotate List,rotate-list,Medium,42.78854262202735,11533,1558,False,"Linked List, Two Pointers"
62,Unique Paths,unique-paths,Medium,66.96821630720906,18497,499,False,"Math, Dynamic Programming, Combinatorics"
63,Unique Paths II,unique-paths-ii,Medium,44.65132600016829,9752,563,False,"Array, Dynamic Programming, Matrix"
64,Minimum Path Sum,minimum-path-sum,Medium,68.42790493093769,13777,203,False,"Array, Dynamic Programming, Matrix"
65,Valid Number,valid-number,Hard,23.139717988198065,1516,2217,False,String
66,Plus One,plus-one,Easy,50.129943667451315,11938,5613,False,"Array, Math"
67,Add Binary,add-binary,Easy,58.19157856397151,10836,1119,False,"Math, String, Bit Manipulation, Simulation"
68,Text Justification,text-justification,Hard,51.40936215846427,4600,5424,False,"Array, String, Simulation"
69,Sqrt(x),sqrtx,Easy,41.98092725895747,9783,4647,False,"Math, Binary Search"
70,Climbing Stairs,climbing-stairs,Easy,54.163254045039174,24646,1051,False,"Math, Dynamic Programming, Memoization"
71,Simplify Path,simplify-path,Medium,50.817714550777815,6623,1422,False,"String, Stack"
72,Edit Distance,edit-distance,Medium,60.82133137533725,16568,328,False,"String, Dynamic Programming"
73,Set Matrix Zeroes,set-matrix-zeroes,Medium,63.19380753070769,17294,868,False,"Array, Hash Table, Matrix"
74,Search a 2D Matrix,search-a-2d-matrix,Medium,54.18422736771383,18071,486,False,"Array, Binary Search, Matrix"
75,Sort Colors,sort-colors,Medium,69.89358231911326,21845,774,False,"Array, Two Pointers, Sorting"
76,Minimum Window Substring,minimum-window-substring,Hard,47.82063042912941,20394,860,False,"Hash Table, String, Sliding Window"
77,Combinations,combinations,Medium,74.74301292029504,8972,256,False,Backtracking
78,Subsets,subsets,Medium,82.48431441999395,19349,343,False,"Array, Backtracking, Bit Manipulation"
79,Word Search,word-search,Medium,47.60332363910707,17816,759,False,"Array, String, Backtracking, Depth-First Search, Matrix"
80,Remove Duplicates from Sorted Array II,remove-duplicates-from-sorted-array-ii,Medium,64.86698896941928,8364,1522,False,"Array, Two Pointers"
81,Search in Rotated Sorted Array II,search-in-rotated-sorted-array-ii,Medium,40.18095861589897,9748,1129,False,"Array, Binary Search"
82,Remove Duplicates from Sorted List II,remove-duplicates-from-sorted-list-ii,Medium,52.01107074900536,9738,284,False,"Linked List, Two Pointers"
83,Remove Duplicates from Sorted List,remove-duplicates-from-sorted-list,Easy,56.954940557978375,9949,380,False,Linked List
84,Largest Rectangle in Histogram,largest-rectangle-in-histogram,Hard,50.22241331046461,19839,394,False,"Array, Stack, Monotonic Stack"
85,Maximal Rectangle,maximal-rectangle,Hard,59.099595275648944,12172,228,False,"Array, Dynamic Programming, Stack, Matrix, Monotonic Stack"
86,Partition List,partition-list,Medium,61.44275248991686,8113,985,False,"Linked List, Two Pointers"
87,Scramble String,scramble-string,Hard,44.866214977118176,3659,1318,False,"String, Dynamic Programming"
88,Merge Sorted Array,merge-sorted-array,Easy,55.112718426375764,19211,2665,False,"Array, Two Pointers, Sorting"
89,Gray Code,gray-code,Medium,65.22243315364365,2562,2842,False,"Math, Backtracking, Bit Manipulation"
90,Subsets II,subsets-ii,Medium,61.5115886792558,11034,418,False,"Array, Backtracking, Bit Manipulation"
91,Decode Ways,decode-ways,Medium,38.148110984705184,12978,4616,False,"String, Dynamic Programming"
92,Reverse Linked List II,reverse-linked-list-ii,Medium,51.76190138564456,13047,794,False,Linked List
93,Restore IP Addresses,restore-ip-addresses,Medium,56.32184311666787,5704,824,False,"String, Backtracking"
94,Binary Tree Inorder Traversal,binary-tree-inorder-traversal,Easy,80.24118260546462,15008,904,False,"Stack, Tree, Depth-First Search, Binary Tree"
95,Unique Binary Search Trees II,unique-binary-search-trees-ii,Medium,62.72487861342621,7980,584,False,"Dynamic Programming, Backtracking, Tree, Binary Search Tree, Binary Tree"
96,Unique Binary Search Trees,unique-binary-search-trees,Medium,63.83236537442405,11069,448,False,"Math, Dynamic Programming, Tree, Binary Search Tree, Binary Tree"
97,Interleaving String,interleaving-string,Medium,44.22550022003693,8891,557,False,"String, Dynamic Programming"
98,Validate Binary Search Tree,validate-binary-search-tree,Medium,35.92317950074223,18503,1464,False,"Tree, Depth-First Search, Binary Search Tree, Binary Tree"
99,Recover Binary Search Tree,recover-binary-search-tree,Medium,60.046809245349166,8682,293,False,"Tree, Depth-First Search, Binary Search Tree, Binary Tree"
100,Same Tree,same-tree,Easy,67.38076655346256,12990,305,False,"Tree, Depth-First Search, Breadth-First Search, Binary Tree"
101,Symmetric Tree,symmetric-tree,Easy,61.44719152563153,16937,462,False,"Tree, Depth-First Search, Breadth-First Search, Binary Tree"
102,Binary Tree Level Order Traversal,binary-tree-level-order-traversal,Medium,72.92037405661212,17179,387,False,"Tree, Breadth-First Search, Binary Tree"
103,Binary Tree Zigzag Level Order Traversal,binary-tree-zigzag-level-order-traversal,Medium,63.93990823683635,12165,361,False,"Tree, Breadth-First Search, Binary Tree"
104,Maximum Depth of Binary Tree,maximum-depth-of-binary-tree,Easy,78.31426758258205,14416,296,False,"Tree, Depth-First Search, Breadth-First Search, Binary Tree"
105,Construct Binary Tree from Preorder and Inorder Traversal,construct-binary-tree-from-preorder-and-inorder-traversal,Medium,69.05268675673885,16769,638,False,"Array, Hash Table, Divide and Conquer, Tree, Binary Tree"
106,Construct Binary Tree from Inorder and Postorder Traversal,construct-binary-tree-from-inorder-and-postorder-traversal,Medium,68.95344880437136,8743,161,False,"Array, Hash Table, Divide and Conquer, Tree, Binary Tree"
107,Binary Tree Level Order Traversal II,binary-tree-level-order-traversal-ii,Medium,68.4535265891808,5201,335,False,"Tree, Breadth-First Search, Binary Tree"
108,Convert Sorted Array to Binary Search Tree,convert-sorted-array-to-binary-search-tree,Easy,75.72184881647357,11990,649,False,"Array, Divide and Conquer, Tree, Binary Search Tree, Binary Tree"
109,Convert Sorted List to Binary Search Tree,convert-sorted-list-to-binary-search-tree,Medium,66.85346949577465,7917,175,False,"Linked List, Divide and Conquer, Tree, Binary Search Tree, Binary Tree"
110,Balanced Binary Tree,balanced-binary-tree,Easy,58.607036710405424,12283,842,False,"Tree, Depth-First Search, Binary Tree"
111,Minimum Depth of Binary Tree,minimum-depth-of-binary-tree,Easy,53.187052794835466,7889,1367,False,"Tree, Depth-First Search, Breadth-First Search, Binary Tree"
112,Path Sum,path-sum,Easy,55.169363119914635,10812,1219,False,"Tree, Depth-First Search, Breadth-First Search, Binary Tree"
113,Path Sum II,path-sum-ii,Medium,62.41769972952914,8685,172,False,"Backtracking, Tree, Depth-First Search, Binary Tree"
114,Flatten Binary Tree to Linked List,flatten-binary-tree-to-linked-list,Medium,70.97924251784445,13797,604,False,"Linked List, Stack, Tree, Depth-First Search, Binary Tree"
115,Distinct Subsequences,distinct-subsequences,Hard,52.09087006951288,7460,321,False,"String, Dynamic Programming"
116,Populating Next Right Pointers in Each Node,populating-next-right-pointers-in-each-node,Medium,67.36533058099586,10473,329,False,"Linked List, Tree, Depth-First Search, Breadth-First Search, Binary Tree"
117,Populating Next Right Pointers in Each Node II,populating-next-right-pointers-in-each-node-ii,Medium,57.741727523061726,6224,344,False,"Linked List, Tree, Depth-First Search, Breadth-First Search, Binary Tree"
118,Pascal's Triangle,pascals-triangle,Easy,79.09763723113845,15063,571,False,"Array, Dynamic Programming"
119,Pascal's Triangle II,pascals-triangle-ii,Easy,67.6214676714131,5360,372,False,"Array, Dynamic Programming"
120,Triangle,triangle,Medium,59.92095790483977,10921,614,False,"Array, Dynamic Programming"
121,Best Time to Buy and Sell Stock,best-time-to-buy-and-sell-stock,Easy,56.97646740190674,35955,1426,False,"Array, Dynamic Programming"
122,Best Time to Buy and Sell Stock II,best-time-to-buy-and-sell-stock-ii,Medium,71.25264179910694,15479,2817,False,"Array, Dynamic Programming, Greedy"
123,Best Time to Buy and Sell Stock III,best-time-to-buy-and-sell-stock-iii,Hard,54.037580920136584,10644,232,False,"Array, Dynamic Programming"
124,Binary Tree Maximum Path Sum,binary-tree-maximum-path-sum,Hard,42.44026557900115,18592,794,False,"Dynamic Programming, Tree, Depth-First Search, Binary Tree"
125,Valid Palindrome,valid-palindrome,Easy,53.609155560148544,11813,8651,False,"Two Pointers, String"
126,Word Ladder II,word-ladder-ii,Hard,27.794255247779954,6626,836,False,"Hash Table, String, Backtracking, Breadth-First Search"
127,Word Ladder,word-ladder,Hard,45.87153534148886,13605,1969,False,"Hash Table, String, Breadth-First Search"
128,Longest Consecutive Sequence,longest-consecutive-sequence,Medium,47.15179015829089,23105,1247,False,"Array, Hash Table, Union-Find"
129,Sum Root to Leaf Numbers,sum-root-to-leaf-numbers,Medium,70.07494998132708,8710,160,False,"Tree, Depth-First Search, Binary Tree"
130,Surrounded Regions,surrounded-regions,Medium,45.63378049755782,9983,2249,False,"Array, Depth-First Search, Breadth-First Search, Union-Find, Matrix"
131,Palindrome Partitioning,palindrome-partitioning,Medium,74.22927309242361,14398,576,False,"String, Dynamic Programming, Backtracking"
132,Palindrome Partitioning II,palindrome-partitioning-ii,Hard,37.31650771859362,5985,159,False,"String, Dynamic Programming"
133,Clone Graph,clone-graph,Medium,65.58209427236403,10678,4210,False,"Hash Table, Depth-First Search, Breadth-First Search, Graph Theory"
134,Gas Station,gas-station,Medium,48.20887525032215,13612,1399,False,"Array, Greedy"
135,Candy,candy,Hard,48.67276320952782,9413,861,False,"Array, Greedy"
136,Single Number,single-number,Easy,77.8768316034395,18961,911,False,"Array, Bit Manipulation"
137,Single Number II,single-number-ii,Medium,67.33076265501934,8741,752,False,"Array, Bit Manipulation"
138,Copy List with Random Pointer,copy-list-with-random-pointer,Medium,63.16303925170966,15672,1690,False,"Hash Table, Linked List"
139,Word Break,word-break,Medium,49.58933394374099,18785,908,False,"Array, Hash Table, String, Dynamic Programming, Trie, Memoization"
140,Word Break II,word-break-ii,Hard,55.743083880418496,7601,551,False,"Array, Hash Table, String, Dynamic Programming, Backtracking, Trie, Memoization"
141,Linked List Cycle,linked-list-cycle,Easy,54.56455392744123,17667,1595,False,"Hash Table, Linked List, Two Pointers"
142,Linked List Cycle II,linked-list-cycle-ii,Medium,58.340452624682705,15261,1097,False,"Hash Table, Linked List, Two Pointers"
143,Reorder List,reorder-list,Medium,65.55747451964086,12657,525,False,"Linked List, Two Pointers, Stack, Recursion"
144,Binary Tree Preorder Traversal,binary-tree-preorder-traversal,Easy,76.02850013415778,8933,237,False,"Stack, Tree, Depth-First Search, Binary Tree"
145,Binary Tree Postorder Traversal,binary-tree-postorder-traversal,Easy,78.41740872076734,7835,228,False,"Stack, Tree, Depth-First Search, Binary Tree"
146,LRU Cache,lru-cache,Medium,47.56561256314431,23264,1245,False,"Hash Table, Linked List, Design, Doubly-Linked List"
147,Insertion Sort List,insertion-sort-list,Medium,59.447969220846566,3428,884,False,"Linked List, Sorting"
148,Sort List,sort-list,Medium,64.7371155015377,13119,419,False,"Linked List, Two Pointers, Divide and Conquer, Sorting, Merge Sort"
149,Max Points on a Line,max-points-on-a-line,Hard,30.951287440004656,4559,597,False,"Array, Hash Table, Math, Geometry"
150,Evaluate Reverse Polish Notation,evaluate-reverse-polish-notation,Medium,58.05615602000973,8817,1198,False,"Array, Math, Stack"
151,Reverse Words in a String,reverse-words-in-a-string,Medium,56.84927487010546,10681,5612,False,"Two Pointers, String"
152,Maximum Product Subarray,maximum-product-subarray,Medium,36.585244204385326,20609,833,False,"Array, Dynamic Programming"
153,Find Minimum in Rotated Sorted Array,find-minimum-in-rotated-sorted-array,Medium,54.877576044845554,15582,678,False,"Array, Binary Search"
154,Find Minimum in Rotated Sorted Array II,find-minimum-in-rotated-sorted-array-ii,Hard,46.69097884697833,5325,532,False,"Array, Binary Search"
155,Min Stack,min-stack,Medium,58.325129223832604,16103,1002,False,"Stack, Design"
156,Binary Tree Upside Down,binary-tree-upside-down,Medium,65.53502105090492,307,389,True,"Tree, Depth-First Search, Binary Tree"
157,Read N Characters Given Read4,read-n-characters-given-read4,Easy,42.576261003525595,605,3606,True,"Array, Simulation, Interactive"
158,Read N Characters Given read4 II - Call Multiple Times,read-n-characters-given-read4-ii-call-multiple-times,Hard,43.31202363160332,889,1821,True,"Array, Simulation, Interactive"
159,Longest Substring with At Most Two Distinct Characters,longest-substring-with-at-most-two-distinct-characters,Medium,57.11462413501223,2272,41,True,"Hash Table, String, Sliding Window"
160,Intersection of Two Linked Lists,intersection-of-two-linked-lists,Easy,64.05158098370751,16733,1502,False,"Hash Table, Linked List, Two Pointers"
161,One Edit Distance,one-edit-distance,Medium,34.57428948925204,1449,195,True,"Two Pointers, String"
162,Find Peak Element,find-peak-element,Medium,47.03482601725905,14759,4960,False,"Array, Binary Search"
163,Missing Ranges,missing-ranges,Easy,35.66772340683278,1191,3026,True,Array
164,Maximum Gap,maximum-gap,Medium,52.35015380238616,3590,443,False,"Array, Sorting, Bucket Sort, Radix Sort"
165,Compare Version Numbers,compare-version-numbers,Medium,46.56168445019459,3186,2798,False,"Two Pointers, String"
166,Fraction to Recurring Decimal,fraction-to-recurring-decimal,Medium,31.0327060630144,2602,3865,False,"Hash Table, Math, String"
167,Two Sum II - Input Array Is Sorted,two-sum-ii-input-array-is-sorted,Medium,65.31570232209694,13655,1539,False,"Array, Two Pointers, Binary Search"
168,Excel Sheet Column Title,excel-sheet-column-title,Easy,46.7972623093105,6098,926,False,"Math, String"
169,Majority Element,majority-element,Easy,66.37931014284533,22959,831,False,"Array, Hash Table, Divide and Conquer, Sorting, Counting"
170,Two Sum III - Data structure design,two-sum-iii-data-structure-design,Easy,39.15913992270408,713,462,True,"Array, Hash Table, Two Pointers, Design, Data Stream"
171,Excel Sheet Column Number,excel-sheet-column-number,Easy,67.9611786022357,5122,403,False,"Math, String"
172,Factorial Trailing Zeroes,factorial-trailing-zeroes,Medium,46.91153955494055,3561,1992,False,Math
173,Binary Search Tree Iterator,binary-search-tree-iterator,Medium,76.62939160092918,9287,595,False,"Stack, Tree, Design, Binary Search Tree, Binary Tree, Iterator"
174,Dungeon Game,dungeon-game,Hard,41.57214021543405,6301,118,False,"Array, Dynamic Programming, Matrix"
175,Combine Two Tables,combine-two-tables,Easy,79.66560182989201,4432,258,False,Database
176,Second Highest Salary,second-highest-salary,Medium,47.37904503361695,4299,1014,False,Database
177,Nth Highest Salary,nth-highest-salary,Medium,39.42683574340518,2335,1125,False,Database
178,Rank Scores,rank-scores,Medium,68.04221742521676,2521,304,False,Database
179,Largest Number,largest-number,Medium,43.247559948030194,9515,807,False,"Array, String, Greedy, Sorting"
180,Consecutive Numbers,consecutive-numbers,Medium,48.64721245423455,2774,364,False,Database
181,Employees Earning More Than Their Managers,employees-earning-more-than-their-managers,Easy,73.42619950807283,3200,302,False,Database
182,Duplicate Emails,duplicate-emails,Easy,73.90623472480203,2482,89,False,Database
183,Customers Who Never Order,customers-who-never-order,Easy,71.92882191667739,3114,163,False,Database
184,Department Highest Salary,department-highest-salary,Medium,58.466435089002275,2433,214,False,Database
185,Department Top Three Salaries,department-top-three-salaries,Hard,60.8271745560824,2632,282,False,Database
186,Reverse Words in a String II,reverse-words-in-a-string-ii,Medium,56.74498016411812,1118,146,True,"Two Pointers, String"
187,Repeated DNA Sequences,repeated-dna-sequences,Medium,53.51856885663747,3653,572,False,"Hash Table, String, Bit Manipulation, Sliding Window, Rolling Hash, Hash Function"
188,Best Time to Buy and Sell Stock IV,best-time-to-buy-and-sell-stock-iv,Hard,50.50145149805554,8043,227,False,"Array, Dynamic Programming"
189,Rotate Array,rotate-array,Medium,45.119595856549566,21255,2196,False,"Array, Math, Two Pointers"
190,Reverse Bits,reverse-bits,Easy,68.68887666352823,5936,1686,False,"Divide and Conquer, Bit Manipulation"
191,Number of 1 Bits,number-of-1-bits,Easy,77.03136157730066,7201,1372,False,"Divide and Conquer, Bit Manipulation"
192,Word Frequency,word-frequency,Medium,29.35565688024337,585,311,False,Shell
193,Valid Phone Numbers,valid-phone-numbers,Easy,30.009961041260848,487,983,False,Shell
194,Transpose File,transpose-file,Medium,32.265325129826145,164,290,False,Shell
195,Tenth Line,tenth-line,Easy,37.014662471066735,429,486,False,Shell
196,Delete Duplicate Emails,delete-duplicate-emails,Easy,66.2192094485339,2135,430,False,Database
197,Rising Temperature,rising-temperature,Easy,51.50925966918001,4314,747,False,Database
198,House Robber,house-robber,Medium,53.33379523608093,23649,518,False,"Array, Dynamic Programming"
199,Binary Tree Right Side View,binary-tree-right-side-view,Medium,70.52100119880512,13560,1095,False,"Tree, Depth-First Search, Breadth-First Search, Binary Tree"
200,Number of Islands,number-of-islands,Medium,64.61237799391175,25150,621,False,"Array, Depth-First Search, Breadth-First Search, Union-Find, Matrix"
201,Bitwise AND of Numbers Range,bitwise-and-of-numbers-range,Medium,49.13278909062936,4307,320,False,Bit Manipulation
202,Happy Number,happy-number,Easy,59.844487008259236,12032,1648,False,"Hash Table, Math, Two Pointers"
203,Remove Linked List Elements,remove-linked-list-elements,Easy,54.74505761095676,9116,294,False,"Linked List, Recursion"
204,Count Primes,count-primes,Medium,36.18842106345361,8893,1585,False,"Array, Math, Enumeration, Number Theory"
205,Isomorphic Strings,isomorphic-strings,Easy,48.578788397723436,10663,2293,False,"Hash Table, String"
206,Reverse Linked List,reverse-linked-list,Easy,80.71919477917456,24678,588,False,"Linked List, Recursion"
207,Course Schedule,course-schedule,Medium,51.66977773352577,18128,876,False,"Depth-First Search, Breadth-First Search, Graph Theory, Topological Sort"
208,Implement Trie (Prefix Tree),implement-trie-prefix-tree,Medium,69.67852398236582,12509,165,False,"Hash Table, String, Design, Trie"
209,Minimum Size Subarray Sum,minimum-size-subarray-sum,Medium,52.024108416092695,14555,542,False,"Array, Binary Search, Sliding Window, Prefix Sum"
210,Course Schedule II,course-schedule-ii,Medium,55.76154448097219,12030,380,False,"Depth-First Search, Breadth-First Search, Graph Theory, Topological Sort"
211,Design Add and Search Words Data Structure,design-add-and-search-words-data-structure,Medium,48.66035525270345,8127,493,False,"String, Depth-First Search, Design, Trie"
212,Word Search II,word-search-ii,Hard,38.59546291560529,10242,510,False,"Array, String, Backtracking, Trie, Matrix"
213,House Robber II,house-robber-ii,Medium,45.09282444904125,11173,194,False,"Array, Dynamic Programming"
214,Shortest Palindrome,shortest-palindrome,Hard,42.64950010755403,4597,295,False,"String, Rolling Hash, String Matching, Hash Function"
215,Kth Largest Element in an Array,kth-largest-element-in-an-array,Medium,69.04665303807072,18899,976,False,"Array, Divide and Conquer, Sorting, Heap (Priority Queue), Quickselect"
216,Combination Sum III,combination-sum-iii,Medium,73.40397209946222,6699,125,False,"Array, Backtracking"
217,Contains Duplicate,contains-duplicate,Easy,64.46842080130637,14068,1373,False,"Array, Hash Table, Sorting"
218,The Skyline Problem,the-skyline-problem,Hard,45.50656224751411,6236,286,False,"Array, Divide and Conquer, Binary Indexed Tree, Segment Tree, Sweep Line, Sorting, Heap (Priority Queue), Ordered Set"
219,Contains Duplicate II,contains-duplicate-ii,Easy,51.46646478477487,7596,3334,False,"Array, Hash Table, Sliding Window"
220,Contains Duplicate III,contains-duplicate-iii,Hard,24.87559507631375,1321,151,False,"Array, Sliding Window, Sorting, Bucket Sort, Ordered Set"
221,Maximal Square,maximal-square,Medium,50.48789987994184,11060,262,False,"Array, Dynamic Programming, Matrix"
222,Count Complete Tree Nodes,count-complete-tree-nodes,Easy,72.92424289095733,9559,623,False,"Binary Search, Bit Manipulation, Tree, Binary Tree"
223,Rectangle Area,rectangle-area,Medium,49.8216873692813,2157,1670,False,"Math, Geometry"
224,Basic Calculator,basic-calculator,Hard,46.97051697021703,7015,561,False,"Math, String, Stack, Recursion"
225,Implement Stack using Queues,implement-stack-using-queues,Easy,70.25308655741014,7012,1290,False,"Stack, Design, Queue"
226,Invert Binary Tree,invert-binary-tree,Easy,80.1805286678273,15289,255,False,"Tree, Depth-First Search, Breadth-First Search, Binary Tree"
227,Basic Calculator II,basic-calculator-ii,Medium,46.979258129197916,6634,955,False,"Math, String, Stack"
228,Summary Ranges,summary-ranges,Easy,54.372380982387604,4569,2391,False,Array
229,Majority Element II,majority-element-ii,Medium,56.386042149351404,11109,504,False,"Array, Hash Table, Sorting, Counting"
230,Kth Smallest Element in a BST,kth-smallest-element-in-a-bst,Medium,76.98260383421625,12828,266,False,"Tree, Depth-First Search, Binary Search Tree, Binary Tree"
231,Power of Two,power-of-two,Easy,50.22147575957568,8121,505,False,"Math, Bit Manipulation, Recursion"
232,Implement Queue using Stacks,implement-queue-using-stacks,Easy,70.0046538727584,8701,495,False,"Stack, Design, Queue"
233,Number of Digit One,number-of-digit-one,Hard,39.081293613769496,1895,1567,False,"Math, Dynamic Programming, Recursion"
234,Palindrome Linked List,palindrome-linked-list,Easy,58.23325224337291,18445,985,False,"Linked List, Two Pointers, Stack, Recursion"
235,Lowest Common Ancestor of a Binary Search Tree,lowest-common-ancestor-of-a-binary-search-tree,Medium,70.83739936105931,12371,365,False,"Tree, Depth-First Search, Binary Search Tree, Binary Tree"
236,Lowest Common Ancestor of a Binary Tree,lowest-common-ancestor-of-a-binary-tree,Medium,69.5830938626067,18841,494,False,"Tree, Depth-First Search, Binary Tree"
237,Delete Node in a Linked List,delete-node-in-a-linked-list,Medium,84.0594921030689,6396,1804,False,Linked List
238,Product of Array Except Self,product-of-array-except-self,Medium,69.00939228404742,26161,1709,False,"Array, Prefix Sum"
239,Sliding Window Maximum,sliding-window-maximum,Hard,48.91113517199644,20638,852,False,"Array, Queue, Sliding Window, Heap (Priority Queue), Monotonic Queue"
240,Search a 2D Matrix II,search-a-2d-matrix-ii,Medium,57.52343195834898,13231,234,False,"Array, Binary Search, Divide and Conquer, Matrix"
241,Different Ways to Add Parentheses,different-ways-to-add-parentheses,Medium,73.3857164936356,6359,398,False,"Math, String, Dynamic Programming, Recursion, Memoization"
242,Valid Anagram,valid-anagram,Easy,68.27545726389825,14490,482,False,"Hash Table, String, Sorting"
243,Shortest Word Distance,shortest-word-distance,Easy,66.34794007189443,1294,129,True,"Array, String"
244,Shortest Word Distance II,shortest-word-distance-ii,Medium,62.93107317325784,1088,407,True,"Array, Hash Table, Two Pointers, String, Design"
245,Shortest Word Distance III,shortest-word-distance-iii,Medium,59.50172176956513,517,101,True,"Array, String"
246,Strobogrammatic Number,strobogrammatic-number,Easy,47.505988084103286,637,1053,True,"Hash Table, Two Pointers, String"
247,Strobogrammatic Number II,strobogrammatic-number-ii,Medium,53.529011047596484,962,263,True,"Array, String, Recursion"
248,Strobogrammatic Number III,strobogrammatic-number-iii,Hard,42.711691083298135,308,193,True,"Array, String, Recursion"
249,Group Shifted Strings,group-shifted-strings,Medium,67.83324020082497,1786,447,True,"Array, Hash Table, String"
250,Count Univalue Subtrees,count-univalue-subtrees,Medium,57.56267395442688,1246,457,True,"Tree, Depth-First Search, Binary Tree"
251,Flatten 2D Vector,flatten-2d-vector,Medium,50.52199030294694,740,418,True,"Array, Two Pointers, Design, Iterator"
252,Meeting Rooms,meeting-rooms,Easy,59.476126352126535,2129,117,True,"Array, Sorting"
253,Meeting Rooms II,meeting-rooms-ii,Medium,52.72776623741247,7255,177,True,"Array, Two Pointers, Greedy, Sorting, Heap (Priority Queue), Prefix Sum"
254,Factor Combinations,factor-combinations,Medium,50.56262458115726,1181,76,True,Backtracking
255,Verify Preorder Sequence in Binary Search Tree,verify-preorder-sequence-in-binary-search-tree,Medium,51.799277662252386,1270,90,True,"Array, Stack, Tree, Binary Search Tree, Recursion, Monotonic Stack, Binary Tree"
256,Paint House,paint-house,Medium,64.47138169886985,2387,134,True,"Array, Dynamic Programming"
257,Binary Tree Paths,binary-tree-paths,Easy,68.86282311692973,7312,353,False,"String, Backtracking, Tree, Depth-First Search, Binary Tree"
258,Add Digits,add-digits,Easy,69.03866657344857,5551,1986,False,"Math, Simulation, Number Theory"
259,3Sum Smaller,3sum-smaller,Medium,51.36368676934929,1632,169,True,"Array, Two Pointers, Binary Search, Sorting"
260,Single Number III,single-number-iii,Medium,70.2094212147435,6860,278,False,"Array, Bit Manipulation"
261,Graph Valid Tree,graph-valid-tree,Medium,50.04832975335161,3469,116,True,"Depth-First Search, Breadth-First Search, Union-Find, Graph Theory"
262,Trips and Users,trips-and-users,Hard,38.544143073265616,1456,711,False,Database
263,Ugly Number,ugly-number,Easy,43.71231776089537,3895,1800,False,Math
264,Ugly Number II,ugly-number-ii,Medium,49.66049902772022,6909,454,False,"Hash Table, Math, Dynamic Programming, Heap (Priority Queue)"
265,Paint House II,paint-house-ii,Hard,57.186740149190996,1350,40,True,"Array, Dynamic Programming"
266,Palindrome Permutation,palindrome-permutation,Easy,68.68657683451096,1106,75,True,"Hash Table, String, Bit Manipulation"
267,Palindrome Permutation II,palindrome-permutation-ii,Medium,42.37366352157547,899,98,True,"Hash Table, String, Backtracking"
268,Missing Number,missing-number,Easy,72.20952891490333,14415,3480,False,"Array, Hash Table, Math, Binary Search, Bit Manipulation, Sorting"
269,Alien Dictionary,alien-dictionary,Hard,37.248463308589685,4680,1039,True,"Array, String, Depth-First Search, Breadth-First Search, Graph Theory, Topological Sort"
270,Closest Binary Search Tree Value,closest-binary-search-tree-value,Easy,49.16953313770073,1903,166,True,"Binary Search, Tree, Depth-First Search, Binary Search Tree, Binary Tree"
271,Encode and Decode Strings,encode-and-decode-strings,Medium,51.69929891270086,1585,454,True,"Array, String, Design"
272,Closest Binary Search Tree Value II,closest-binary-search-tree-value-ii,Hard,61.24498515083624,1345,51,True,"Two Pointers, Stack, Tree, Depth-First Search, Binary Search Tree, Heap (Priority Queue), Binary Tree"
273,Integer to English Words,integer-to-english-words,Hard,35.073952145805,3868,6847,False,"Math, String, Recursion"
274,H-Index,h-index,Medium,41.56830620222883,1927,921,False,"Array, Sorting, Counting Sort"
275,H-Index II,h-index-ii,Medium,39.708024739821866,547,169,False,"Array, Binary Search"
276,Paint Fence,paint-fence,Medium,48.45923623808129,1642,398,True,Dynamic Programming
277,Find the Celebrity,find-the-celebrity,Medium,49.02873984530453,3013,322,True,"Two Pointers, Graph Theory, Interactive"
278,First Bad Version,first-bad-version,Easy,47.28250744002907,9087,3449,False,"Binary Search, Interactive"
279,Perfect Squares,perfect-squares,Medium,56.64762322680821,11911,493,False,"Math, Dynamic Programming, Breadth-First Search"
280,Wiggle Sort,wiggle-sort,Medium,68.466405776806,1248,103,True,"Array, Greedy, Sorting"
281,Zigzag Iterator,zigzag-iterator,Medium,67.07034344564052,712,43,True,"Array, Design, Queue, Iterator"
282,Expression Add Operators,expression-add-operators,Hard,43.37227467500914,3812,734,False,"Math, String, Backtracking"
283,Move Zeroes,move-zeroes,Easy,63.998793407776866,19630,611,False,"Array, Two Pointers"
284,Peeking Iterator,peeking-iterator,Medium,61.61087890907453,1920,1053,False,"Array, Design, Iterator"
285,Inorder Successor in BST,inorder-successor-in-bst,Medium,51.23320047433955,2652,94,True,"Tree, Depth-First Search, Binary Search Tree, Binary Tree"
286,Walls and Gates,walls-and-gates,Medium,64.0515224219871,3336,73,True,"Array, Breadth-First Search, Matrix"
287,Find the Duplicate Number,find-the-duplicate-number,Medium,64.53619037464351,25666,5867,False,"Array, Two Pointers, Binary Search, Bit Manipulation"
288,Unique Word Abbreviation,unique-word-abbreviation,Medium,27.536330786737683,219,1857,True,"Array, Hash Table, String, Design"
289,Game of Life,game-of-life,Medium,72.73752979111173,6851,619,False,"Array, Matrix, Simulation"
290,Word Pattern,word-pattern,Easy,44.24917574222094,8032,1151,False,"Hash Table, String"
291,Word Pattern II,word-pattern-ii,Medium,48.8499140773768,944,78,True,"Hash Table, String, Backtracking"
292,Nim Game,nim-game,Easy,59.96275684566675,2041,2753,False,"Math, Brainteaser, Game Theory"
293,Flip Game,flip-game,Easy,65.0584401264365,232,478,True,String
294,Flip Game II,flip-game-ii,Medium,52.34888722455459,629,68,True,"Math, Dynamic Programming, Backtracking, Memoization, Game Theory"
295,Find Median from Data Stream,find-median-from-data-stream,Hard,54.64769186457542,13324,283,False,"Two Pointers, Design, Sorting, Heap (Priority Queue), Data Stream"
296,Best Meeting Point,best-meeting-point,Hard,61.46203158911568,1217,108,True,"Array, Math, Sorting, Matrix"
297,Serialize and Deserialize Binary Tree,serialize-and-deserialize-binary-tree,Hard,60.984677256709354,11241,433,False,"String, Tree, Depth-First Search, Breadth-First Search, Design, Binary Tree"
298,Binary Tree Longest Consecutive Sequence,binary-tree-longest-consecutive-sequence,Medium,54.79611612151763,1186,239,True,"Tree, Depth-First Search, Binary Tree"
299,Bulls and Cows,bulls-and-cows,Medium,52.63287575204778,2639,1821,False,"Hash Table, String, Counting"
300,Longest Increasing Subsequence,longest-increasing-subsequence,Medium,59.5875924217851,22865,517,False,"Array, Binary Search, Dynamic Programming"
301,Remove Invalid Parentheses,remove-invalid-parentheses,Hard,50.00484982682689,6080,303,False,"String, Backtracking, Breadth-First Search"
302,Smallest Rectangle Enclosing Black Pixels,smallest-rectangle-enclosing-black-pixels,Hard,60.9350506291573,564,107,True,"Array, Binary Search, Depth-First Search, Breadth-First Search, Matrix"
303,Range Sum Query - Immutable,range-sum-query-immutable,Easy,72.56524242181563,3908,2024,False,"Array, Design, Prefix Sum"
304,Range Sum Query 2D - Immutable,range-sum-query-2d-immutable,Medium,58.4994643494822,5436,372,False,"Array, Design, Matrix, Prefix Sum"
305,Number of Islands II,number-of-islands-ii,Hard,40.65476478533059,1998,78,True,"Array, Hash Table, Union-Find"
306,Additive Number,additive-number,Medium,34.00299149814005,1291,830,False,"String, Backtracking"
307,Range Sum Query - Mutable,range-sum-query-mutable,Medium,43.28028695748162,5189,274,False,"Array, Divide and Conquer, Design, Binary Indexed Tree, Segment Tree"
308,Range Sum Query 2D - Mutable,range-sum-query-2d-mutable,Medium,45.517707854224724,822,97,True,"Array, Design, Binary Indexed Tree, Segment Tree, Matrix"
309,Best Time to Buy and Sell Stock with Cooldown,best-time-to-buy-and-sell-stock-with-cooldown,Medium,62.29113553263943,10113,350,False,"Array, Dynamic Programming"
310,Minimum Height Trees,minimum-height-trees,Medium,42.61767993474574,8978,418,False,"Depth-First Search, Breadth-First Search, Graph Theory, Topological Sort"
311,Sparse Matrix Multiplication,sparse-matrix-multiplication,Medium,69.3181326124744,1131,374,True,"Array, Hash Table, Matrix"
312,Burst Balloons,burst-balloons,Hard,63.781286441051634,9858,294,False,"Array, Dynamic Programming"
313,Super Ugly Number,super-ugly-number,Medium,46.263213186427336,2303,408,False,"Array, Math, Dynamic Programming"
314,Binary Tree Vertical Order Traversal,binary-tree-vertical-order-traversal,Medium,57.859682943177404,3471,354,True,"Hash Table, Tree, Depth-First Search, Breadth-First Search, Sorting, Binary Tree"
315,Count of Smaller Numbers After Self,count-of-smaller-numbers-after-self,Hard,43.75050155826595,9294,254,False,"Array, Binary Search, Divide and Conquer, Binary Indexed Tree, Segment Tree, Merge Sort, Ordered Set"
316,Remove Duplicate Letters,remove-duplicate-letters,Medium,53.45033993324778,9363,706,False,"String, Stack, Greedy, Monotonic Stack"
317,Shortest Distance from All Buildings,shortest-distance-from-all-buildings,Hard,44.953255058949885,1992,342,True,"Array, Breadth-First Search, Matrix"
318,Maximum Product of Word Lengths,maximum-product-of-word-lengths,Medium,61.34254552066163,3634,146,False,"Array, String, Bit Manipulation"
319,Bulb Switcher,bulb-switcher,Medium,56.04812235052311,2979,3245,False,"Math, Brainteaser"
320,Generalized Abbreviation,generalized-abbreviation,Medium,60.44267832306775,712,232,True,"String, Backtracking, Bit Manipulation"
321,Create Maximum Number,create-maximum-number,Hard,35.76973119730593,2151,376,False,"Array, Two Pointers, Stack, Greedy, Monotonic Stack"
322,Coin Change,coin-change,Medium,48.64570759492767,21097,548,False,"Array, Dynamic Programming, Breadth-First Search"
323,Number of Connected Components in an Undirected Graph,number-of-connected-components-in-an-undirected-graph,Medium,65.03767681663949,2817,111,True,"Depth-First Search, Breadth-First Search, Union-Find, Graph Theory"
324,Wiggle Sort II,wiggle-sort-ii,Medium,37.62405058514681,3262,983,False,"Array, Divide and Conquer, Greedy, Sorting, Quickselect"
325,Maximum Size Subarray Sum Equals k,maximum-size-subarray-sum-equals-k,Medium,50.89796805141047,2128,66,True,"Array, Hash Table, Prefix Sum"
326,Power of Three,power-of-three,Easy,51.24911536891241,3734,317,False,"Math, Recursion"
327,Count of Range Sum,count-of-range-sum,Hard,39.18502392550761,2534,267,False,"Array, Binary Search, Divide and Conquer, Binary Indexed Tree, Segment Tree, Merge Sort, Ordered Set"
328,Odd Even Linked List,odd-even-linked-list,Medium,62.602389979713216,11598,601,False,Linked List
329,Longest Increasing Path in a Matrix,longest-increasing-path-in-a-matrix,Hard,56.75663262128666,9575,147,False,"Array, Dynamic Programming, Depth-First Search, Breadth-First Search, Graph Theory, Topological Sort, Memoization, Matrix"
330,Patching Array,patching-array,Hard,54.3773874075995,2453,203,False,"Array, Greedy"
331,Verify Preorder Serialization of a Binary Tree,verify-preorder-serialization-of-a-binary-tree,Medium,47.490400095651474,2464,133,False,"String, Stack, Tree, Binary Tree"
332,Reconstruct Itinerary,reconstruct-itinerary,Hard,44.68890112232981,6359,1930,False,"Array, String, Depth-First Search, Graph Theory, Sorting, Heap (Priority Queue), Eulerian Circuit"
333,Largest BST Subtree,largest-bst-subtree,Medium,45.90196467553086,1570,148,True,"Dynamic Programming, Tree, Depth-First Search, Binary Search Tree, Binary Tree"
334,Increasing Triplet Subsequence,increasing-triplet-subsequence,Medium,39.44879415385718,8913,694,False,"Array, Greedy"
335,Self Crossing,self-crossing,Hard,35.22360239609567,417,523,False,"Array, Math, Geometry"
336,Palindrome Pairs,palindrome-pairs,Hard,37.31339859635063,4647,481,False,"Array, Hash Table, String, Trie, Hash Function"
337,House Robber III,house-robber-iii,Medium,56.02205162575697,9163,158,False,"Dynamic Programming, Tree, Depth-First Search, Binary Tree"
338,Counting Bits,counting-bits,Easy,80.69334927374433,12015,615,False,"Dynamic Programming, Bit Manipulation"
339,Nested List Weight Sum,nested-list-weight-sum,Medium,85.97606266421684,1873,487,True,"Depth-First Search, Breadth-First Search"
340,Longest Substring with At Most K Distinct Characters,longest-substring-with-at-most-k-distinct-characters,Medium,50.05009340397437,2905,81,True,"Hash Table, String, Sliding Window"
341,Flatten Nested List Iterator,flatten-nested-list-iterator,Medium,65.74895612700678,5084,1798,False,"Stack, Tree, Depth-First Search, Design, Queue, Iterator"
342,Power of Four,power-of-four,Easy,52.197997110073516,4501,424,False,"Math, Bit Manipulation, Recursion"
343,Integer Break,integer-break,Medium,62.4299432628627,5415,467,False,"Math, Dynamic Programming"
344,Reverse String,reverse-string,Easy,80.94552483787227,9655,1217,False,"Two Pointers, String"
345,Reverse Vowels of a String,reverse-vowels-of-a-string,Easy,61.60074769913504,5421,2863,False,"Two Pointers, String"
346,Moving Average from Data Stream,moving-average-from-data-stream,Easy,80.22743661786399,1756,194,True,"Array, Design, Queue, Data Stream"
347,Top K Frequent Elements,top-k-frequent-elements,Medium,66.72464038320103,19670,858,False,"Array, Hash Table, Divide and Conquer, Sorting, Heap (Priority Queue), Bucket Sort, Counting, Quickselect"
348,Design Tic-Tac-Toe,design-tic-tac-toe,Medium,58.749003130907376,2167,120,True,"Array, Hash Table, Design, Matrix, Simulation"
349,Intersection of Two Arrays,intersection-of-two-arrays,Easy,77.94692118885895,6990,2349,False,"Array, Hash Table, Two Pointers, Binary Search, Sorting"
350,Intersection of Two Arrays II,intersection-of-two-arrays-ii,Easy,60.026610439265816,8237,1010,False,"Array, Hash Table, Two Pointers, Binary Search, Sorting"
351,Android Unlock Patterns,android-unlock-patterns,Medium,53.87002230009558,213,240,True,"Dynamic Programming, Backtracking, Bit Manipulation, Bitmask"
352,Data Stream as Disjoint Intervals,data-stream-as-disjoint-intervals,Hard,60.22916976217737,1825,376,False,"Hash Table, Binary Search, Union-Find, Design, Data Stream, Ordered Set"
353,Design Snake Game,design-snake-game,Medium,40.03767015353214,1016,353,True,"Array, Hash Table, Design, Queue, Simulation"
354,Russian Doll Envelopes,russian-doll-envelopes,Hard,37.97939846349406,6508,173,False,"Array, Binary Search, Dynamic Programming, Sorting"
355,Design Twitter,design-twitter,Medium,44.9822552602499,4761,665,False,"Hash Table, Linked List, Design, Heap (Priority Queue)"
356,Line Reflection,line-reflection,Medium,36.38431458083413,317,642,True,"Array, Hash Table, Math"
357,Count Numbers with Unique Digits,count-numbers-with-unique-digits,Medium,55.85274737433649,1735,1526,False,"Math, Dynamic Programming, Backtracking"
358,Rearrange String k Distance Apart,rearrange-string-k-distance-apart,Hard,39.95555890328412,1001,39,True,"Hash Table, String, Greedy, Sorting, Heap (Priority Queue), Counting"
359,Logger Rate Limiter,logger-rate-limiter,Easy,76.85652362040457,1812,198,True,"Hash Table, Design, Data Stream"
360,Sort Transformed Array,sort-transformed-array,Medium,58.19295903520483,705,221,True,"Array, Math, Two Pointers, Sorting"
361,Bomb Enemy,bomb-enemy,Medium,52.8307496283712,1003,118,True,"Array, Dynamic Programming, Matrix"
362,Design Hit Counter,design-hit-counter,Medium,69.72448162465601,2148,257,True,"Array, Binary Search, Design, Queue, Data Stream"
363,Max Sum of Rectangle No Larger Than K,max-sum-of-rectangle-no-larger-than-k,Hard,45.66633031030442,3585,178,False,"Array, Binary Search, Matrix, Prefix Sum, Ordered Set"
364,Nested List Weight Sum II,nested-list-weight-sum-ii,Medium,66.9921268618101,1172,482,True,"Stack, Depth-First Search, Breadth-First Search"
365,Water and Jug Problem,water-and-jug-problem,Medium,45.83325841349756,1721,1521,False,"Math, Depth-First Search, Breadth-First Search"
366,Find Leaves of Binary Tree,find-leaves-of-binary-tree,Medium,81.3370411006569,3306,64,True,"Tree, Depth-First Search, Binary Tree"
367,Valid Perfect Square,valid-perfect-square,Easy,45.02954153805367,4700,338,False,"Math, Binary Search"
368,Largest Divisible Subset,largest-divisible-subset,Medium,49.80511558312219,6923,329,False,"Array, Math, Dynamic Programming, Sorting"
369,Plus One Linked List,plus-one-linked-list,Medium,61.22464531146087,966,48,True,"Linked List, Math"
370,Range Addition,range-addition,Medium,73.05605045974893,1686,86,True,"Array, Prefix Sum"
371,Sum of Two Integers,sum-of-two-integers,Medium,55.70845390018302,4735,5894,False,"Math, Bit Manipulation"
372,Super Pow,super-pow,Medium,37.085822780400285,1100,1489,False,"Math, Divide and Conquer"
373,Find K Pairs with Smallest Sums,find-k-pairs-with-smallest-sums,Medium,42.05382008016888,7029,499,False,"Array, Heap (Priority Queue)"
374,Guess Number Higher or Lower,guess-number-higher-or-lower,Easy,57.7635531159873,4293,699,False,"Binary Search, Interactive"
375,Guess Number Higher or Lower II,guess-number-higher-or-lower-ii,Medium,52.96464482646772,2358,2168,False,"Math, Dynamic Programming, Game Theory"
376,Wiggle Subsequence,wiggle-subsequence,Medium,49.52403759803628,5331,169,False,"Array, Dynamic Programming, Greedy"
377,Combination Sum IV,combination-sum-iv,Medium,55.17603102730724,7808,703,False,"Array, Dynamic Programming"
378,Kth Smallest Element in a Sorted Matrix,kth-smallest-element-in-a-sorted-matrix,Medium,64.7606281329617,10633,396,False,"Array, Binary Search, Sorting, Heap (Priority Queue), Matrix"
379,Design Phone Directory,design-phone-directory,Medium,53.19176753115388,369,486,True,"Array, Hash Table, Linked List, Design, Queue"
380,Insert Delete GetRandom O(1),insert-delete-getrandom-o1,Medium,55.413859835284704,10017,698,False,"Array, Hash Table, Math, Design, Randomized"
381,Insert Delete GetRandom O(1) - Duplicates allowed,insert-delete-getrandom-o1-duplicates-allowed,Hard,36.6999762300927,2440,160,False,"Array, Hash Table, Math, Design, Randomized"
382,Linked List Random Node,linked-list-random-node,Medium,64.94071460781453,3232,723,False,"Linked List, Math, Reservoir Sampling, Randomized"
383,Ransom Note,ransom-note,Easy,66.10470962275362,5745,548,False,"Hash Table, String, Counting"
384,Shuffle an Array,shuffle-an-array,Medium,59.80061464657822,1446,946,False,"Array, Math, Design, Randomized"
385,Mini Parser,mini-parser,Medium,42.849499307253005,510,1507,False,"String, Stack, Depth-First Search"
386,Lexicographical Numbers,lexicographical-numbers,Medium,76.26317047462688,3150,214,False,"Depth-First Search, Trie"
387,First Unique Character in a String,first-unique-character-in-a-string,Easy,65.72927170879619,9878,336,False,"Hash Table, String, Queue, Counting"
388,Longest Absolute File Path,longest-absolute-file-path,Medium,49.56433664289998,1399,2606,False,"String, Stack, Depth-First Search"
389,Find the Difference,find-the-difference,Easy,60.439010761700594,5520,519,False,"Hash Table, String, Bit Manipulation, Sorting"
390,Elimination Game,elimination-game,Medium,46.56322912783221,1760,763,False,"Math, Recursion"
391,Perfect Rectangle,perfect-rectangle,Hard,38.2948520401354,961,120,False,"Array, Hash Table, Math, Geometry, Sweep Line"
392,Is Subsequence,is-subsequence,Easy,49.13627924966158,10889,622,False,"Two Pointers, String, Dynamic Programming"
393,UTF-8 Validation,utf-8-validation,Medium,46.354481402481845,952,2888,False,"Array, Bit Manipulation"
394,Decode String,decode-string,Medium,62.79820604883534,14086,707,False,"String, Stack, Recursion"
395,Longest Substring with At Least K Repeating Characters,longest-substring-with-at-least-k-repeating-characters,Medium,46.39516606384484,6779,572,False,"Hash Table, String, Divide and Conquer, Sliding Window"
396,Rotate Function,rotate-function,Medium,54.24420931015202,1993,290,False,"Array, Math, Dynamic Programming"
397,Integer Replacement,integer-replacement,Medium,37.654584126573184,1458,488,False,"Dynamic Programming, Greedy, Bit Manipulation, Memoization"
398,Random Pick Index,random-pick-index,Medium,65.06488376393068,1402,1309,False,"Hash Table, Math, Reservoir Sampling, Randomized"
399,Evaluate Division,evaluate-division,Medium,64.33941426629062,10261,1104,False,"Array, String, Depth-First Search, Breadth-First Search, Union-Find, Graph Theory, Shortest Path"
400,Nth Digit,nth-digit,Medium,38.46794315019612,1263,2158,False,"Math, Binary Search"
401,Binary Watch,binary-watch,Easy,65.71637927492364,1977,3083,False,"Backtracking, Bit Manipulation"
402,Remove K Digits,remove-k-digits,Medium,37.10610618670141,10695,552,False,"String, Stack, Greedy, Monotonic Stack"
403,Frog Jump,frog-jump,Hard,47.38559271540867,6031,280,False,"Array, Dynamic Programming"
404,Sum of Left Leaves,sum-of-left-leaves,Easy,62.84743405914469,5814,328,False,"Tree, Depth-First Search, Breadth-First Search, Binary Tree"
405,Convert a Number to Hexadecimal,convert-a-number-to-hexadecimal,Easy,54.37200956937799,1451,232,False,"Math, String, Bit Manipulation"
406,Queue Reconstruction by Height,queue-reconstruction-by-height,Medium,74.81276499059003,7268,756,False,"Array, Binary Indexed Tree, Segment Tree, Sorting"
407,Trapping Rain Water II,trapping-rain-water-ii,Hard,64.1017283833133,5024,175,False,"Array, Breadth-First Search, Heap (Priority Queue), Matrix"
408,Valid Word Abbreviation,valid-word-abbreviation,Easy,37.04406319879761,930,2407,True,"Two Pointers, String"
409,Longest Palindrome,longest-palindrome,Easy,56.0458923120273,6423,454,False,"Hash Table, String, Greedy"
410,Split Array Largest Sum,split-array-largest-sum,Hard,60.74968927844208,11498,272,False,"Array, Binary Search, Dynamic Programming, Greedy, Prefix Sum"
411,Minimum Unique Word Abbreviation,minimum-unique-word-abbreviation,Hard,40.53430417393088,185,146,True,"Array, String, Backtracking, Bit Manipulation"
412,Fizz Buzz,fizz-buzz,Easy,75.62130236404042,3415,469,False,"Math, String, Simulation"
413,Arithmetic Slices,arithmetic-slices,Medium,64.83665164493199,5656,308,False,"Array, Dynamic Programming, Sliding Window"
414,Third Maximum Number,third-maximum-number,Easy,39.680277650733395,3591,3565,False,"Array, Sorting"
415,Add Strings,add-strings,Easy,52.17665512058035,5492,834,False,"Math, String, Simulation"
416,Partition Equal Subset Sum,partition-equal-subset-sum,Medium,49.64784317538625,13978,301,False,"Array, Dynamic Programming"
417,Pacific Atlantic Water Flow,pacific-atlantic-water-flow,Medium,61.110705351089386,8795,1844,False,"Array, Depth-First Search, Breadth-First Search, Matrix"
418,Sentence Screen Fitting,sentence-screen-fitting,Medium,36.413331161692255,1143,543,True,"Array, String, Dynamic Programming"
419,Battleships in a Board,battleships-in-a-board,Medium,77.59533784509614,2536,1030,False,"Array, Depth-First Search, Matrix"
420,Strong Password Checker,strong-password-checker,Hard,15.96646354159437,977,1754,False,"String, Greedy, Heap (Priority Queue)"
421,Maximum XOR of Two Numbers in an Array,maximum-xor-of-two-numbers-in-an-array,Medium,53.583785760499595,5980,424,False,"Array, Hash Table, Bit Manipulation, Trie"
422,Valid Word Square,valid-word-square,Easy,42.89236366682824,452,275,True,"Array, Matrix"
423,Reconstruct Original Digits from English,reconstruct-original-digits-from-english,Medium,53.0073893168013,901,2813,False,"Hash Table, Math, String"
424,Longest Repeating Character Replacement,longest-repeating-character-replacement,Medium,59.953110429483836,13258,774,False,"Hash Table, String, Sliding Window"
425,Word Squares,word-squares,Hard,54.72453022302576,1125,75,True,"Array, String, Backtracking, Trie"
758,Convert Binary Search Tree to Sorted Doubly Linked List,convert-binary-search-tree-to-sorted-doubly-linked-list,Medium,65.6346264476506,2732,245,True,"Linked List, Stack, Tree, Depth-First Search, Binary Search Tree, Binary Tree, Doubly-Linked List"
772,Construct Quad Tree,construct-quad-tree,Medium,78.45112205435143,1773,1969,False,"Array, Divide and Conquer, Tree, Matrix"
765,Serialize and Deserialize N-ary Tree,serialize-and-deserialize-n-ary-tree,Hard,68.85328709802931,1076,58,True,"String, Tree, Depth-First Search, Breadth-First Search"
764,N-ary Tree Level Order Traversal,n-ary-tree-level-order-traversal,Medium,71.57581190896208,3767,146,False,"Tree, Breadth-First Search"
766,Flatten a Multilevel Doubly Linked List,flatten-a-multilevel-doubly-linked-list,Medium,63.047175132523094,5497,351,False,"Linked List, Depth-First Search, Doubly-Linked List"
771,Encode N-ary Tree to Binary Tree,encode-n-ary-tree-to-binary-tree,Hard,80.65330648512162,538,30,True,"Tree, Depth-First Search, Breadth-First Search, Design, Binary Tree"
432,All O`one Data Structure,all-oone-data-structure,Hard,44.347298967149285,2247,224,False,"Hash Table, Linked List, Design, Doubly-Linked List"
433,Minimum Genetic Mutation,minimum-genetic-mutation,Medium,56.83473803538863,3345,348,False,"Hash Table, String, Breadth-First Search"
434,Number of Segments in a String,number-of-segments-in-a-string,Easy,37.409731095573775,923,1344,False,String
435,Non-overlapping Intervals,non-overlapping-intervals,Medium,57.29776728571871,9234,261,False,"Array, Dynamic Programming, Greedy, Sorting"
436,Find Right Interval,find-right-interval,Medium,56.04535670096104,2377,402,False,"Array, Binary Search, Sorting"
437,Path Sum III,path-sum-iii,Medium,46.48565936931771,11984,575,False,"Tree, Depth-First Search, Binary Tree"
438,Find All Anagrams in a String,find-all-anagrams-in-a-string,Medium,53.974130458668554,13305,378,False,"Hash Table, String, Sliding Window"
439,Ternary Expression Parser,ternary-expression-parser,Medium,62.651860898630844,514,74,True,"String, Stack, Recursion"
440,K-th Smallest in Lexicographical Order,k-th-smallest-in-lexicographical-order,Hard,46.385120278831906,1653,148,False,Trie
441,Arranging Coins,arranging-coins,Easy,48.34595393021808,4379,1381,False,"Math, Binary Search"
442,Find All Duplicates in an Array,find-all-duplicates-in-an-array,Medium,77.00686710441096,11210,448,False,"Array, Hash Table, Sorting"
443,String Compression,string-compression,Medium,60.22929563776247,6292,8935,False,"Two Pointers, String"
444,Sequence Reconstruction,sequence-reconstruction,Medium,30.934014848177615,620,1550,True,"Array, Graph Theory, Topological Sort"
445,Add Two Numbers II,add-two-numbers-ii,Medium,62.75654552725849,6197,303,False,"Linked List, Math, Stack"
446,Arithmetic Slices II - Subsequence,arithmetic-slices-ii-subsequence,Hard,55.11704952690334,3526,165,False,"Array, Dynamic Programming"
447,Number of Boomerangs,number-of-boomerangs,Medium,57.71624740254144,905,1046,False,"Array, Hash Table, Math"
448,Find All Numbers Disappeared in an Array,find-all-numbers-disappeared-in-an-array,Easy,64.31472124424845,10488,558,False,"Array, Hash Table"
449,Serialize and Deserialize BST,serialize-and-deserialize-bst,Medium,59.740511934103694,3607,180,False,"String, Tree, Depth-First Search, Breadth-First Search, Design, Binary Search Tree, Binary Tree"
450,Delete Node in a BST,delete-node-in-a-bst,Medium,54.899475663494876,10531,392,False,"Tree, Binary Search Tree, Binary Tree"
451,Sort Characters By Frequency,sort-characters-by-frequency,Medium,75.4769588736764,9307,337,False,"Hash Table, String, Sorting, Heap (Priority Queue), Bucket Sort, Counting"
452,Minimum Number of Arrows to Burst Balloons,minimum-number-of-arrows-to-burst-balloons,Medium,61.5939320789859,8144,275,False,"Array, Greedy, Sorting"
453,Minimum Moves to Equal Array Elements,minimum-moves-to-equal-array-elements,Medium,58.84758678191854,2841,1914,False,"Array, Math"
454,4Sum II,4sum-ii,Medium,58.04077504225526,5095,151,False,"Array, Hash Table"
455,Assign Cookies,assign-cookies,Easy,55.17797068522741,5090,460,False,"Array, Two Pointers, Greedy, Sorting"
456,132 Pattern,132-pattern,Medium,34.86529784388365,7665,473,False,"Array, Binary Search, Stack, Monotonic Stack, Ordered Set"
457,Circular Array Loop,circular-array-loop,Medium,37.69709258022176,845,916,False,"Array, Hash Table, Two Pointers"
458,Poor Pigs,poor-pigs,Hard,59.11940867446863,1885,3370,False,"Math, Dynamic Programming, Combinatorics"
459,Repeated Substring Pattern,repeated-substring-pattern,Easy,48.423022727342804,6905,572,False,"String, String Matching"
460,LFU Cache,lfu-cache,Hard,49.58468481525721,6415,355,False,"Hash Table, Linked List, Design, Doubly-Linked List"
461,Hamming Distance,hamming-distance,Easy,76.88040228800203,4043,231,False,Bit Manipulation
462,Minimum Moves to Equal Array Elements II,minimum-moves-to-equal-array-elements-ii,Medium,62.091063749983256,3544,132,False,"Array, Math, Sorting"
463,Island Perimeter,island-perimeter,Easy,74.5492791118389,7343,432,False,"Array, Depth-First Search, Breadth-First Search, Matrix"
464,Can I Win,can-i-win,Medium,31.477772625299227,2850,434,False,"Math, Dynamic Programming, Bit Manipulation, Memoization, Game Theory, Bitmask"
465,Optimal Account Balancing,optimal-account-balancing,Hard,50.51262685452856,1532,164,True,"Array, Dynamic Programming, Backtracking, Bit Manipulation, Bitmask"
466,Count The Repetitions,count-the-repetitions,Hard,34.850956032897244,451,370,False,"Two Pointers, String, Dynamic Programming"
467,Unique Substrings in Wraparound String,unique-substrings-in-wraparound-string,Medium,43.33146967833314,1534,191,False,"String, Dynamic Programming"
468,Validate IP Address,validate-ip-address,Medium,28.370205094534896,1126,2746,False,String
469,Convex Polygon,convex-polygon,Medium,40.29404692384322,103,243,True,"Array, Math, Geometry"
903,Implement Rand10() Using Rand7(),implement-rand10-using-rand7,Medium,46.48441052692502,1181,389,False,"Math, Rejection Sampling, Randomized, Probability and Statistics"
471,Encode String with Shortest Length,encode-string-with-shortest-length,Hard,50.59739034742965,633,54,True,"String, Dynamic Programming"
472,Concatenated Words,concatenated-words,Hard,49.83975509497801,4079,294,False,"Array, String, Dynamic Programming, Depth-First Search, Trie, Sorting"
473,Matchsticks to Square,matchsticks-to-square,Medium,41.99730326763634,4068,310,False,"Array, Dynamic Programming, Backtracking, Bit Manipulation, Bitmask"
474,Ones and Zeroes,ones-and-zeroes,Medium,53.483338080319,6106,509,False,"Array, String, Dynamic Programming"
475,Heaters,heaters,Medium,42.13149825800704,2386,1201,False,"Array, Two Pointers, Binary Search, Sorting"
476,Number Complement,number-complement,Easy,70.47055206839812,3244,146,False,Bit Manipulation
477,Total Hamming Distance,total-hamming-distance,Medium,55.002481685163495,2313,97,False,"Array, Math, Bit Manipulation"
915,Generate Random Point in a Circle,generate-random-point-in-a-circle,Medium,43.14265755976405,487,784,False,"Math, Geometry, Rejection Sampling, Randomized"
479,Largest Palindrome Product,largest-palindrome-product,Hard,39.17852195518811,195,1569,False,"Math, Enumeration"
480,Sliding Window Median,sliding-window-median,Hard,39.01693099982961,3613,242,False,"Array, Hash Table, Sliding Window, Heap (Priority Queue)"
481,Magical String,magical-string,Medium,55.609357077041686,389,1430,False,"Two Pointers, String"
482,License Key Formatting,license-key-formatting,Easy,46.187621802470034,1214,1476,False,String
483,Smallest Good Base,smallest-good-base,Hard,46.493188515139,429,540,False,"Math, Binary Search"
484,Find Permutation,find-permutation,Medium,66.82603165846857,730,151,True,"Array, String, Stack, Greedy"
485,Max Consecutive Ones,max-consecutive-ones,Easy,65.46786233709419,6979,502,False,Array
486,Predict the Winner,predict-the-winner,Medium,56.30408228987821,6199,297,False,"Array, Math, Dynamic Programming, Recursion, Game Theory"
487,Max Consecutive Ones II,max-consecutive-ones-ii,Medium,52.06286781746422,1612,27,True,"Array, Dynamic Programming, Sliding Window"
488,Zuma Game,zuma-game,Hard,29.512696657549125,498,516,False,"String, Dynamic Programming, Stack, Breadth-First Search, Memoization"
865,Robot Room Cleaner,robot-room-cleaner,Hard,78.0468880907455,2910,193,True,"Backtracking, Interactive"
490,The Maze,the-maze,Medium,60.461606746560136,1931,199,True,"Array, Depth-First Search, Breadth-First Search, Matrix"
491,Non-decreasing Subsequences,non-decreasing-subsequences,Medium,62.82124265668191,3841,239,False,"Array, Hash Table, Backtracking, Bit Manipulation"
492,Construct the Rectangle,construct-the-rectangle,Easy,64.07270230717809,805,394,False,Math
493,Reverse Pairs,reverse-pairs,Hard,34.618682076547564,7098,302,False,"Array, Binary Search, Divide and Conquer, Binary Indexed Tree, Segment Tree, Merge Sort, Ordered Set"
494,Target Sum,target-sum,Medium,52.42191409264152,12501,420,False,"Array, Dynamic Programming, Backtracking"
495,Teemo Attacking,teemo-attacking,Easy,57.82224519057825,1384,160,False,"Array, Simulation"
496,Next Greater Element I,next-greater-element-i,Easy,76.36988947943509,10050,1125,False,"Array, Hash Table, Stack, Monotonic Stack"
914,Random Point in Non-overlapping Rectangles,random-point-in-non-overlapping-rectangles,Medium,40.019982074903396,529,691,False,"Array, Math, Binary Search, Reservoir Sampling, Prefix Sum, Ordered Set, Randomized"
498,Diagonal Traverse,diagonal-traverse,Medium,67.24285954839,4346,786,False,"Array, Matrix, Simulation"
499,The Maze III,the-maze-iii,Hard,52.48538011695907,522,78,True,"Array, String, Depth-First Search, Breadth-First Search, Graph Theory, Heap (Priority Queue), Matrix, Shortest Path"
500,Keyboard Row,keyboard-row,Easy,74.00720042799134,1842,1159,False,"Array, Hash Table, String"
501,Find Mode in Binary Search Tree,find-mode-in-binary-search-tree,Easy,59.02767686108725,4139,818,False,"Tree, Depth-First Search, Binary Search Tree, Binary Tree"
502,IPO,ipo,Hard,53.58414816841335,4214,285,False,"Array, Greedy, Sorting, Heap (Priority Queue)"
503,Next Greater Element II,next-greater-element-ii,Medium,68.6234666805052,9295,245,False,"Array, Stack, Monotonic Stack"
504,Base 7,base-7,Easy,54.75285561146245,896,240,False,"Math, String"
505,The Maze II,the-maze-ii,Medium,55.13296529366086,1403,64,True,"Array, Depth-First Search, Breadth-First Search, Graph Theory, Heap (Priority Queue), Matrix, Shortest Path"
506,Relative Ranks,relative-ranks,Easy,74.81501815065661,2198,152,False,"Array, Sorting, Heap (Priority Queue)"
507,Perfect Number,perfect-number,Easy,49.19195496915298,1315,1291,False,Math
508,Most Frequent Subtree Sum,most-frequent-subtree-sum,Medium,69.37633592515722,2382,337,False,"Hash Table, Tree, Depth-First Search, Binary Tree"
1013,Fibonacci Number,fibonacci-number,Easy,74.27430575049621,9431,415,False,"Math, Dynamic Programming, Recursion, Memoization"
509,Inorder Successor in BST II,inorder-successor-in-bst-ii,Medium,61.097330687492004,890,44,True,"Tree, Binary Search Tree, Binary Tree"
1179,Game Play Analysis I,game-play-analysis-i,Easy,76.43092284252911,1109,48,False,Database
1180,Game Play Analysis II,game-play-analysis-ii,Easy,54.76244417929084,279,43,True,Database
513,Find Bottom Left Tree Value,find-bottom-left-tree-value,Medium,72.39569376224549,4032,303,False,"Tree, Depth-First Search, Breadth-First Search, Binary Tree"
514,Freedom Trail,freedom-trail,Hard,59.42148448907688,1597,82,False,"String, Dynamic Programming, Depth-First Search, Breadth-First Search"
515,Find Largest Value in Each Tree Row,find-largest-value-in-each-tree-row,Medium,66.33799258692267,4151,130,False,"Tree, Depth-First Search, Breadth-First Search, Binary Tree"
516,Longest Palindromic Subsequence,longest-palindromic-subsequence,Medium,65.60664902785797,10435,347,False,"String, Dynamic Programming"
517,Super Washing Machines,super-washing-machines,Hard,44.77930937705767,830,222,False,"Array, Greedy"
518,Coin Change II,coin-change-ii,Medium,59.743432617720806,10313,251,False,"Array, Dynamic Programming"
913,Random Flip Matrix,random-flip-matrix,Medium,46.12738153748302,462,135,False,"Hash Table, Math, Reservoir Sampling, Randomized"
520,Detect Capital,detect-capital,Easy,56.74901334261332,3616,473,False,String
521,Longest Uncommon Subsequence I,longest-uncommon-subsequence-i,Easy,62.35215898941432,127,371,False,String
522,Longest Uncommon Subsequence II,longest-uncommon-subsequence-ii,Medium,45.087799464717015,562,1396,False,"Array, Hash Table, Two Pointers, String, Sorting"
523,Continuous Subarray Sum,continuous-subarray-sum,Medium,31.446859257507796,7023,719,False,"Array, Hash Table, Math, Prefix Sum"
524,Longest Word in Dictionary through Deleting,longest-word-in-dictionary-through-deleting,Medium,52.78392142184718,1873,367,False,"Array, Two Pointers, String, Sorting"
525,Contiguous Array,contiguous-array,Medium,51.6282983131762,8923,452,False,"Array, Hash Table, Prefix Sum"
526,Beautiful Arrangement,beautiful-arrangement,Medium,64.84231230143658,3421,391,False,"Array, Dynamic Programming, Backtracking, Bit Manipulation, Bitmask"
527,Word Abbreviation,word-abbreviation,Hard,62.75146128740804,405,301,True,"Array, String, Greedy, Trie, Sorting"
912,Random Pick with Weight,random-pick-with-weight,Medium,49.127805895088635,2304,1065,False,"Array, Math, Binary Search, Prefix Sum, Randomized"
529,Minesweeper,minesweeper,Medium,68.81741427072612,2099,1088,False,"Array, Depth-First Search, Breadth-First Search, Matrix"
530,Minimum Absolute Difference in BST,minimum-absolute-difference-in-bst,Easy,59.48421187907743,4777,277,False,"Tree, Depth-First Search, Breadth-First Search, Binary Search Tree, Binary Tree"
531,Lonely Pixel I,lonely-pixel-i,Medium,62.70783541114915,454,41,True,"Array, Hash Table, Matrix"
532,K-diff Pairs in an Array,k-diff-pairs-in-an-array,Medium,46.05699811077598,4185,2293,False,"Array, Hash Table, Two Pointers, Binary Search, Sorting"
533,Lonely Pixel II,lonely-pixel-ii,Medium,48.87978881819413,93,789,True,"Array, Hash Table, Matrix"
1181,Game Play Analysis III,game-play-analysis-iii,Medium,81.29622989234221,424,18,True,Database
535,Encode and Decode TinyURL,encode-and-decode-tinyurl,Medium,86.66615226479205,2148,3820,False,"Hash Table, String, Design, Hash Function"
536,Construct Binary Tree from String,construct-binary-tree-from-string,Medium,58.69295743494509,1135,184,True,"String, Stack, Tree, Depth-First Search, Binary Tree"
537,Complex Number Multiplication,complex-number-multiplication,Medium,73.61358725438933,759,1257,False,"Math, String, Simulation"
538,Convert BST to Greater Tree,convert-bst-to-greater-tree,Medium,71.7390526545946,5427,183,False,"Tree, Depth-First Search, Binary Search Tree, Binary Tree"
539,Minimum Time Difference,minimum-time-difference,Medium,62.627929246005046,2614,320,False,"Array, Math, String, Sorting"
540,Single Element in a Sorted Array,single-element-in-a-sorted-array,Medium,59.31010782734105,13150,252,False,"Array, Binary Search"
541,Reverse String II,reverse-string-ii,Easy,53.99169520317092,2396,4492,False,"Two Pointers, String"
542,01 Matrix,01-matrix,Medium,54.23523500587937,10840,451,False,"Array, Dynamic Programming, Breadth-First Search, Matrix"
543,Diameter of Binary Tree,diameter-of-binary-tree,Easy,65.74695209233084,15807,1255,False,"Tree, Depth-First Search, Binary Tree"
544,Output Contest Matches,output-contest-matches,Medium,77.56175601290708,399,141,True,"String, Recursion, Simulation"
545,Boundary of Binary Tree,boundary-of-binary-tree,Medium,48.13977383944281,1421,2350,True,"Tree, Depth-First Search, Binary Tree"
546,Remove Boxes,remove-boxes,Hard,49.48323008234331,2487,136,False,"Array, Dynamic Programming, Memoization"
547,Number of Provinces,number-of-provinces,Medium,70.60114549656868,11265,432,False,"Depth-First Search, Breadth-First Search, Union-Find, Graph Theory"
548,Split Array with Equal Sum,split-array-with-equal-sum,Hard,50.07080881619627,418,132,True,"Array, Hash Table, Prefix Sum"
549,Binary Tree Longest Consecutive Sequence II,binary-tree-longest-consecutive-sequence-ii,Medium,50.12977352936522,1205,108,True,"Tree, Depth-First Search, Binary Tree"
1182,Game Play Analysis IV,game-play-analysis-iv,Medium,41.544552993112404,1548,252,False,Database
551,Student Attendance Record I,student-attendance-record-i,Easy,50.2941662563276,869,57,False,String
552,Student Attendance Record II,student-attendance-record-ii,Hard,56.684894943853855,2380,291,False,Dynamic Programming
553,Optimal Division,optimal-division,Medium,63.25041459369818,426,1639,False,"Array, Math, Dynamic Programming"
554,Brick Wall,brick-wall,Medium,56.070801827143924,2682,186,False,"Array, Hash Table"
555,Split Concatenated Strings,split-concatenated-strings,Medium,43.59547983709057,80,265,True,"Array, String, Greedy"
556,Next Greater Element III,next-greater-element-iii,Medium,35.411569018695154,3959,498,False,"Math, Two Pointers, String"
557,Reverse Words in a String III,reverse-words-in-a-string-iii,Easy,84.04092693730377,6244,256,False,"Two Pointers, String"
773,Logical OR of Two Binary Grids Represented as Quad-Trees,logical-or-of-two-binary-grids-represented-as-quad-trees,Medium,52.77806464938553,208,482,False,"Divide and Conquer, Tree"
774,Maximum Depth of N-ary Tree,maximum-depth-of-n-ary-tree,Easy,73.65438226902769,2889,96,False,"Tree, Depth-First Search, Breadth-First Search"
560,Subarray Sum Equals K,subarray-sum-equals-k,Medium,47.58974771115885,25359,860,False,"Array, Hash Table, Prefix Sum"
561,Array Partition,array-partition,Easy,81.86811820258733,2436,306,False,"Array, Greedy, Sorting, Counting Sort"
562,Longest Line of Consecutive One in Matrix,longest-line-of-consecutive-one-in-matrix,Medium,50.61834218453989,906,119,True,"Array, Dynamic Programming, Matrix"
563,Binary Tree Tilt,binary-tree-tilt,Easy,66.03256360868845,2396,2263,False,"Tree, Depth-First Search, Binary Tree"
564,Find the Closest Palindrome,find-the-closest-palindrome,Hard,32.011996348937274,1333,1742,False,"Math, String"
565,Array Nesting,array-nesting,Medium,56.709444563376266,2285,159,False,"Array, Depth-First Search"
566,Reshape the Matrix,reshape-the-matrix,Easy,65.11739429894214,3719,440,False,"Array, Matrix, Simulation"
567,Permutation in String,permutation-in-string,Medium,49.12911249782223,13126,524,False,"Hash Table, Two Pointers, String, Sliding Window"
568,Maximum Vacation Days,maximum-vacation-days,Hard,46.79620190355902,584,121,True,"Array, Dynamic Programming, Matrix"
569,Median Employee Salary,median-employee-salary,Hard,65.90138871193783,340,156,True,Database
570,Managers with at Least 5 Direct Reports,managers-with-at-least-5-direct-reports,Medium,49.12851875957271,1806,193,False,Database
571,Find Median Given Frequency of Numbers,find-median-given-frequency-of-numbers,Hard,42.21245082156908,319,79,True,Database
572,Subtree of Another Tree,subtree-of-another-tree,Easy,51.78387312896924,8973,606,False,"Tree, Depth-First Search, String Matching, Binary Tree, Hash Function"
573,Squirrel Simulation,squirrel-simulation,Medium,57.363111026904136,421,40,True,"Array, Math"
574,Winning Candidate,winning-candidate,Medium,62.763757714139736,184,414,True,Database
575,Distribute Candies,distribute-candies,Easy,71.32729876964703,1762,1492,False,"Array, Hash Table"
576,Out of Boundary Paths,out-of-boundary-paths,Medium,48.47469655697841,4002,297,False,Dynamic Programming
577,Employee Bonus,employee-bonus,Easy,77.57416244573207,1632,302,False,Database
578,Get Highest Answer Rate Question,get-highest-answer-rate-question,Medium,40.06667659559843,137,921,True,Database
579,Find Cumulative Salary of an Employee,find-cumulative-salary-of-an-employee,Hard,49.60603816954172,248,405,True,Database
580,Count Student Number in Departments,count-student-number-in-departments,Medium,60.019344990705335,254,38,True,Database
581,Shortest Unsorted Continuous Subarray,shortest-unsorted-continuous-subarray,Medium,38.35850612584615,8065,277,False,"Array, Two Pointers, Stack, Greedy, Sorting, Monotonic Stack"
582,Kill Process,kill-process,Medium,70.7021565569824,1142,22,True,"Array, Hash Table, Tree, Depth-First Search, Breadth-First Search"
583,Delete Operation for Two Strings,delete-operation-for-two-strings,Medium,65.82582738650132,6191,93,False,"String, Dynamic Programming"
584,Find Customer Referee,find-customer-referee,Easy,73.02748845431701,3011,413,False,Database
585,Investments in 2016,investments-in-2016,Medium,51.28821330215241,965,643,False,Database
586,Customer Placing the Largest Number of Orders,customer-placing-the-largest-number-of-orders,Easy,64.51858792332445,1242,100,False,Database
587,Erect the Fence,erect-the-fence,Hard,53.05844862428105,1552,649,False,"Array, Math, Geometry"
588,Design In-Memory File System,design-in-memory-file-system,Hard,48.33236561027317,1584,176,True,"Hash Table, String, Design, Trie, Sorting"
775,N-ary Tree Preorder Traversal,n-ary-tree-preorder-traversal,Easy,76.8466612900521,3275,204,False,"Stack, Tree, Depth-First Search"
776,N-ary Tree Postorder Traversal,n-ary-tree-postorder-traversal,Easy,81.12496489018767,2766,119,False,"Stack, Tree, Depth-First Search"
591,Tag Validator,tag-validator,Hard,40.76657027839202,185,655,False,"String, Stack"
592,Fraction Addition and Subtraction,fraction-addition-and-subtraction,Medium,66.49623945182962,891,696,False,"Math, String, Simulation"
593,Valid Square,valid-square,Medium,45.2812678469446,1128,914,False,"Math, Geometry"
594,Longest Harmonious Subsequence,longest-harmonious-subsequence,Easy,64.79171981605406,2859,356,False,"Array, Hash Table, Sliding Window, Sorting, Counting"
595,Big Countries,big-countries,Easy,68.56868344422232,3408,1383,False,Database
596,Classes With at Least 5 Students,classes-with-at-least-5-students,Easy,64.12993780243679,1351,1084,False,Database
597,Friend Requests I: Overall Acceptance Rate,friend-requests-i-overall-acceptance-rate,Easy,41.05950305246289,321,778,True,Database
598,Range Addition II,range-addition-ii,Easy,58.85649020811775,1043,987,False,"Array, Math"
599,Minimum Index Sum of Two Lists,minimum-index-sum-of-two-lists,Easy,60.04996855973743,2123,418,False,"Array, Hash Table, String"
600,Non-negative Integers without Consecutive Ones,non-negative-integers-without-consecutive-ones,Hard,42.74391156703776,1647,138,False,Dynamic Programming
601,Human Traffic of Stadium,human-traffic-of-stadium,Hard,51.52344564084752,870,578,False,Database
602,Friend Requests II: Who Has the Most Friends,friend-requests-ii-who-has-the-most-friends,Medium,62.91059097085066,1009,152,False,Database
603,Consecutive Available Seats,consecutive-available-seats,Easy,64.9533966380566,659,80,True,Database
604,Design Compressed String Iterator,design-compressed-string-iterator,Easy,40.42119290877519,460,167,True,"Array, String, Design, Iterator"
605,Can Place Flowers,can-place-flowers,Easy,29.18520912621419,7453,1331,False,"Array, Greedy"
606,Construct String from Binary Tree,construct-string-from-binary-tree,Medium,70.77985146814383,213,76,False,"String, Tree, Depth-First Search, Binary Tree"
607,Sales Person,sales-person,Easy,66.07787957467445,1443,123,False,Database
608,Tree Node,tree-node,Medium,75.93363973807276,1409,132,False,Database
609,Find Duplicate File in System,find-duplicate-file-in-system,Medium,67.50036719982826,1564,1657,False,"Array, Hash Table, String"
610,Triangle Judgement,triangle-judgement,Easy,74.8667072210692,879,242,False,Database
611,Valid Triangle Number,valid-triangle-number,Medium,56.9734232083165,4456,262,False,"Array, Two Pointers, Binary Search, Greedy, Sorting"
612,Shortest Distance in a Plane,shortest-distance-in-a-plane,Medium,60.9572162714383,226,72,True,Database
613,Shortest Distance in a Line,shortest-distance-in-a-line,Easy,79.65557555625661,344,41,True,Database
614,Second Degree Follower,second-degree-follower,Medium,40.89121218882479,169,745,True,Database
615,Average Salary: Departments VS Company,average-salary-departments-vs-company,Hard,56.61408854633447,242,77,True,Database
616,Add Bold Tag in String,add-bold-tag-in-string,Medium,51.43702595149825,1115,204,True,"Array, Hash Table, String, Trie, String Matching"
617,Merge Two Binary Trees,merge-two-binary-trees,Easy,79.09982260194283,9091,326,False,"Tree, Depth-First Search, Breadth-First Search, Binary Tree"
618,Students Report By Geography,students-report-by-geography,Hard,63.51507376523412,192,170,True,Database
619,Biggest Single Number,biggest-single-number,Easy,71.50664515239883,1003,203,False,Database
620,Not Boring Movies,not-boring-movies,Easy,75.09679164175705,1560,565,False,Database
621,Task Scheduler,task-scheduler,Medium,63.30515966140716,11949,2230,False,"Array, Hash Table, Greedy, Sorting, Heap (Priority Queue), Counting"
860,Design Circular Queue,design-circular-queue,Medium,54.886195710637885,3862,356,False,"Array, Linked List, Design, Queue"
623,Add One Row to Tree,add-one-row-to-tree,Medium,64.14551947047336,3695,271,False,"Tree, Depth-First Search, Breadth-First Search, Binary Tree"
624,Maximum Distance in Arrays,maximum-distance-in-arrays,Medium,45.573903922072155,1528,122,False,"Array, Greedy"
625,Minimum Factorization,minimum-factorization,Medium,34.06041194985919,133,112,True,"Math, Greedy"
626,Exchange Seats,exchange-seats,Medium,74.34391337346614,1934,614,False,Database
627,Swap Sex of Employees,swap-sex-of-employees,Easy,84.72369530032147,1876,573,False,Database
628,Maximum Product of Three Numbers,maximum-product-of-three-numbers,Easy,46.04189198016999,4558,716,False,"Array, Math, Sorting"
629,K Inverse Pairs Array,k-inverse-pairs-array,Hard,48.99789376117534,2789,332,False,Dynamic Programming
630,Course Schedule III,course-schedule-iii,Hard,41.81290533939065,4030,103,False,"Array, Greedy, Sorting, Heap (Priority Queue)"
631,Design Excel Sum Formula,design-excel-sum-formula,Hard,39.596735796618425,283,297,True,"Array, Hash Table, String, Graph Theory, Design, Topological Sort, Matrix"
632,Smallest Range Covering Elements from K Lists,smallest-range-covering-elements-from-k-lists,Hard,70.18189325083283,4440,103,False,"Array, Hash Table, Greedy, Sliding Window, Sorting, Heap (Priority Queue)"
633,Sum of Square Numbers,sum-of-square-numbers,Medium,36.90972071415752,3468,621,False,"Math, Two Pointers, Binary Search"
634,Find the Derangement of An Array,find-the-derangement-of-an-array,Medium,41.67895892745927,223,167,True,"Math, Dynamic Programming, Combinatorics"
635,Design Log Storage System,design-log-storage-system,Medium,59.620197846728374,495,231,True,"Hash Table, String, Design, Ordered Set"
636,Exclusive Time of Functions,exclusive-time-of-functions,Medium,66.22352184212134,2393,2996,False,"Array, Stack"
637,Average of Levels in Binary Tree,average-of-levels-in-binary-tree,Easy,75.00221762707989,5613,352,False,"Tree, Depth-First Search, Breadth-First Search, Binary Tree"
638,Shopping Offers,shopping-offers,Medium,52.58132103809095,1646,791,False,"Array, Dynamic Programming, Backtracking, Bit Manipulation, Memoization, Bitmask"
639,Decode Ways II,decode-ways-ii,Hard,32.006618255354354,1669,825,False,"String, Dynamic Programming"
640,Solve the Equation,solve-the-equation,Medium,46.30625632030642,556,854,False,"Math, String, Simulation"
859,Design Circular Deque,design-circular-deque,Medium,64.78866747584003,1698,108,False,"Array, Linked List, Design, Queue"
642,Design Search Autocomplete System,design-search-autocomplete-system,Hard,50.003526362498306,2188,204,True,"String, Depth-First Search, Design, Trie, Sorting, Heap (Priority Queue), Data Stream"
643,Maximum Average Subarray I,maximum-average-subarray-i,Easy,48.196089472290396,4481,387,False,"Array, Sliding Window"
644,Maximum Average Subarray II,maximum-average-subarray-ii,Hard,37.79663501474013,640,74,True,"Array, Binary Search, Prefix Sum"
645,Set Mismatch,set-mismatch,Easy,43.44862719116325,5539,1429,False,"Array, Hash Table, Bit Manipulation, Sorting"
646,Maximum Length of Pair Chain,maximum-length-of-pair-chain,Medium,61.91853412254926,4950,136,False,"Array, Dynamic Programming, Greedy, Sorting"
647,Palindromic Substrings,palindromic-substrings,Medium,72.93299151183543,11603,258,False,"Two Pointers, String, Dynamic Programming"
648,Replace Words,replace-words,Medium,68.80830906883759,3134,220,False,"Array, Hash Table, String, Trie"
649,Dota2 Senate,dota2-senate,Medium,50.068199450009885,2809,2095,False,"String, Greedy, Queue"
650,2 Keys Keyboard,2-keys-keyboard,Medium,59.3997227301991,4438,247,False,"Math, Dynamic Programming"
651,4 Keys Keyboard,4-keys-keyboard,Medium,56.49651429373509,746,94,True,"Math, Dynamic Programming"
652,Find Duplicate Subtrees,find-duplicate-subtrees,Medium,60.76419139214694,6152,506,False,"Hash Table, Tree, Depth-First Search, Binary Tree"
653,Two Sum IV - Input is a BST,two-sum-iv-input-is-a-bst,Easy,63.42163041564144,7323,292,False,"Hash Table, Two Pointers, Tree, Depth-First Search, Breadth-First Search, Binary Search Tree, Binary Tree"
654,Maximum Binary Tree,maximum-binary-tree,Medium,86.39997187752662,5452,353,False,"Array, Divide and Conquer, Stack, Tree, Monotonic Stack, Binary Tree"
655,Print Binary Tree,print-binary-tree,Medium,66.67449471228146,574,470,False,"Tree, Depth-First Search, Breadth-First Search, Binary Tree"
656,Coin Path,coin-path,Hard,34.33936955063716,261,115,True,"Array, Dynamic Programming"
657,Robot Return to Origin,robot-return-to-origin,Easy,78.14457572404459,2820,756,False,"String, Simulation"
658,Find K Closest Elements,find-k-closest-elements,Medium,49.805567748725274,9150,944,False,"Array, Two Pointers, Binary Search, Sliding Window, Sorting, Heap (Priority Queue)"
659,Split Array into Consecutive Subsequences,split-array-into-consecutive-subsequences,Medium,52.32306758046326,4594,817,False,"Array, Hash Table, Greedy, Heap (Priority Queue)"
660,Remove 9,remove-9,Hard,57.49051353402479,166,204,True,Math
661,Image Smoother,image-smoother,Easy,69.38858737209137,1247,3001,False,"Array, Matrix"
662,Maximum Width of Binary Tree,maximum-width-of-binary-tree,Medium,45.71566212831784,9838,1337,False,"Tree, Depth-First Search, Breadth-First Search, Binary Tree"
663,Equal Tree Partition,equal-tree-partition,Medium,42.29105143877481,509,38,True,"Tree, Depth-First Search, Binary Tree"
664,Strange Printer,strange-printer,Hard,60.96059159202812,2791,294,False,"String, Dynamic Programming"
665,Non-decreasing Array,non-decreasing-array,Medium,25.48925952700609,5863,789,False,Array
666,Path Sum IV,path-sum-iv,Medium,62.88180710751507,428,524,True,"Array, Hash Table, Tree, Depth-First Search, Binary Tree"
667,Beautiful Arrangement II,beautiful-arrangement-ii,Medium,61.185267944646995,830,1061,False,"Array, Math"
668,Kth Smallest Number in Multiplication Table,kth-smallest-number-in-multiplication-table,Hard,54.325089438481875,2292,61,False,"Math, Binary Search"
669,Trim a Binary Search Tree,trim-a-binary-search-tree,Medium,66.74695182131524,6119,267,False,"Tree, Depth-First Search, Binary Search Tree, Binary Tree"
670,Maximum Swap,maximum-swap,Medium,52.06240294825953,4306,276,False,"Math, Greedy"
671,Second Minimum Node In a Binary Tree,second-minimum-node-in-a-binary-tree,Easy,46.190081644432446,2015,1904,False,"Tree, Depth-First Search, Binary Tree"
672,Bulb Switcher II,bulb-switcher-ii,Medium,50.306926386002225,204,248,False,"Math, Bit Manipulation, Depth-First Search, Breadth-First Search"
673,Number of Longest Increasing Subsequence,number-of-longest-increasing-subsequence,Medium,52.1922880052052,7360,289,False,"Array, Dynamic Programming, Binary Indexed Tree, Segment Tree"
674,Longest Continuous Increasing Subsequence,longest-continuous-increasing-subsequence,Easy,52.1689362714824,2485,196,False,Array
675,Cut Off Trees for Golf Event,cut-off-trees-for-golf-event,Hard,36.54041164765133,1301,691,False,"Array, Breadth-First Search, Heap (Priority Queue), Matrix"
676,Implement Magic Dictionary,implement-magic-dictionary,Medium,57.96546847063219,1479,216,False,"Hash Table, String, Depth-First Search, Design, Trie"
677,Map Sum Pairs,map-sum-pairs,Medium,57.2470210212844,1742,167,False,"Hash Table, String, Design, Trie"
678,Valid Parenthesis String,valid-parenthesis-string,Medium,40.23626418751334,7081,225,False,"String, Dynamic Programming, Stack, Greedy"
679,24 Game,24-game,Hard,59.555991557829216,1895,288,False,"Array, Math, Backtracking"
680,Valid Palindrome II,valid-palindrome-ii,Easy,44.39384883642337,9066,520,False,"Two Pointers, String, Greedy"
681,Next Closest Time,next-closest-time,Medium,47.004766896769986,744,1078,True,"Hash Table, String, Backtracking, Enumeration"
682,Baseball Game,baseball-game,Easy,80.6511171356455,3391,1971,False,"Array, Stack, Simulation"
683,K Empty Slots,k-empty-slots,Hard,38.00268812669063,831,707,True,"Array, Binary Indexed Tree, Segment Tree, Queue, Sliding Window, Heap (Priority Queue), Ordered Set, Monotonic Queue"
684,Redundant Connection,redundant-connection,Medium,67.80586282229089,7222,452,False,"Depth-First Search, Breadth-First Search, Union-Find, Graph Theory"
685,Redundant Connection II,redundant-connection-ii,Hard,36.32036560097597,2543,332,False,"Depth-First Search, Breadth-First Search, Union-Find, Graph Theory"
686,Repeated String Match,repeated-string-match,Medium,39.15481004950934,2907,1013,False,"String, String Matching"
687,Longest Univalue Path,longest-univalue-path,Medium,44.06014488014496,4479,683,False,"Tree, Depth-First Search, Binary Tree"
688,Knight Probability in Chessboard,knight-probability-in-chessboard,Medium,57.129367615299564,4050,497,False,Dynamic Programming
689,Maximum Sum of 3 Non-Overlapping Subarrays,maximum-sum-of-3-non-overlapping-subarrays,Hard,59.85399798146898,2630,159,False,"Array, Dynamic Programming, Sliding Window, Prefix Sum"
690,Employee Importance,employee-importance,Medium,69.5566764435352,2223,1360,False,"Array, Hash Table, Tree, Depth-First Search, Breadth-First Search"
691,Stickers to Spell Word,stickers-to-spell-word,Hard,50.96302786600535,1340,130,False,"Array, Hash Table, String, Dynamic Programming, Backtracking, Bit Manipulation, Memoization, Bitmask"
692,Top K Frequent Words,top-k-frequent-words,Medium,60.30073283298633,8080,375,False,"Array, Hash Table, String, Trie, Sorting, Heap (Priority Queue), Bucket Sort, Counting"
693,Binary Number with Alternating Bits,binary-number-with-alternating-bits,Easy,69.91142154936912,1730,125,False,Bit Manipulation
694,Number of Distinct Islands,number-of-distinct-islands,Medium,62.878250946002765,2339,153,True,"Array, Hash Table, Depth-First Search, Breadth-First Search, Union-Find, Sorting, Matrix, Hash Function"
695,Max Area of Island,max-area-of-island,Medium,74.07357458080027,10690,222,False,"Array, Depth-First Search, Breadth-First Search, Union-Find, Matrix"
696,Count Binary Substrings,count-binary-substrings,Easy,70.47751349599916,4657,981,False,"Two Pointers, String"
697,Degree of an Array,degree-of-an-array,Easy,58.45757582615172,3297,1813,False,"Array, Hash Table"
698,Partition to K Equal Sum Subsets,partition-to-k-equal-sum-subsets,Medium,38.73145442361469,7591,557,False,"Array, Dynamic Programming, Backtracking, Bit Manipulation, Memoization, Bitmask"
699,Falling Squares,falling-squares,Hard,48.027518829682485,689,76,False,"Array, Segment Tree, Ordered Set"
783,Search in a Binary Search Tree,search-in-a-binary-search-tree,Easy,82.82628144802786,6632,221,False,"Tree, Binary Search Tree, Binary Tree"
784,Insert into a Binary Search Tree,insert-into-a-binary-search-tree,Medium,73.50796115839323,6509,190,False,"Tree, Binary Search Tree, Binary Tree"
786,Search in a Sorted Array of Unknown Size,search-in-a-sorted-array-of-unknown-size,Medium,73.13810324684495,941,51,True,"Array, Binary Search, Interactive"
789,Kth Largest Element in a Stream,kth-largest-element-in-a-stream,Easy,61.19306374546173,6492,4086,False,"Tree, Design, Binary Search Tree, Heap (Priority Queue), Binary Tree, Data Stream"
792,Binary Search,binary-search,Easy,61.03862079203864,13598,305,False,"Array, Binary Search"
816,Design HashSet,design-hashset,Easy,68.17648096237028,4060,329,False,"Array, Hash Table, Linked List, Design, Hash Function"
817,Design HashMap,design-hashmap,Easy,66.66777473485207,5446,502,False,"Array, Hash Table, Linked List, Design, Hash Function"
838,Design Linked List,design-linked-list,Medium,30.429819525661017,3093,1684,False,"Linked List, Design"
850,Insert into a Sorted Circular Linked List,insert-into-a-sorted-circular-linked-list,Medium,38.57102575349332,1339,802,True,Linked List
742,To Lower Case,to-lower-case,Easy,84.93928702500794,2061,2800,False,String
894,Random Pick with Blacklist,random-pick-with-blacklist,Hard,35.116746057018084,900,121,False,"Array, Hash Table, Math, Binary Search, Sorting, Randomized"
711,Number of Distinct Islands II,number-of-distinct-islands-ii,Hard,55.486207427955,282,286,True,"Array, Hash Table, Depth-First Search, Breadth-First Search, Union-Find, Sorting, Matrix, Hash Function"
712,Minimum ASCII Delete Sum for Two Strings,minimum-ascii-delete-sum-for-two-strings,Medium,71.07114913680104,4554,128,False,"String, Dynamic Programming"
713,Subarray Product Less Than K,subarray-product-less-than-k,Medium,54.50491542656755,7598,237,False,"Array, Binary Search, Sliding Window, Prefix Sum"
714,Best Time to Buy and Sell Stock with Transaction Fee,best-time-to-buy-and-sell-stock-with-transaction-fee,Medium,72.19371598549525,7677,236,False,"Array, Dynamic Programming, Greedy"
715,Range Module,range-module,Hard,45.21486247025215,1604,143,False,"Design, Segment Tree, Ordered Set"
716,Max Stack,max-stack,Hard,45.95881786534331,2021,514,True,"Linked List, Stack, Design, Doubly-Linked List, Ordered Set"
717,1-bit and 2-bit Characters,1-bit-and-2-bit-characters,Easy,49.63383190934631,1258,2362,False,Array
718,Maximum Length of Repeated Subarray,maximum-length-of-repeated-subarray,Medium,51.43729122843994,7105,180,False,"Array, Binary Search, Dynamic Programming, Sliding Window, Rolling Hash, Hash Function"
719,Find K-th Smallest Pair Distance,find-k-th-smallest-pair-distance,Hard,46.61422227797833,3962,125,False,"Array, Two Pointers, Binary Search, Sorting"
720,Longest Word in Dictionary,longest-word-in-dictionary,Medium,55.01321590842202,2100,1511,False,"Array, Hash Table, String, Trie, Sorting"
721,Accounts Merge,accounts-merge,Medium,61.54893626773643,7768,1323,False,"Array, Hash Table, String, Depth-First Search, Breadth-First Search, Union-Find, Sorting"
722,Remove Comments,remove-comments,Medium,40.24137561752394,759,1848,False,"Array, String"
723,Candy Crush,candy-crush,Medium,77.60381380438555,1077,550,True,"Array, Two Pointers, Matrix, Simulation"
724,Find Pivot Index,find-pivot-index,Easy,63.03821220058216,9425,938,False,"Array, Prefix Sum"
725,Split Linked List in Parts,split-linked-list-in-parts,Medium,70.60130227310124,4755,376,False,Linked List
726,Number of Atoms,number-of-atoms,Hard,65.12760669736024,1992,413,False,"Hash Table, String, Stack, Sorting"
727,Minimum Window Subsequence,minimum-window-subsequence,Hard,43.832905858607226,1487,95,True,"String, Dynamic Programming, Sliding Window"
728,Self Dividing Numbers,self-dividing-numbers,Easy,80.93680041329429,1957,387,False,Math
729,My Calendar I,my-calendar-i,Medium,58.32919449695311,4836,143,False,"Array, Binary Search, Design, Segment Tree, Ordered Set"
730,Count Different Palindromic Subsequences,count-different-palindromic-subsequences,Hard,48.01880734895089,2014,103,False,"String, Dynamic Programming"
731,My Calendar II,my-calendar-ii,Medium,63.25631897882538,2294,189,False,"Array, Binary Search, Design, Segment Tree, Prefix Sum, Ordered Set"
732,My Calendar III,my-calendar-iii,Hard,71.90969026465561,2100,276,False,"Binary Search, Design, Segment Tree, Prefix Sum, Ordered Set"
733,Flood Fill,flood-fill,Easy,68.47092595026413,9558,962,False,"Array, Depth-First Search, Breadth-First Search, Matrix"
734,Sentence Similarity,sentence-similarity,Easy,44.854482981410236,68,73,True,"Array, Hash Table, String"
735,Asteroid Collision,asteroid-collision,Medium,48.24041708228549,9492,1308,False,"Array, Stack, Simulation"
736,Parse Lisp Expression,parse-lisp-expression,Hard,53.71601545089882,503,370,False,"Hash Table, String, Stack, Recursion"
737,Sentence Similarity II,sentence-similarity-ii,Medium,51.34264024704066,854,43,True,"Array, Hash Table, String, Depth-First Search, Breadth-First Search, Union-Find"
738,Monotone Increasing Digits,monotone-increasing-digits,Medium,49.77387341131126,1416,116,False,"Math, Greedy"
739,Daily Temperatures,daily-temperatures,Medium,68.83968172650448,14818,379,False,"Array, Stack, Monotonic Stack"
740,Delete and Earn,delete-and-earn,Medium,57.31771437893324,8009,405,False,"Array, Hash Table, Dynamic Programming"
741,Cherry Pickup,cherry-pickup,Hard,39.758485482668206,4703,171,False,"Array, Dynamic Programming, Matrix"
743,Closest Leaf in a Binary Tree,closest-leaf-in-a-binary-tree,Medium,47.45801275839113,891,190,True,"Tree, Depth-First Search, Breadth-First Search, Binary Tree"
744,Network Delay Time,network-delay-time,Medium,60.80001907867236,8468,393,False,"Depth-First Search, Breadth-First Search, Graph Theory, Heap (Priority Queue), Shortest Path"
745,Find Smallest Letter Greater Than Target,find-smallest-letter-greater-than-target,Easy,59.34945608645773,5191,2232,False,"Array, Binary Search"
746,Prefix and Suffix Search,prefix-and-suffix-search,Hard,40.99544698202563,2359,500,False,"Array, Hash Table, String, Design, Trie"
747,Min Cost Climbing Stairs,min-cost-climbing-stairs,Easy,68.40427524574423,12436,1900,False,"Array, Dynamic Programming"
748,Largest Number At Least Twice of Others,largest-number-at-least-twice-of-others,Easy,52.69313182860994,1389,958,False,"Array, Sorting"
749,Shortest Completing Word,shortest-completing-word,Easy,63.3295699015329,641,1133,False,"Array, Hash Table, String"
750,Contain Virus,contain-virus,Hard,55.08484227308963,447,468,False,"Array, Depth-First Search, Breadth-First Search, Matrix, Simulation"
751,Number Of Corner Rectangles,number-of-corner-rectangles,Medium,67.88337114528191,633,92,True,"Array, Math, Dynamic Programming, Matrix"
752,IP to CIDR,ip-to-cidr,Medium,53.70604670778639,119,367,True,"String, Bit Manipulation"
753,Open the Lock,open-the-lock,Medium,61.391555371609044,5169,239,False,"Array, Hash Table, String, Breadth-First Search"
754,Cracking the Safe,cracking-the-safe,Hard,58.49320575701535,673,132,False,"String, Depth-First Search, Graph Theory, Eulerian Circuit"
755,Reach a Number,reach-a-number,Medium,45.27558332364442,1961,844,False,"Math, Binary Search"
756,Pour Water,pour-water,Medium,49.100393259571696,323,836,True,"Array, Simulation"
757,Pyramid Transition Matrix,pyramid-transition-matrix,Medium,60.59004064478668,969,552,False,"Hash Table, String, Backtracking, Bit Manipulation"
759,Set Intersection Size At Least Two,set-intersection-size-at-least-two,Hard,58.0783094211605,1131,110,False,"Array, Greedy, Sorting"
760,Bold Words in String,bold-words-in-string,Medium,52.53425170322677,282,124,True,"Array, Hash Table, String, Trie, String Matching"
761,Employee Free Time,employee-free-time,Hard,72.95383347403208,1969,149,True,"Array, Sweep Line, Sorting, Heap (Priority Queue)"
762,Find Anagram Mappings,find-anagram-mappings,Easy,83.97209696231307,624,235,True,"Array, Hash Table"
763,Special Binary String,special-binary-string,Hard,79.37478600832875,1174,301,False,"String, Divide and Conquer, Sorting"
767,Prime Number of Set Bits in Binary Representation,prime-number-of-set-bits-in-binary-representation,Easy,78.87343415642806,1037,526,False,"Math, Bit Manipulation"
768,Partition Labels,partition-labels,Medium,81.93206395407596,11301,445,False,"Hash Table, Two Pointers, String, Greedy"
769,Largest Plus Sign,largest-plus-sign,Medium,49.27379900203907,1541,242,False,"Array, Dynamic Programming"
770,Couples Holding Hands,couples-holding-hands,Hard,59.49226525124839,2499,132,False,"Greedy, Depth-First Search, Breadth-First Search, Union-Find, Graph Theory"
777,Toeplitz Matrix,toeplitz-matrix,Easy,69.73382817273628,3745,181,False,"Array, Matrix"
778,Reorganize String,reorganize-string,Medium,57.255117556080535,9293,287,False,"Hash Table, String, Greedy, Sorting, Heap (Priority Queue), Counting"
779,Max Chunks To Make Sorted II,max-chunks-to-make-sorted-ii,Hard,54.92294520547946,2007,63,False,"Array, Stack, Greedy, Sorting, Monotonic Stack"
780,Max Chunks To Make Sorted,max-chunks-to-make-sorted,Medium,64.18958159062694,3675,371,False,"Array, Stack, Greedy, Sorting, Monotonic Stack"
781,Basic Calculator IV,basic-calculator-iv,Hard,49.87590119371233,182,1447,False,"Hash Table, Math, String, Stack, Recursion"
782,Jewels and Stones,jewels-and-stones,Easy,89.58918137191056,5495,633,False,"Hash Table, String"
785,Basic Calculator III,basic-calculator-iii,Hard,53.4118571133539,1182,295,True,"Math, String, Stack, Recursion"
787,Sliding Puzzle,sliding-puzzle,Hard,74.48102174016495,2767,76,False,"Array, Dynamic Programming, Backtracking, Breadth-First Search, Memoization, Matrix"
788,Minimize Max Distance to Gas Station,minimize-max-distance-to-gas-station,Hard,54.02420380345483,714,104,True,"Array, Binary Search"
790,Global and Local Inversions,global-and-local-inversions,Medium,42.89893826965582,1882,382,False,"Array, Math"
791,Split BST,split-bst,Medium,82.1632501257958,1093,105,True,"Tree, Binary Search Tree, Recursion, Binary Tree"
793,Swap Adjacent in LR String,swap-adjacent-in-lr-string,Medium,38.2063732466722,1351,957,False,"Two Pointers, String"
794,Swim in Rising Water,swim-in-rising-water,Hard,67.94532169817855,4644,319,False,"Array, Binary Search, Depth-First Search, Breadth-First Search, Union-Find, Heap (Priority Queue), Matrix"
795,K-th Symbol in Grammar,k-th-symbol-in-grammar,Medium,48.413335660673766,4174,427,False,"Math, Bit Manipulation, Recursion"
796,Reaching Points,reaching-points,Hard,34.45987654320988,1591,239,False,Math
797,Rabbits in Forest,rabbits-in-forest,Medium,58.047225623744694,2167,994,False,"Array, Hash Table, Math, Greedy"
798,Transform to Chessboard,transform-to-chessboard,Hard,51.505968353844736,374,313,False,"Array, Math, Bit Manipulation, Matrix"
799,Minimum Distance Between BST Nodes,minimum-distance-between-bst-nodes,Easy,61.49889719677487,3703,437,False,"Tree, Depth-First Search, Breadth-First Search, Binary Search Tree, Binary Tree"
800,Letter Case Permutation,letter-case-permutation,Medium,75.91400485968612,4854,162,False,"String, Backtracking, Bit Manipulation"
801,Is Graph Bipartite?,is-graph-bipartite,Medium,59.47427923518342,9319,420,False,"Depth-First Search, Breadth-First Search, Union-Find, Graph Theory"
802,K-th Smallest Prime Fraction,k-th-smallest-prime-fraction,Medium,69.15894115466665,2155,122,False,"Array, Two Pointers, Binary Search, Sorting, Heap (Priority Queue)"
803,Cheapest Flights Within K Stops,cheapest-flights-within-k-stops,Medium,42.07591241004758,11340,471,False,"Dynamic Programming, Depth-First Search, Breadth-First Search, Graph Theory, Heap (Priority Queue), Shortest Path"
804,Rotated Digits,rotated-digits,Medium,64.04434648420775,979,1974,False,"Math, Dynamic Programming"
805,Escape The Ghosts,escape-the-ghosts,Medium,63.90594194303301,330,35,False,"Array, Math"
806,Domino and Tromino Tiling,domino-and-tromino-tiling,Medium,51.32488075983406,4177,1325,False,Dynamic Programming
807,Custom Sort String,custom-sort-string,Medium,72.3006636803733,3843,432,False,"Hash Table, String, Sorting"
808,Number of Matching Subsequences,number-of-matching-subsequences,Medium,50.60724930469366,5837,249,False,"Array, Hash Table, String, Binary Search, Dynamic Programming, Trie, Sorting"
809,Preimage Size of Factorial Zeroes Function,preimage-size-of-factorial-zeroes-function,Hard,47.168146576808276,475,104,False,"Math, Binary Search"
810,Valid Tic-Tac-Toe State,valid-tic-tac-toe-state,Medium,34.88754549192185,590,1168,False,"Array, Matrix"
811,Number of Subarrays with Bounded Maximum,number-of-subarrays-with-bounded-maximum,Medium,55.06380538163743,2462,136,False,"Array, Two Pointers"
812,Rotate String,rotate-string,Easy,66.80450312259563,5024,458,False,"String, String Matching"
813,All Paths From Source to Target,all-paths-from-source-to-target,Medium,83.6745731375359,7670,155,False,"Backtracking, Depth-First Search, Breadth-First Search, Graph Theory"
814,Smallest Rotation with Highest Score,smallest-rotation-with-highest-score,Hard,53.81019830028328,570,45,False,"Array, Prefix Sum"
815,Champagne Tower,champagne-tower,Medium,64.13774576640597,4176,235,False,Dynamic Programming
818,Similar RGB Color,similar-rgb-color,Easy,67.97003471587794,112,692,True,"Math, String, Enumeration"
819,Minimum Swaps To Make Sequences Increasing,minimum-swaps-to-make-sequences-increasing,Hard,41.718423076605,2958,140,False,"Array, Dynamic Programming"
820,Find Eventual Safe States,find-eventual-safe-states,Medium,71.02528063029469,7098,531,False,"Depth-First Search, Breadth-First Search, Graph Theory, Topological Sort"
821,Bricks Falling When Hit,bricks-falling-when-hit,Hard,37.4229081208227,1211,193,False,"Array, Union-Find, Matrix"
822,Unique Morse Code Words,unique-morse-code-words,Easy,83.65201171855202,2628,1555,False,"Array, Hash Table, String"
823,Split Array With Same Average,split-array-with-same-average,Hard,27.152358664860206,1357,143,False,"Array, Hash Table, Math, Dynamic Programming, Bit Manipulation, Bitmask"
824,Number of Lines To Write String,number-of-lines-to-write-string,Easy,72.77247648475766,677,1355,False,"Array, String"
825,Max Increase to Keep City Skyline,max-increase-to-keep-city-skyline,Medium,86.45057415121049,2679,547,False,"Array, Greedy, Matrix"
826,Soup Servings,soup-servings,Medium,59.57124219879412,1465,3966,False,"Math, Dynamic Programming, Probability and Statistics"
827,Expressive Words,expressive-words,Medium,46.88087646145041,921,1952,False,"Array, Two Pointers, String"
828,Chalkboard XOR Game,chalkboard-xor-game,Hard,66.6536305566419,253,288,False,"Array, Math, Bit Manipulation, Brainteaser, Game Theory"
829,Subdomain Visit Count,subdomain-visit-count,Medium,77.1707089959407,1607,1308,False,"Array, Hash Table, String, Counting"
830,Largest Triangle Area,largest-triangle-area,Easy,71.70800800683624,856,1740,False,"Array, Math, Geometry"
831,Largest Sum of Averages,largest-sum-of-averages,Medium,55.17484987636877,2216,105,False,"Array, Dynamic Programming, Prefix Sum"
832,Binary Tree Pruning,binary-tree-pruning,Medium,72.51287456106613,4680,122,False,"Tree, Depth-First Search, Binary Tree"
833,Bus Routes,bus-routes,Hard,47.37056691278118,4743,137,False,"Array, Hash Table, Breadth-First Search"
834,Ambiguous Coordinates,ambiguous-coordinates,Medium,56.581460495320556,342,668,False,"String, Backtracking, Enumeration"
835,Linked List Components,linked-list-components,Medium,58.01553368124669,1206,2297,False,"Array, Hash Table, Linked List"
836,Race Car,race-car,Hard,44.890659363459065,2029,191,False,Dynamic Programming
837,Most Common Word,most-common-word,Easy,45.199979126277164,1868,3119,False,"Array, Hash Table, String, Counting"
839,Short Encoding of Words,short-encoding-of-words,Medium,60.89091167685963,1788,674,False,"Array, Hash Table, String, Trie"
841,Shortest Distance to a Character,shortest-distance-to-a-character,Easy,72.85547696312568,3345,196,False,"Array, Two Pointers, String"
842,Card Flipping Game,card-flipping-game,Medium,50.55602123498184,192,797,False,"Array, Hash Table"
843,Binary Trees With Factors,binary-trees-with-factors,Medium,53.12519618176592,3379,261,False,"Array, Hash Table, Dynamic Programming, Sorting"
851,Goat Latin,goat-latin,Easy,70.06847851753567,1038,1304,False,String
852,Friends Of Appropriate Ages,friends-of-appropriate-ages,Medium,49.931132873713246,888,1278,False,"Array, Two Pointers, Binary Search, Sorting"
853,Most Profit Assigning Work,most-profit-assigning-work,Medium,56.24426214943584,2552,174,False,"Array, Two Pointers, Binary Search, Greedy, Sorting"
854,Making A Large Island,making-a-large-island,Hard,56.810154279828986,5094,101,False,"Array, Depth-First Search, Breadth-First Search, Union-Find, Matrix"
855,Count Unique Characters of All Substrings of a Given String,count-unique-characters-of-all-substrings-of-a-given-string,Hard,53.71291352017441,2261,259,False,"Hash Table, String, Dynamic Programming"
856,Consecutive Numbers Sum,consecutive-numbers-sum,Hard,42.74853338551664,1458,1394,False,"Math, Enumeration"
857,Positions of Large Groups,positions-of-large-groups,Easy,54.10256071049022,931,127,False,String
858,Masking Personal Information,masking-personal-information,Medium,55.629803831593435,209,472,False,String
861,Flipping an Image,flipping-an-image,Easy,83.81789752437273,3747,262,False,"Array, Two Pointers, Bit Manipulation, Matrix, Simulation"
862,Find And Replace in String,find-and-replace-in-string,Medium,50.77040255348659,1254,1051,False,"Array, Hash Table, String, Sorting"
863,Sum of Distances in Tree,sum-of-distances-in-tree,Hard,65.64999771046949,6005,140,False,"Dynamic Programming, Tree, Depth-First Search, Graph Theory"
864,Image Overlap,image-overlap,Medium,64.08757016261484,1413,507,False,"Array, Matrix"
866,Rectangle Overlap,rectangle-overlap,Easy,46.80095292366318,2101,483,False,"Math, Geometry"
867,New 21 Game,new-21-game,Medium,51.933028042587104,2510,2011,False,"Math, Dynamic Programming, Sliding Window, Probability and Statistics"
868,Push Dominoes,push-dominoes,Medium,63.010824276721664,3968,278,False,"Two Pointers, String, Dynamic Programming"
869,Similar String Groups,similar-string-groups,Hard,56.37108285655389,2476,217,False,"Array, Hash Table, String, Depth-First Search, Breadth-First Search, Union-Find"
870,Magic Squares In Grid,magic-squares-in-grid,Medium,55.193608603655306,1112,1906,False,"Array, Hash Table, Math, Matrix"
871,Keys and Rooms,keys-and-rooms,Medium,75.90558170900236,6715,303,False,"Depth-First Search, Breadth-First Search, Graph Theory"
872,Split Array into Fibonacci Sequence,split-array-into-fibonacci-sequence,Medium,40.45341625403478,1186,310,False,"String, Backtracking"
873,Guess the Word,guess-the-word,Hard,36.67239906025866,1645,1877,False,"Array, Math, String, Interactive, Game Theory"
874,Backspace String Compare,backspace-string-compare,Easy,49.99330736840149,7993,386,False,"Two Pointers, String, Stack, Simulation"
875,Longest Mountain in Array,longest-mountain-in-array,Medium,42.270207786160384,3066,93,False,"Array, Two Pointers, Dynamic Programming, Enumeration"
876,Hand of Straights,hand-of-straights,Medium,58.13891116935217,3775,298,False,"Array, Hash Table, Greedy, Sorting"
877,Shortest Path Visiting All Nodes,shortest-path-visiting-all-nodes,Hard,66.06825096760703,4663,183,False,"Dynamic Programming, Bit Manipulation, Breadth-First Search, Graph Theory, Bitmask"
878,Shifting Letters,shifting-letters,Medium,46.303626297900394,1559,142,False,"Array, String, Prefix Sum"
879,Maximize Distance to Closest Person,maximize-distance-to-closest-person,Medium,49.85861549959875,3348,202,False,Array
880,Rectangle Area II,rectangle-area-ii,Hard,56.29121636869687,1050,66,False,"Array, Segment Tree, Sweep Line, Ordered Set"
881,Loud and Rich,loud-and-rich,Medium,63.73214016548857,1511,880,False,"Array, Depth-First Search, Graph Theory, Topological Sort"
882,Peak Index in a Mountain Array,peak-index-in-a-mountain-array,Medium,66.76901746485836,8576,1954,False,"Array, Binary Search"
883,Car Fleet,car-fleet,Medium,55.28197598723871,4398,1226,False,"Array, Stack, Sorting, Monotonic Stack"
884,K-Similar Strings,k-similar-strings,Hard,40.89483279085387,1185,63,False,"Hash Table, String, Breadth-First Search"
885,Exam Room,exam-room,Medium,43.62067891269747,1435,532,False,"Design, Heap (Priority Queue), Ordered Set"
886,Score of Parentheses,score-of-parentheses,Medium,63.55968858131488,5622,240,False,"String, Stack"
887,Minimum Cost to Hire K Workers,minimum-cost-to-hire-k-workers,Hard,63.68962425881946,3082,407,False,"Array, Greedy, Sorting, Heap (Priority Queue)"
888,Mirror Reflection,mirror-reflection,Medium,61.90695753905443,1154,2561,False,"Math, Geometry, Number Theory"
889,Buddy Strings,buddy-strings,Easy,34.08192020990297,3372,1849,False,"Hash Table, String"
890,Lemonade Change,lemonade-change,Easy,59.216452775316206,3476,218,False,"Array, Greedy"
891,Score After Flipping Matrix,score-after-flipping-matrix,Medium,80.27398684900943,2498,226,False,"Array, Greedy, Bit Manipulation, Matrix"
892,Shortest Subarray with Sum at Least K,shortest-subarray-with-sum-at-least-k,Hard,32.87191757796278,5224,145,False,"Array, Binary Search, Queue, Sliding Window, Heap (Priority Queue), Prefix Sum, Monotonic Queue"
893,All Nodes Distance K in Binary Tree,all-nodes-distance-k-in-binary-tree,Medium,67.78602629237841,12201,278,False,"Hash Table, Tree, Depth-First Search, Breadth-First Search, Binary Tree"
895,Shortest Path to Get All Keys,shortest-path-to-get-all-keys,Hard,54.72184056382843,2508,107,False,"Array, Bit Manipulation, Breadth-First Search, Matrix"
896,Smallest Subtree with all the Deepest Nodes,smallest-subtree-with-all-the-deepest-nodes,Medium,77.6418493792854,3269,404,False,"Hash Table, Tree, Depth-First Search, Breadth-First Search, Binary Tree"
897,Prime Palindrome,prime-palindrome,Medium,28.292467417715926,524,846,False,"Math, Number Theory"
898,Transpose Matrix,transpose-matrix,Easy,76.61310174381394,4224,463,False,"Array, Matrix, Simulation"
899,Binary Gap,binary-gap,Easy,74.31817794080014,981,741,False,Bit Manipulation
900,Reordered Power of 2,reordered-power-of-2,Medium,65.90824660368409,2546,499,False,"Hash Table, Math, Sorting, Counting, Enumeration"
901,Advantage Shuffle,advantage-shuffle,Medium,54.69698354065237,1705,100,False,"Array, Two Pointers, Greedy, Sorting"
902,Minimum Number of Refueling Stops,minimum-number-of-refueling-stops,Hard,41.59485237788715,4907,94,False,"Array, Dynamic Programming, Greedy, Heap (Priority Queue)"
904,Leaf-Similar Trees,leaf-similar-trees,Easy,70.26408372209904,4401,126,False,"Tree, Depth-First Search, Binary Tree"
905,Length of Longest Fibonacci Subsequence,length-of-longest-fibonacci-subsequence,Medium,57.5474888174365,2699,110,False,"Array, Hash Table, Dynamic Programming"
906,Walking Robot Simulation,walking-robot-simulation,Medium,64.66646283700811,1244,216,False,"Array, Hash Table, Simulation"
907,Koko Eating Bananas,koko-eating-bananas,Medium,50.16220200857669,13924,927,False,"Array, Binary Search"
908,Middle of the Linked List,middle-of-the-linked-list,Easy,82.02576198686008,13337,450,False,"Linked List, Two Pointers"
909,Stone Game,stone-game,Medium,73.40555700967593,3565,2966,False,"Array, Math, Dynamic Programming, Game Theory"
910,Nth Magical Number,nth-magical-number,Hard,36.81542301256417,1345,171,False,"Math, Binary Search"
911,Profitable Schemes,profitable-schemes,Hard,48.43497015719006,1969,126,False,"Array, Dynamic Programming"
916,Decoded String at Index,decoded-string-at-index,Medium,37.36568611687917,2617,368,False,"String, Stack"
917,Boats to Save People,boats-to-save-people,Medium,61.96692298432316,6989,179,False,"Array, Two Pointers, Greedy, Sorting"
918,Reachable Nodes In Subdivided Graph,reachable-nodes-in-subdivided-graph,Hard,52.35680674995944,913,230,False,"Graph Theory, Heap (Priority Queue), Shortest Path"
919,Projection Area of 3D Shapes,projection-area-of-3d-shapes,Easy,76.28299120234604,645,1452,False,"Array, Math, Geometry, Matrix"
920,Uncommon Words from Two Sentences,uncommon-words-from-two-sentences,Easy,75.72902992766966,1910,209,False,"Hash Table, String, Counting"
921,Spiral Matrix III,spiral-matrix-iii,Medium,84.59857897336525,1675,1051,False,"Array, Matrix, Simulation"
922,Possible Bipartition,possible-bipartition,Medium,52.74210529388527,4944,120,False,"Depth-First Search, Breadth-First Search, Union-Find, Graph Theory"
923,Super Egg Drop,super-egg-drop,Hard,30.463030260055664,3846,209,False,"Math, Binary Search, Dynamic Programming"
924,Fair Candy Swap,fair-candy-swap,Easy,65.19231835572889,2294,424,False,"Array, Hash Table, Binary Search, Sorting"
925,Construct Binary Tree from Preorder and Postorder Traversal,construct-binary-tree-from-preorder-and-postorder-traversal,Medium,78.09725913708516,3408,162,False,"Array, Hash Table, Divide and Conquer, Tree, Binary Tree"
926,Find and Replace Pattern,find-and-replace-pattern,Medium,77.04866249995564,4038,175,False,"Array, Hash Table, String"
927,Sum of Subsequence Widths,sum-of-subsequence-widths,Hard,40.76033999430344,741,172,False,"Array, Math, Sorting"
928,Surface Area of 3D Shapes,surface-area-of-3d-shapes,Easy,70.99445166146636,614,763,False,"Array, Math, Geometry, Matrix"
929,Groups of Special-Equivalent Strings,groups-of-special-equivalent-strings,Medium,73.63646393939023,575,1488,False,"Array, Hash Table, String, Sorting"
930,All Possible Full Binary Trees,all-possible-full-binary-trees,Medium,82.74628802626054,5272,369,False,"Dynamic Programming, Tree, Recursion, Memoization, Binary Tree"
931,Maximum Frequency Stack,maximum-frequency-stack,Hard,66.88864161110105,4976,79,False,"Hash Table, Stack, Design, Ordered Set"
932,Monotonic Array,monotonic-array,Easy,62.39477876452325,3295,107,False,Array
933,Increasing Order Search Tree,increasing-order-search-tree,Easy,79.00906338842633,4499,686,False,"Stack, Tree, Depth-First Search, Binary Search Tree, Binary Tree"
934,Bitwise ORs of Subarrays,bitwise-ors-of-subarrays,Medium,56.90800817555576,1977,244,False,"Array, Dynamic Programming, Bit Manipulation"
935,Orderly Queue,orderly-queue,Hard,67.09300784873072,1839,621,False,"Math, String, Sorting"
936,RLE Iterator,rle-iterator,Medium,59.344272991224344,771,202,False,"Array, Design, Counting, Iterator"
937,Online Stock Span,online-stock-span,Medium,69.30212401808048,7338,506,False,"Stack, Design, Monotonic Stack, Data Stream"
938,Numbers At Most N Given Digit Set,numbers-at-most-n-given-digit-set,Hard,45.44865539362332,1490,98,False,"Array, Math, String, Binary Search, Dynamic Programming"
939,Valid Permutations for DI Sequence,valid-permutations-for-di-sequence,Hard,56.46236900603366,753,45,False,"String, Dynamic Programming, Prefix Sum"
940,Fruit Into Baskets,fruit-into-baskets,Medium,51.522429242045895,6312,603,False,"Array, Hash Table, Sliding Window"
941,Sort Array By Parity,sort-array-by-parity,Easy,76.57344482219976,5733,157,False,"Array, Two Pointers, Sorting"
942,Super Palindromes,super-palindromes,Hard,40.05320395308128,378,423,False,"Math, String, Enumeration"
943,Sum of Subarray Minimums,sum-of-subarray-minimums,Medium,38.74506071953162,9354,747,False,"Array, Dynamic Programming, Stack, Monotonic Stack"
944,Smallest Range I,smallest-range-i,Easy,73.72149045896982,799,2090,False,"Array, Math"
945,Snakes and Ladders,snakes-and-ladders,Medium,48.16178853567919,3674,1357,False,"Array, Breadth-First Search, Matrix"
946,Smallest Range II,smallest-range-ii,Medium,37.99805085898191,1723,468,False,"Array, Math, Greedy, Sorting"
947,Online Election,online-election,Medium,52.93489931996235,1095,685,False,"Array, Hash Table, Binary Search, Design"
948,Sort an Array,sort-an-array,Medium,55.93415175295552,7293,847,False,"Array, Divide and Conquer, Sorting, Heap (Priority Queue), Merge Sort, Bucket Sort, Radix Sort, Counting Sort"
949,Cat and Mouse,cat-and-mouse,Hard,35.46149455240364,1026,182,False,"Math, Dynamic Programming, Graph Theory, Topological Sort, Memoization, Game Theory"
950,X of a Kind in a Deck of Cards,x-of-a-kind-in-a-deck-of-cards,Easy,30.350444531946202,1912,581,False,"Array, Hash Table, Math, Counting, Number Theory"
951,Partition Array into Disjoint Intervals,partition-array-into-disjoint-intervals,Medium,49.50428984727845,1773,83,False,Array
952,Word Subsets,word-subsets,Medium,55.950346863344855,3545,317,False,"Array, Hash Table, String"
953,Reverse Only Letters,reverse-only-letters,Easy,68.64564951466784,2467,87,False,"Two Pointers, String"
954,Maximum Sum Circular Subarray,maximum-sum-circular-subarray,Medium,50.55958766371717,7392,351,False,"Array, Divide and Conquer, Dynamic Programming, Queue, Monotonic Queue"
955,Complete Binary Tree Inserter,complete-binary-tree-inserter,Medium,65.1132979287346,1158,120,False,"Tree, Breadth-First Search, Design, Binary Tree"
956,Number of Music Playlists,number-of-music-playlists,Hard,60.08567913090451,2478,208,False,"Math, Dynamic Programming, Combinatorics"
957,Minimum Add to Make Parentheses Valid,minimum-add-to-make-parentheses-valid,Medium,74.35878280790877,4978,250,False,"String, Stack, Greedy"
958,Sort Array By Parity II,sort-array-by-parity-ii,Easy,71.31332636467369,2844,105,False,"Array, Two Pointers, Sorting"
959,3Sum With Multiplicity,3sum-with-multiplicity,Medium,46.33725235367899,2685,333,False,"Array, Hash Table, Two Pointers, Sorting, Counting"
960,Minimize Malware Spread,minimize-malware-spread,Hard,43.2470219471082,1131,654,False,"Array, Hash Table, Depth-First Search, Breadth-First Search, Union-Find, Graph Theory"
961,Long Pressed Name,long-pressed-name,Easy,32.97019269369731,2612,411,False,"Two Pointers, String"
962,Flip String to Monotone Increasing,flip-string-to-monotone-increasing,Medium,61.91030801935863,4601,185,False,"String, Dynamic Programming"
963,Three Equal Parts,three-equal-parts,Hard,41.43468576160099,858,127,False,"Array, Math"
964,Minimize Malware Spread II,minimize-malware-spread-ii,Hard,45.69169495760034,711,92,False,"Array, Hash Table, Depth-First Search, Breadth-First Search, Union-Find, Graph Theory"
965,Unique Email Addresses,unique-email-addresses,Easy,67.91887405872467,2823,363,False,"Array, Hash Table, String"
966,Binary Subarrays With Sum,binary-subarrays-with-sum,Medium,69.17537623703659,4953,171,False,"Array, Hash Table, Sliding Window, Prefix Sum"
967,Minimum Falling Path Sum,minimum-falling-path-sum,Medium,60.851798038503446,7027,175,False,"Array, Dynamic Programming, Matrix"
968,Beautiful Array,beautiful-array,Medium,69.64484755764397,1172,1609,False,"Array, Math, Divide and Conquer"
969,Number of Recent Calls,number-of-recent-calls,Easy,78.62921121646157,877,1214,False,"Design, Queue, Data Stream"
971,Shortest Bridge,shortest-bridge,Medium,59.57470670887576,5819,221,False,"Array, Depth-First Search, Breadth-First Search, Matrix"
972,Knight Dialer,knight-dialer,Medium,61.9837334831351,3215,453,False,Dynamic Programming
973,Stamping The Sequence,stamping-the-sequence,Hard,62.37373013370031,1582,222,False,"String, Stack, Greedy, Queue"
974,Reorder Data in Log Files,reorder-data-in-log-files,Medium,56.79951715671145,2201,4426,False,"Array, String, Sorting"
975,Range Sum of BST,range-sum-of-bst,Easy,87.5989770387435,7275,389,False,"Tree, Depth-First Search, Binary Search Tree, Binary Tree"
976,Minimum Area Rectangle,minimum-area-rectangle,Medium,55.411691451175734,2112,298,False,"Array, Hash Table, Math, Geometry, Sorting"
977,Distinct Subsequences II,distinct-subsequences-ii,Hard,44.17044288110558,1845,40,False,"String, Dynamic Programming"
978,Valid Mountain Array,valid-mountain-array,Easy,35.37503005789613,3178,211,False,Array
979,DI String Match,di-string-match,Easy,81.14647353149489,2627,1082,False,"Array, Two Pointers, String, Greedy"
980,Find the Shortest Superstring,find-the-shortest-superstring,Hard,45.46248907751841,1528,152,False,"Array, String, Dynamic Programming, Bit Manipulation, Bitmask"
981,Delete Columns to Make Sorted,delete-columns-to-make-sorted,Easy,78.1645630369055,2071,3019,False,"Array, String"
982,Minimum Increment to Make Array Unique,minimum-increment-to-make-array-unique,Medium,60.70781610934809,2792,86,False,"Array, Greedy, Sorting, Counting"
983,Validate Stack Sequences,validate-stack-sequences,Medium,70.4867231107397,6127,132,False,"Array, Stack, Simulation"
984,Most Stones Removed with Same Row or Column,most-stones-removed-with-same-row-or-column,Medium,63.16026622286076,6500,709,False,"Hash Table, Depth-First Search, Union-Find, Graph Theory"
985,Bag of Tokens,bag-of-tokens,Medium,59.703258352593465,3493,547,False,"Array, Two Pointers, Greedy, Sorting"
986,Largest Time for Given Digits,largest-time-for-given-digits,Medium,36.00512797599612,749,1073,False,"Array, String, Backtracking, Enumeration"
987,Reveal Cards In Increasing Order,reveal-cards-in-increasing-order,Medium,83.66797291496462,3716,715,False,"Array, Queue, Sorting, Simulation"
988,Flip Equivalent Binary Trees,flip-equivalent-binary-trees,Medium,69.50331024179603,2897,124,False,"Tree, Depth-First Search, Binary Tree"
989,Largest Component Size by Common Factor,largest-component-size-by-common-factor,Hard,43.33528736779086,1739,95,False,"Array, Hash Table, Math, Union-Find, Number Theory"
990,Verifying an Alien Dictionary,verifying-an-alien-dictionary,Easy,56.02585454154181,5113,1683,False,"Array, Hash Table, String"
991,Array of Doubled Pairs,array-of-doubled-pairs,Medium,39.859693877551024,1578,188,False,"Array, Hash Table, Greedy, Sorting"
992,Delete Columns to Make Sorted II,delete-columns-to-make-sorted-ii,Medium,49.712081644248734,1048,136,False,"Array, String, Greedy"
993,Tallest Billboard,tallest-billboard,Hard,51.90391242361066,2493,64,False,"Array, Dynamic Programming"
994,Prison Cells After N Days,prison-cells-after-n-days,Medium,39.230618201231415,1567,1782,False,"Array, Hash Table, Math, Bit Manipulation"
998,Check Completeness of a Binary Tree,check-completeness-of-a-binary-tree,Medium,59.27678392691404,4570,62,False,"Tree, Breadth-First Search, Binary Tree"
999,Regions Cut By Slashes,regions-cut-by-slashes,Medium,77.56372001448588,4002,877,False,"Array, Hash Table, Depth-First Search, Breadth-First Search, Union-Find, Matrix"
1000,Delete Columns to Make Sorted III,delete-columns-to-make-sorted-iii,Hard,72.68443556753508,874,31,False,"Array, String, Dynamic Programming"
1001,N-Repeated Element in Size 2N Array,n-repeated-element-in-size-2n-array,Easy,79.96138705714215,1856,348,False,"Array, Hash Table"
1002,Maximum Width Ramp,maximum-width-ramp,Medium,55.898608829936556,2881,100,False,"Array, Two Pointers, Stack, Monotonic Stack"
1003,Minimum Area Rectangle II,minimum-area-rectangle-ii,Medium,55.93032101019322,414,487,False,"Array, Hash Table, Math, Geometry"
1004,Least Operators to Express Number,least-operators-to-express-number,Hard,48.6251592118079,330,70,False,"Math, Dynamic Programming, Memoization"
1005,Univalued Binary Tree,univalued-binary-tree,Easy,73.13927166894423,1994,68,False,"Tree, Depth-First Search, Breadth-First Search, Binary Tree"
1006,Vowel Spellchecker,vowel-spellchecker,Medium,61.42856523454606,855,1003,False,"Array, Hash Table, String"
1007,Numbers With Same Consecutive Differences,numbers-with-same-consecutive-differences,Medium,59.261464934753626,2893,200,False,"Backtracking, Breadth-First Search"
1008,Binary Tree Cameras,binary-tree-cameras,Hard,47.95567758972512,5685,89,False,"Dynamic Programming, Tree, Depth-First Search, Binary Tree"
1009,Pancake Sorting,pancake-sorting,Medium,71.87881643305704,1608,1561,False,"Array, Two Pointers, Greedy, Sorting"
1010,Powerful Integers,powerful-integers,Medium,44.665978672170624,425,86,False,"Hash Table, Math, Enumeration"
1011,Flip Binary Tree To Match Preorder Traversal,flip-binary-tree-to-match-preorder-traversal,Medium,51.9772197773751,1003,284,False,"Tree, Depth-First Search, Binary Tree"
1012,Equal Rational Numbers,equal-rational-numbers,Hard,46.3313689324756,107,218,False,"Math, String"
1014,K Closest Points to Origin,k-closest-points-to-origin,Medium,69.11468082660497,9147,339,False,"Array, Math, Divide and Conquer, Geometry, Sorting, Heap (Priority Queue), Quickselect"
1016,Subarray Sums Divisible by K,subarray-sums-divisible-by-k,Medium,56.410530369301924,7951,347,False,"Array, Hash Table, Prefix Sum"
1017,Odd Even Jump,odd-even-jump,Hard,41.303478608556574,2119,533,False,"Array, Dynamic Programming, Stack, Sorting, Monotonic Stack, Ordered Set"
1018,Largest Perimeter Triangle,largest-perimeter-triangle,Easy,62.272450390924526,3412,444,False,"Array, Math, Greedy, Sorting"
1019,Squares of a Sorted Array,squares-of-a-sorted-array,Easy,73.8659653835247,10342,281,False,"Array, Two Pointers, Sorting"
1020,Longest Turbulent Subarray,longest-turbulent-subarray,Medium,49.24264627288181,2127,263,False,"Array, Dynamic Programming, Sliding Window"
1021,Distribute Coins in Binary Tree,distribute-coins-in-binary-tree,Medium,77.32491874579355,6105,250,False,"Tree, Depth-First Search, Binary Tree"
1022,Unique Paths III,unique-paths-iii,Hard,82.87357368769845,5519,200,False,"Array, Backtracking, Bit Manipulation, Matrix"
1023,Time Based Key-Value Store,time-based-key-value-store,Medium,50.00019807759095,5317,738,False,"Hash Table, String, Binary Search, Design"
1024,Triples with Bitwise AND Equal To Zero,triples-with-bitwise-and-equal-to-zero,Hard,60.111612443600094,485,222,False,"Array, Hash Table, Bit Manipulation"
1025,Minimum Cost For Tickets,minimum-cost-for-tickets,Medium,67.43929080170487,8852,192,False,"Array, Dynamic Programming"
1026,String Without AAA or BBB,string-without-aaa-or-bbb,Medium,45.282069604147374,879,377,False,"String, Greedy"
1027,Sum of Even Numbers After Queries,sum-of-even-numbers-after-queries,Medium,68.90387370690222,2144,323,False,"Array, Simulation"
1028,Interval List Intersections,interval-list-intersections,Medium,73.07328334116693,5948,131,False,"Array, Two Pointers, Sweep Line"
1029,Vertical Order Traversal of a Binary Tree,vertical-order-traversal-of-a-binary-tree,Hard,54.070426230853904,8733,4393,False,"Hash Table, Tree, Depth-First Search, Breadth-First Search, Sorting, Binary Tree"
1030,Smallest String Starting From Leaf,smallest-string-starting-from-leaf,Medium,61.28325278247998,2431,336,False,"String, Backtracking, Tree, Depth-First Search, Binary Tree"
1031,Add to Array-Form of Integer,add-to-array-form-of-integer,Easy,45.57381573500325,3710,317,False,"Array, Math"
1032,Satisfiability of Equality Equations,satisfiability-of-equality-equations,Medium,51.95436789451122,4068,68,False,"Array, String, Union-Find, Graph Theory"
1033,Broken Calculator,broken-calculator,Medium,56.226413396965626,2851,218,False,"Math, Greedy"
1034,Subarrays with K Different Integers,subarrays-with-k-different-integers,Hard,68.43528857763431,7028,125,False,"Array, Hash Table, Sliding Window, Counting"
1035,Cousins in Binary Tree,cousins-in-binary-tree,Easy,59.454388400741166,4346,234,False,"Tree, Depth-First Search, Breadth-First Search, Binary Tree"
1036,Rotting Oranges,rotting-oranges,Medium,58.897579592852665,15333,477,False,"Array, Breadth-First Search, Matrix"
1037,Minimum Number of K Consecutive Bit Flips,minimum-number-of-k-consecutive-bit-flips,Hard,62.353093171981655,2082,91,False,"Array, Bit Manipulation, Queue, Sliding Window, Prefix Sum"
1038,Number of Squareful Arrays,number-of-squareful-arrays,Hard,51.56256296594801,1045,49,False,"Array, Hash Table, Math, Dynamic Programming, Backtracking, Bit Manipulation, Bitmask"
1039,Find the Town Judge,find-the-town-judge,Easy,50.868741902262386,6995,634,False,"Array, Hash Table, Graph Theory"
1040,Maximum Binary Tree II,maximum-binary-tree-ii,Medium,70.67076979326944,574,806,False,"Tree, Binary Tree"
1041,Available Captures for Rook,available-captures-for-rook,Easy,71.86179370793552,817,650,False,"Array, Matrix, Simulation"
1042,Minimum Cost to Merge Stones,minimum-cost-to-merge-stones,Hard,46.3601798040863,2651,116,False,"Array, Dynamic Programming, Prefix Sum"
1043,Grid Illumination,grid-illumination,Hard,39.52245239411856,657,161,False,"Array, Hash Table"
1044,Find Common Characters,find-common-characters,Easy,74.7359571585043,4540,439,False,"Array, Hash Table, String"
1045,Check If Word Is Valid After Substitutions,check-if-word-is-valid-after-substitutions,Medium,61.24483601719922,1093,473,False,"String, Stack"
1046,Max Consecutive Ones III,max-consecutive-ones-iii,Medium,67.92571024210294,10601,193,False,"Array, Binary Search, Sliding Window, Prefix Sum"
1047,Maximize Sum Of Array After K Negations,maximize-sum-of-array-after-k-negations,Easy,54.006371171387514,1737,126,False,"Array, Greedy, Sorting"
1048,Clumsy Factorial,clumsy-factorial,Medium,61.6098119056699,445,366,False,"Math, Stack, Simulation"
1049,Minimum Domino Rotations For Equal Row,minimum-domino-rotations-for-equal-row,Medium,56.49340931938261,3289,271,False,"Array, Greedy"
1050,Construct Binary Search Tree from Preorder Traversal,construct-binary-search-tree-from-preorder-traversal,Medium,84.36199520248763,6824,93,False,"Array, Stack, Tree, Binary Search Tree, Monotonic Stack, Binary Tree"
1054,Complement of Base 10 Integer,complement-of-base-10-integer,Easy,63.35461796779849,2853,145,False,Bit Manipulation
1055,Pairs of Songs With Total Durations Divisible by 60,pairs-of-songs-with-total-durations-divisible-by-60,Medium,53.47664310666992,4338,183,False,"Array, Hash Table, Counting"
1056,Capacity To Ship Packages Within D Days,capacity-to-ship-packages-within-d-days,Medium,74.16005509416317,11136,295,False,"Array, Binary Search"
1057,Numbers With Repeated Digits,numbers-with-repeated-digits,Hard,47.70107970399127,873,91,False,"Math, Dynamic Programming"
1062,Partition Array Into Three Parts With Equal Sum,partition-array-into-three-parts-with-equal-sum,Easy,42.88853583075508,1814,169,False,"Array, Greedy"
1063,Best Sightseeing Pair,best-sightseeing-pair,Medium,62.70628831975712,3295,78,False,"Array, Dynamic Programming"
1064,Smallest Integer Divisible by K,smallest-integer-divisible-by-k,Medium,54.22138469582042,1657,1175,False,"Hash Table, Math"
1065,Binary String With Substrings Representing 1 To N,binary-string-with-substrings-representing-1-to-n,Medium,58.59444476525957,393,540,False,"Hash Table, String, Bit Manipulation, Sliding Window"
1070,Convert to Base -2,convert-to-base-2,Medium,61.98970564580988,575,312,False,Math
1071,Binary Prefix Divisible By 5,binary-prefix-divisible-by-5,Easy,53.68838415977287,1117,231,False,"Array, Bit Manipulation"
1072,Next Greater Node In Linked List,next-greater-node-in-linked-list,Medium,64.4619112973331,3551,130,False,"Array, Linked List, Stack, Monotonic Stack"
1073,Number of Enclaves,number-of-enclaves,Medium,71.95275613957153,4678,92,False,"Array, Depth-First Search, Breadth-First Search, Union-Find, Matrix"
1078,Remove Outermost Parentheses,remove-outermost-parentheses,Easy,87.22412158115392,3813,1731,False,"String, Stack"
1079,Sum of Root To Leaf Binary Numbers,sum-of-root-to-leaf-binary-numbers,Easy,76.61998560854398,3800,212,False,"Tree, Depth-First Search, Binary Tree"
1080,Camelcase Matching,camelcase-matching,Medium,65.486856355223,989,351,False,"Array, Two Pointers, String, Trie, String Matching"
1081,Video Stitching,video-stitching,Medium,52.75808021069437,1874,64,False,"Array, Dynamic Programming, Greedy"
1086,Divisor Game,divisor-game,Easy,71.98520072891932,2460,4212,False,"Math, Dynamic Programming, Brainteaser, Game Theory"
1092,Maximum Difference Between Node and Ancestor,maximum-difference-between-node-and-ancestor,Medium,78.18085166361945,5115,171,False,"Tree, Depth-First Search, Binary Tree"
1087,Longest Arithmetic Subsequence,longest-arithmetic-subsequence,Medium,50.031133828996275,4937,220,False,"Array, Hash Table, Binary Search, Dynamic Programming"
1093,Recover a Tree From Preorder Traversal,recover-a-tree-from-preorder-traversal,Hard,83.24221795196458,2305,70,False,"String, Tree, Depth-First Search, Binary Tree"
1095,Two City Scheduling,two-city-scheduling,Medium,68.64473242843577,4896,367,False,"Array, Greedy, Sorting"
1094,Matrix Cells in Distance Order,matrix-cells-in-distance-order,Easy,74.32658847789664,822,346,False,"Array, Math, Geometry, Sorting, Matrix"
1096,Maximum Sum of Two Non-Overlapping Subarrays,maximum-sum-of-two-non-overlapping-subarrays,Medium,61.02280336940049,2677,88,False,"Array, Dynamic Programming, Sliding Window"
1097,Stream of Characters,stream-of-characters,Hard,52.47763864042933,1888,187,False,"Array, String, Design, Trie, Data Stream"
1103,Moving Stones Until Consecutive,moving-stones-until-consecutive,Medium,52.49768594547789,259,658,False,"Math, Brainteaser"
1104,Coloring A Border,coloring-a-border,Medium,51.46054423768508,857,947,False,"Array, Depth-First Search, Breadth-First Search, Matrix"
1105,Uncrossed Lines,uncrossed-lines,Medium,65.3605774774567,3983,63,False,"Array, Dynamic Programming"
1106,Escape a Large Maze,escape-a-large-maze,Hard,36.735716881587024,719,173,False,"Array, Hash Table, Depth-First Search, Breadth-First Search"
1115,Valid Boomerang,valid-boomerang,Easy,39.82388619713154,472,544,False,"Array, Math, Geometry"
1114,Binary Search Tree to Greater Sum Tree,binary-search-tree-to-greater-sum-tree,Medium,88.36685405800337,4585,169,False,"Tree, Depth-First Search, Binary Search Tree, Binary Tree"
1111,Minimum Score Triangulation of Polygon,minimum-score-triangulation-of-polygon,Medium,67.50475614994973,2336,304,False,"Array, Dynamic Programming"
1113,Moving Stones Until Consecutive II,moving-stones-until-consecutive-ii,Medium,58.90569994756947,410,769,False,"Array, Math, Sliding Window, Sorting"
1119,Robot Bounded In Circle,robot-bounded-in-circle,Medium,56.57379998481967,3867,718,False,"Math, String, Simulation"
1120,Flower Planting With No Adjacent,flower-planting-with-no-adjacent,Medium,53.8375787302826,1588,727,False,"Depth-First Search, Breadth-First Search, Graph Theory"
1121,Partition Array for Maximum Sum,partition-array-for-maximum-sum,Medium,77.46373489129608,5105,438,False,"Array, Dynamic Programming"
1122,Longest Duplicate Substring,longest-duplicate-substring,Hard,31.234484396249627,2360,397,False,"String, Binary Search, Sliding Window, Rolling Hash, Suffix Array, Hash Function"
1135,Customers Who Bought All Products,customers-who-bought-all-products,Medium,64.12324934182016,1191,98,False,Database
1127,Last Stone Weight,last-stone-weight,Easy,66.56189898639869,6719,156,False,"Array, Heap (Priority Queue)"
1128,Remove All Adjacent Duplicates In String,remove-all-adjacent-duplicates-in-string,Easy,73.47287107580695,7137,276,False,"String, Stack"
1129,Longest String Chain,longest-string-chain,Medium,63.17936411307477,7856,273,False,"Array, Hash Table, Two Pointers, String, Dynamic Programming, Sorting"
1130,Last Stone Weight II,last-stone-weight-ii,Medium,60.118267403881056,3404,146,False,"Array, Dynamic Programming"
1136,Actors and Directors Who Cooperated At Least Three Times,actors-and-directors-who-cooperated-at-least-three-times,Easy,71.13935283627136,800,57,False,Database
1137,Height Checker,height-checker,Easy,81.79218709810982,1817,123,False,"Array, Sorting, Counting Sort"
1138,Grumpy Bookstore Owner,grumpy-bookstore-owner,Medium,64.08828160528259,2741,268,False,"Array, Sliding Window"
1139,Previous Permutation With One Swap,previous-permutation-with-one-swap,Medium,49.22191982933078,481,44,False,"Array, Greedy"
1140,Distant Barcodes,distant-barcodes,Medium,49.12429660706556,1362,52,False,"Array, Hash Table, Greedy, Sorting, Heap (Priority Queue), Counting"
1051,Shortest Way to Form String,shortest-way-to-form-string,Medium,61.68933899000958,1340,77,True,"Two Pointers, String, Binary Search, Greedy"
1069,Confusing Number,confusing-number,Easy,49.82137476864804,332,186,True,Math
1052,Campus Bikes,campus-bikes,Medium,59.08964459448283,1002,199,True,"Array, Sorting, Heap (Priority Queue)"
1053,Minimize Rounding Error to Meet Target,minimize-rounding-error-to-meet-target,Medium,45.903971547125074,157,149,True,"Array, Math, String, Greedy, Sorting"
511,All Paths from Source Lead to Destination,all-paths-from-source-lead-to-destination,Medium,37.31321009050645,770,434,True,"Graph Theory, Topological Sort"
1059,Missing Element in Sorted Array,missing-element-in-sorted-array,Medium,59.71717016567643,1741,69,True,"Array, Binary Search"
1058,Lexicographically Smallest Equivalent String,lexicographically-smallest-equivalent-string,Medium,81.05425400739827,2895,186,False,"String, Union-Find"
1060,Longest Repeating Substring,longest-repeating-substring,Medium,63.4570323143153,731,76,True,"String, Binary Search, Dynamic Programming, Rolling Hash, Suffix Array, Hash Function"
1061,Number of Valid Subarrays,number-of-valid-subarrays,Hard,80.04074133248122,336,18,True,"Array, Stack, Monotonic Stack"
1066,Fixed Point,fixed-point,Easy,64.32206111207174,449,67,True,"Array, Binary Search"
1075,Index Pairs of a String,index-pairs-of-a-string,Easy,68.68462343096235,384,109,True,"Array, String, Trie, Sorting"
1067,Campus Bikes II,campus-bikes-ii,Medium,55.84225428593592,967,89,True,"Array, Dynamic Programming, Backtracking, Bit Manipulation, Bitmask"
1068,Digit Count in Range,digit-count-in-range,Hard,46.497125596804054,97,25,True,"Math, Dynamic Programming"
1153,Product Sales Analysis I,product-sales-analysis-i,Easy,85.88657071426412,1507,253,False,Database
1154,Product Sales Analysis II,product-sales-analysis-ii,Easy,82.67656527166415,85,182,True,Database
1155,Product Sales Analysis III,product-sales-analysis-iii,Medium,46.162938430010506,810,1138,False,Database
1146,Greatest Common Divisor of Strings,greatest-common-divisor-of-strings,Easy,53.94916497466976,6061,1667,False,"Math, String"
1147,Flip Columns For Maximum Number of Equal Rows,flip-columns-for-maximum-number-of-equal-rows,Medium,78.54400841385657,1348,131,False,"Array, Hash Table, Matrix"
1148,Adding Two Negabinary Numbers,adding-two-negabinary-numbers,Medium,38.04390136578266,341,131,False,"Array, Math"
1145,Number of Submatrices That Sum to Target,number-of-submatrices-that-sum-to-target,Hard,74.6294992444017,3918,108,False,"Array, Hash Table, Matrix, Prefix Sum"
1161,Project Employees I,project-employees-i,Easy,66.90943531180862,1065,208,False,Database
1162,Project Employees II,project-employees-ii,Easy,50.44303560040515,207,63,True,Database
1163,Project Employees III,project-employees-iii,Medium,77.21592407065647,283,9,True,Database
1156,Occurrences After Bigram,occurrences-after-bigram,Easy,63.94528288884295,533,371,False,String
1160,Letter Tile Possibilities,letter-tile-possibilities,Medium,83.53696384178248,3152,92,False,"Hash Table, String, Backtracking, Counting"
1157,Insufficient Nodes in Root to Leaf Paths,insufficient-nodes-in-root-to-leaf-paths,Medium,55.28191421662212,757,746,False,"Tree, Depth-First Search, Binary Tree"
1159,Smallest Subsequence of Distinct Characters,smallest-subsequence-of-distinct-characters,Medium,63.61572264067911,2773,200,False,"String, Stack, Greedy, Monotonic Stack"
1172,Sales Analysis I,sales-analysis-i,Easy,74.78894565418678,204,82,True,Database
1173,Sales Analysis II,sales-analysis-ii,Easy,50.13106987175203,282,49,True,Database
1174,Sales Analysis III,sales-analysis-iii,Easy,47.777144769447744,869,170,False,Database
1082,Sum of Digits in the Minimum Number,sum-of-digits-in-the-minimum-number,Easy,76.71605950568116,121,151,True,"Array, Math"
1074,High Five,high-five,Easy,74.19566097497082,829,131,True,"Array, Hash Table, Sorting, Heap (Priority Queue)"
1076,Brace Expansion,brace-expansion,Medium,66.88294912559618,666,57,True,"String, Backtracking, Stack, Breadth-First Search, Sorting"
1077,Confusing Number II,confusing-number-ii,Hard,47.16708640177602,496,144,True,"Math, Backtracking"
1168,Duplicate Zeros,duplicate-zeros,Easy,53.72915191179952,2866,799,False,"Array, Two Pointers"
1169,Largest Values From Labels,largest-values-from-labels,Medium,64.4329188277198,498,639,False,"Array, Hash Table, Greedy, Sorting, Counting"
1171,Shortest Path in Binary Matrix,shortest-path-in-binary-matrix,Medium,51.747564168789296,7490,276,False,"Array, Breadth-First Search, Matrix"
1170,Shortest Common Supersequence ,shortest-common-supersequence,Hard,62.06921611676778,6018,101,False,"String, Dynamic Programming"
1183,Statistics from a Large Sample,statistics-from-a-large-sample,Medium,43.24202819434186,176,109,False,"Array, Math, Probability and Statistics"
1184,Car Pooling,car-pooling,Medium,56.41587386325673,4871,126,False,"Array, Sorting, Heap (Priority Queue), Simulation, Prefix Sum"
1185,Find in Mountain Array,find-in-mountain-array,Hard,41.78731586120678,3632,156,False,"Array, Binary Search, Interactive"
1188,Brace Expansion II,brace-expansion-ii,Hard,63.90262619372442,511,295,False,"Hash Table, String, Backtracking, Stack, Breadth-First Search, Sorting"
1193,Game Play Analysis V,game-play-analysis-v,Hard,50.34390947415132,193,37,True,Database
1198,Unpopular Books,unpopular-books,Medium,43.38404018747065,221,622,True,Database
1083,Two Sum Less Than K,two-sum-less-than-k,Easy,62.14491791029286,1175,135,True,"Array, Two Pointers, Binary Search, Sorting"
1084,Find K-Length Substrings With No Repeated Characters,find-k-length-substrings-with-no-repeated-characters,Medium,76.51154367277947,609,11,True,"Hash Table, String, Sliding Window"
1085,The Earliest Moment When Everyone Become Friends,the-earliest-moment-when-everyone-become-friends,Medium,66.10176839813285,1122,42,True,"Array, Union-Find, Sorting"
1099,Path With Maximum Minimum Value,path-with-maximum-minimum-value,Medium,54.714209701956726,1357,126,True,"Array, Binary Search, Depth-First Search, Breadth-First Search, Union-Find, Heap (Priority Queue), Matrix"
1195,Distribute Candies to People,distribute-candies-to-people,Easy,67.67425959912195,1033,203,False,"Math, Simulation"
1194,Path In Zigzag Labelled Binary Tree,path-in-zigzag-labelled-binary-tree,Medium,75.76446944215712,1550,331,False,"Math, Tree, Binary Tree"
1196,Filling Bookcase Shelves,filling-bookcase-shelves,Medium,68.61189365731458,2695,270,False,"Array, Dynamic Programming"
1197,Parsing A Boolean Expression,parsing-a-boolean-expression,Hard,69.81039615296542,1957,88,False,"String, Stack, Recursion"
1204,New Users Daily Count,new-users-daily-count,Medium,44.47496529746427,168,177,True,Database
1205,Defanging an IP Address,defanging-an-ip-address,Easy,90.07575163695326,2377,1791,False,String
1206,Corporate Flight Bookings,corporate-flight-bookings,Medium,67.71618866057747,1895,168,False,"Array, Prefix Sum"
1207,Delete Nodes And Return Forest,delete-nodes-and-return-forest,Medium,72.47485841051564,4825,148,False,"Array, Hash Table, Tree, Depth-First Search, Binary Tree"
1208,Maximum Nesting Depth of Two Valid Parentheses Strings,maximum-nesting-depth-of-two-valid-parentheses-strings,Medium,71.97920814906415,472,1935,False,"String, Stack"
1214,Highest Grade For Each Student,highest-grade-for-each-student,Medium,71.17660772569133,316,15,True,Database
1215,Reported Posts,reported-posts,Easy,64.80066543877369,118,420,True,Database
1203,Print in Order,print-in-order,Easy,73.13507079535965,1615,221,False,Concurrency
1187,Print FooBar Alternately,print-foobar-alternately,Medium,72.71350939461388,762,60,False,Concurrency
1216,Print Zero Even Odd,print-zero-even-odd,Medium,65.67064630160742,564,378,False,Concurrency
1186,Building H2O,building-h2o,Medium,58.34882021967881,590,201,False,Concurrency
1088,Number of Days in a Month,number-of-days-in-a-month,Easy,59.4011395320645,47,180,True,Math
1089,Remove Vowels from a String,remove-vowels-from-a-string,Easy,91.29740488166136,368,116,True,String
1091,Maximum Average Subtree,maximum-average-subtree,Medium,66.97335339863568,858,36,True,"Tree, Depth-First Search, Binary Tree"
1118,Divide Array Into Increasing Sequences,divide-array-into-increasing-sequences,Hard,65.47121117736052,133,32,True,"Array, Counting"
1217,Relative Sort Array,relative-sort-array,Easy,75.27741615522906,3382,201,False,"Array, Hash Table, Sorting, Counting Sort"
1218,Lowest Common Ancestor of Deepest Leaves,lowest-common-ancestor-of-deepest-leaves,Medium,79.47043876948273,2694,950,False,"Hash Table, Tree, Depth-First Search, Breadth-First Search, Binary Tree"
1219,Longest Well-Performing Interval,longest-well-performing-interval,Medium,37.81980236388297,1554,125,False,"Array, Hash Table, Stack, Monotonic Stack, Prefix Sum"
1220,Smallest Sufficient Team,smallest-sufficient-team,Hard,55.69129609743899,2282,57,False,"Array, Dynamic Programming, Bit Manipulation, Bitmask"
1225,Active Businesses,active-businesses,Medium,65.99104115623531,284,34,True,Database
1226,User Purchase Platform,user-purchase-platform,Hard,46.23278236914601,188,138,True,Database
1227,Number of Equivalent Domino Pairs,number-of-equivalent-domino-pairs,Easy,60.709754315813754,1126,379,False,"Array, Hash Table, Counting"
1229,Shortest Path with Alternating Colors,shortest-path-with-alternating-colors,Medium,48.10099886298339,3726,206,False,"Breadth-First Search, Graph Theory"
1228,Minimum Cost Tree From Leaf Values,minimum-cost-tree-from-leaf-values,Medium,67.92679565624827,4451,283,False,"Array, Dynamic Programming, Stack, Greedy, Monotonic Stack"
1230,Maximum of Absolute Value Expression,maximum-of-absolute-value-expression,Medium,48.68139922958157,680,420,False,"Array, Math"
1237,Reported Posts II,reported-posts-ii,Medium,32.0263098464318,172,579,True,Database
1098,Largest Unique Number,largest-unique-number,Easy,71.28406236820405,357,18,True,"Array, Hash Table, Sorting"
1090,Armstrong Number,armstrong-number,Easy,77.84915493467483,216,20,True,Math
1100,Connecting Cities With Minimum Cost,connecting-cities-with-minimum-cost,Medium,63.59680131791193,1178,60,True,"Union-Find, Graph Theory, Heap (Priority Queue), Minimum Spanning Tree"
1101,Parallel Courses,parallel-courses,Medium,62.29762819414427,1226,27,True,"Graph Theory, Topological Sort"
1236,N-th Tribonacci Number,n-th-tribonacci-number,Easy,63.1523597737997,4845,213,False,"Math, Dynamic Programming, Memoization"
1238,Alphabet Board Path,alphabet-board-path,Medium,51.911130284728216,938,187,False,"Hash Table, String"
1239,Largest 1-Bordered Square,largest-1-bordered-square,Medium,52.23480471458285,769,118,False,"Array, Dynamic Programming, Matrix"
1240,Stone Game II,stone-game-ii,Medium,72.8008956352322,3469,939,False,"Array, Math, Dynamic Programming, Prefix Sum, Game Theory"
1245,User Activity for the Past 30 Days I,user-activity-for-the-past-30-days-i,Easy,51.00803013013137,1116,1034,False,Database
1246,User Activity for the Past 30 Days II,user-activity-for-the-past-30-days-ii,Easy,35.620037658311674,108,380,True,Database
1250,Longest Common Subsequence,longest-common-subsequence,Medium,59.29258673318797,15173,251,False,"String, Dynamic Programming"
1247,Decrease Elements To Make Array Zigzag,decrease-elements-to-make-array-zigzag,Medium,49.268967580301386,465,169,False,"Array, Greedy"
1248,Binary Tree Coloring Game,binary-tree-coloring-game,Medium,52.991226743306605,1408,225,False,"Tree, Depth-First Search, Binary Tree"
1249,Snapshot Array,snapshot-array,Medium,36.746814113233604,3935,544,False,"Array, Hash Table, Binary Search, Design"
1251,Longest Chunked Palindrome Decomposition,longest-chunked-palindrome-decomposition,Hard,58.977375066625,716,35,False,"Two Pointers, String, Dynamic Programming, Greedy, Rolling Hash, Hash Function"
1258,Article Views I,article-views-i,Easy,76.67360804777505,2322,144,False,Database
1259,Article Views II,article-views-ii,Medium,47.311692404664356,135,30,True,Database
1102,Check If a Number Is Majority Element in a Sorted Array,check-if-a-number-is-majority-element-in-a-sorted-array,Easy,59.9413944669482,481,36,True,"Array, Binary Search"
1107,Minimum Swaps to Group All 1's Together,minimum-swaps-to-group-all-1s-together,Medium,61.25291935705454,1281,18,True,"Array, Sliding Window"
1108,Analyze User Website Visit Pattern,analyze-user-website-visit-pattern,Medium,44.305644815766925,568,3998,True,"Array, Hash Table, String, Sorting"
1124,String Transforms Into Another String,string-transforms-into-another-string,Hard,34.63748810656518,889,339,True,"Hash Table, String, Graph Theory"
1260,Day of the Year,day-of-the-year,Easy,50.18815033745182,515,496,False,"Math, String"
1263,Number of Dice Rolls With Target Sum,number-of-dice-rolls-with-target-sum,Medium,62.4258910999344,5346,187,False,Dynamic Programming
1261,Swap For Longest Repeated Character Substring,swap-for-longest-repeated-character-substring,Medium,44.62903628495339,1120,104,False,"Hash Table, String, Sliding Window"
1262,Online Majority Element In Subarray,online-majority-element-in-subarray,Hard,40.50399851218152,668,65,False,"Array, Binary Search, Design, Binary Indexed Tree, Segment Tree"
1268,Market Analysis I,market-analysis-i,Medium,57.479157546262414,761,75,False,Database
1269,Market Analysis II,market-analysis-ii,Hard,57.86548874323169,124,81,True,Database
1112,Find Words That Can Be Formed by Characters,find-words-that-can-be-formed-by-characters,Easy,71.64735178419413,2269,189,False,"Array, Hash Table, String, Counting"
1116,Maximum Level Sum of a Binary Tree,maximum-level-sum-of-a-binary-tree,Medium,70.00935168089853,4152,117,False,"Tree, Depth-First Search, Breadth-First Search, Binary Tree"
1117,As Far from Land as Possible,as-far-from-land-as-possible,Medium,52.35678188464888,4297,113,False,"Array, Dynamic Programming, Breadth-First Search, Matrix"
1133,Last Substring in Lexicographical Order,last-substring-in-lexicographical-order,Hard,35.094798872662054,669,459,False,"Two Pointers, String"
1278,Product Price at a Given Date,product-price-at-a-given-date,Medium,58.02361697187752,1439,335,False,Database
1123,Single-Row Keyboard,single-row-keyboard,Easy,87.81534460338102,546,23,True,"Hash Table, String"
1125,Design File System,design-file-system,Medium,65.15149363925488,643,81,True,"Hash Table, String, Design, Trie"
1126,Minimum Cost to Connect Sticks,minimum-cost-to-connect-sticks,Medium,71.99094051734414,1354,158,True,"Array, Greedy, Heap (Priority Queue)"
1144,Optimize Water Distribution in a Village,optimize-water-distribution-in-a-village,Hard,65.60708702449193,1214,40,True,"Union-Find, Graph Theory, Heap (Priority Queue), Minimum Spanning Tree"
1272,Invalid Transactions,invalid-transactions,Medium,32.36019896093262,621,2443,False,"Array, Hash Table, String, Sorting"
1273,Compare Strings by Frequency of the Smallest Character,compare-strings-by-frequency-of-the-smallest-character,Medium,63.420740900279995,756,982,False,"Array, Hash Table, String, Binary Search, Sorting"
1267,Remove Zero Sum Consecutive Nodes from Linked List,remove-zero-sum-consecutive-nodes-from-linked-list,Medium,53.191931210991875,3528,226,False,"Hash Table, Linked List"
1270,Dinner Plate Stacks,dinner-plate-stacks,Hard,33.67960859018461,520,69,False,"Hash Table, Stack, Design, Heap (Priority Queue)"
1291,Immediate Food Delivery I,immediate-food-delivery-i,Easy,80.60168763929963,305,13,True,Database
1292,Immediate Food Delivery II,immediate-food-delivery-ii,Medium,56.26276184761909,1291,175,False,Database
1279,Prime Arrangements,prime-arrangements,Easy,61.39405811296115,451,539,False,Math
1280,Diet Plan Performance,diet-plan-performance,Easy,56.05239086341521,174,297,True,"Array, Sliding Window"
1281,Can Make Palindrome from Substring,can-make-palindrome-from-substring,Medium,41.79040338358194,884,282,False,"Array, Hash Table, String, Bit Manipulation, Prefix Sum"
1282,Number of Valid Words for Each Puzzle,number-of-valid-words-for-each-puzzle,Hard,47.94035339128554,1306,89,False,"Array, Hash Table, String, Bit Manipulation, Trie"
1301,Reformat Department Table,reformat-department-table,Easy,76.32419065642009,864,647,False,Database
1131,Count Substrings with Only One Distinct Letter,count-substrings-with-only-one-distinct-letter,Easy,80.96886700518029,363,52,True,"Math, String"
1132,Before and After Puzzle,before-and-after-puzzle,Medium,51.889178721049724,93,158,True,"Array, Hash Table, String, Sorting"
1134,Shortest Distance to Target Color,shortest-distance-to-target-color,Medium,56.53468050245767,539,22,True,"Array, Binary Search, Dynamic Programming"
1152,Maximum Number of Ones,maximum-number-of-ones,Hard,70.67499095186392,173,36,True,"Math, Greedy, Sorting, Heap (Priority Queue)"
1287,Distance Between Bus Stops,distance-between-bus-stops,Easy,55.4659731847562,822,98,False,Array
1289,Day of the Week,day-of-the-week,Easy,59.29326317539272,460,2567,False,Math
1288,Maximum Subarray Sum with One Deletion,maximum-subarray-sum-with-one-deletion,Medium,48.16570404301932,2062,83,False,"Array, Dynamic Programming"
1290,Make Array Strictly Increasing,make-array-strictly-increasing,Hard,58.064925291098355,2367,51,False,"Array, Binary Search, Dynamic Programming, Sorting"
1209,Design Bounded Blocking Queue,design-bounded-blocking-queue,Medium,73.83314006460697,552,43,True,Concurrency
1297,Maximum Number of Balloons,maximum-number-of-balloons,Easy,64.0941779160888,2144,127,False,"Hash Table, String, Counting"
1298,Reverse Substrings Between Each Pair of Parentheses,reverse-substrings-between-each-pair-of-parentheses,Medium,72.01367174990247,2954,131,False,"String, Stack"
1299,K-Concatenation Maximum Sum,k-concatenation-maximum-sum,Medium,25.77344728586789,1517,134,False,"Array, Dynamic Programming"
1300,Critical Connections in a Network,critical-connections-in-a-network,Hard,59.93346213963182,6744,196,False,"Depth-First Search, Graph Theory, Biconnected Component"
1317,Monthly Transactions I,monthly-transactions-i,Medium,59.324951401517524,1474,134,False,Database
1318,Tournament Winners,tournament-winners,Hard,50.10188134285545,152,57,True,Database
1316,Fizz Buzz Multithreaded,fizz-buzz-multithreaded,Medium,74.80378966251821,688,444,False,Concurrency
1141,How Many Apples Can You Put into the Basket,how-many-apples-can-you-put-into-the-basket,Easy,67.13360426720854,230,17,True,"Array, Greedy, Sorting"
1142,Minimum Knight Moves,minimum-knight-moves,Medium,41.99832461818135,1567,411,True,Breadth-First Search
1143,Find Smallest Common Element in All Rows,find-smallest-common-element-in-all-rows,Medium,76.76367869615832,606,34,True,"Array, Hash Table, Binary Search, Matrix, Counting"
1167,Minimum Time to Build Blocks,minimum-time-to-build-blocks,Hard,46.59405812979313,240,33,True,"Array, Math, Greedy, Heap (Priority Queue)"
1306,Minimum Absolute Difference,minimum-absolute-difference,Easy,75.14725720925884,2903,96,False,"Array, Sorting"
1307,Ugly Number III,ugly-number-iii,Medium,31.616351008771005,1334,520,False,"Math, Binary Search, Combinatorics, Number Theory"
1308,Smallest String With Swaps,smallest-string-with-swaps,Medium,60.745769784807734,3929,166,False,"Array, Hash Table, String, Depth-First Search, Breadth-First Search, Union-Find, Sorting"
1309,Sort Items by Groups Respecting Dependencies,sort-items-by-groups-respecting-dependencies,Hard,65.95890081332114,1924,323,False,"Depth-First Search, Breadth-First Search, Graph Theory, Topological Sort"
1327,Last Person to Fit in the Bus,last-person-to-fit-in-the-bus,Medium,69.38878097156763,1143,51,False,Database
1328,Monthly Transactions II,monthly-transactions-ii,Medium,42.016109063897346,163,557,True,Database
1337,Design Skiplist,design-skiplist,Hard,59.82783357245337,729,111,False,"Linked List, Design"
1319,Unique Number of Occurrences,unique-number-of-occurrences,Easy,78.77143272590084,5602,156,False,"Array, Hash Table"
1321,Get Equal Substrings Within Budget,get-equal-substrings-within-budget,Medium,59.82304128164184,1937,151,False,"String, Binary Search, Sliding Window, Prefix Sum"
1320,Remove All Adjacent Duplicates in String II,remove-all-adjacent-duplicates-in-string-ii,Medium,61.477518439067744,6124,124,False,"String, Stack"
1322,Minimum Moves to Reach Target with Rotations,minimum-moves-to-reach-target-with-rotations,Hard,52.30454490753741,290,76,False,"Array, Breadth-First Search, Matrix"
1338,Queries Quality and Percentage,queries-quality-and-percentage,Easy,53.59983819628127,1147,550,False,Database
1339,Team Scores in Football Tournament,team-scores-in-football-tournament,Medium,55.78743408932089,331,26,True,Database
1149,Intersection of Three Sorted Arrays,intersection-of-three-sorted-arrays,Easy,80.01314822692292,616,26,True,"Array, Hash Table, Binary Search, Counting"
1150,Two Sum BSTs,two-sum-bsts,Medium,68.19137344676916,579,46,True,"Two Pointers, Binary Search, Stack, Tree, Depth-First Search, Binary Search Tree, Binary Tree"
1151,Stepping Numbers,stepping-numbers,Medium,48.584323242644864,188,21,True,"Math, Backtracking, Breadth-First Search"
1178,Valid Palindrome III,valid-palindrome-iii,Hard,49.175417687931464,844,15,True,"String, Dynamic Programming"
1329,Minimum Cost to Move Chips to The Same Position,minimum-cost-to-move-chips-to-the-same-position,Easy,73.00305332610951,2475,353,False,"Array, Math, Greedy"
1330,Longest Arithmetic Subsequence of Given Difference,longest-arithmetic-subsequence-of-given-difference,Medium,54.32352391046823,3391,92,False,"Array, Hash Table, Dynamic Programming"
1331,Path with Maximum Gold,path-with-maximum-gold,Medium,68.48769410338595,3445,108,False,"Array, Backtracking, Matrix"
1332,Count Vowels Permutation,count-vowels-permutation,Hard,61.34722351285693,3304,220,False,Dynamic Programming
1341,Split a String in Balanced Strings,split-a-string-in-balanced-strings,Easy,87.47596121964483,2928,960,False,"String, Greedy, Counting"
1342,Queens That Can Attack the King,queens-that-can-attack-the-king,Medium,72.78434320234963,1008,154,False,"Array, Matrix, Simulation"
1343,Dice Roll Simulation,dice-roll-simulation,Hard,50.9622106443316,1006,199,False,"Array, Dynamic Programming"
1344,Maximum Equal Frequency,maximum-equal-frequency,Hard,38.28188386199436,571,69,False,"Array, Hash Table"
1357,Report Contiguous Dates,report-contiguous-dates,Hard,57.0782543649377,351,22,True,Database
1340,The Dining Philosophers,the-dining-philosophers,Medium,53.66099028735527,418,376,False,Concurrency
1362,Airplane Seat Assignment Probability,airplane-seat-assignment-probability,Medium,67.49777982620817,666,991,False,"Math, Dynamic Programming, Brainteaser, Probability and Statistics"
1164,Missing Number In Arithmetic Progression,missing-number-in-arithmetic-progression,Easy,52.224255477644085,332,45,True,"Array, Math"
1165,Meeting Scheduler,meeting-scheduler,Medium,55.21259007393081,957,39,True,"Array, Two Pointers, Sorting"
1166,Toss Strange Coins,toss-strange-coins,Medium,58.11935982450017,410,53,True,"Array, Math, Dynamic Programming, Probability and Statistics"
1192,Divide Chocolate,divide-chocolate,Hard,60.59474833663467,1040,78,True,"Array, Binary Search"
1349,Check If It Is a Straight Line,check-if-it-is-a-straight-line,Easy,40.13811202132509,2708,295,False,"Array, Math, Geometry"
1350,Remove Sub-Folders from the Filesystem,remove-sub-folders-from-the-filesystem,Medium,78.5979757025546,1666,232,False,"Array, String, Depth-First Search, Trie"
1351,Replace the Substring for Balanced String,replace-the-substring-for-balanced-string,Medium,41.058971938413215,1299,225,False,"String, Sliding Window"
1352,Maximum Profit in Job Scheduling,maximum-profit-in-job-scheduling,Hard,54.780338932712716,7354,123,False,"Array, Binary Search, Dynamic Programming, Sorting"
1271,Web Crawler,web-crawler,Medium,68.77785231683357,310,339,True,"String, Depth-First Search, Breadth-First Search, Interactive"
1358,Find Positive Integer Solution for a Given Equation,find-positive-integer-solution-for-a-given-equation,Medium,70.02650745469901,548,1447,False,"Math, Two Pointers, Binary Search, Interactive"
1359,Circular Permutation in Binary Representation,circular-permutation-in-binary-representation,Medium,72.76664085577447,443,195,False,"Math, Backtracking, Bit Manipulation"
1360,Maximum Length of a Concatenated String with Unique Characters,maximum-length-of-a-concatenated-string-with-unique-characters,Medium,54.813996144322076,4580,340,False,"Array, String, Backtracking, Bit Manipulation"
1361,Tiling a Rectangle with the Fewest Squares,tiling-a-rectangle-with-the-fewest-squares,Hard,55.08261211644374,727,582,False,Backtracking
1377,Number of Comments per Post,number-of-comments-per-post,Easy,65.5663951505967,187,547,True,Database
1368,Web Crawler Multithreaded,web-crawler-multithreaded,Medium,51.26002697522538,599,104,True,"Depth-First Search, Breadth-First Search, Concurrency"
1175,Array Transformation,array-transformation,Easy,53.81032475093802,155,74,True,"Array, Simulation"
1176,Design A Leaderboard,design-a-leaderboard,Medium,68.08931255331537,823,98,True,"Hash Table, Design, Sorting"
1177,Tree Diameter,tree-diameter,Medium,61.28491979987546,904,26,True,"Tree, Depth-First Search, Breadth-First Search, Graph Theory, Topological Sort"
1202,Palindrome Removal,palindrome-removal,Hard,46.166507177033495,318,14,True,"Array, Dynamic Programming"
1369,Minimum Swaps to Make Strings Equal,minimum-swaps-to-make-strings-equal,Medium,65.48992956876313,1474,253,False,"Math, String, Greedy"
1370,Count Number of Nice Subarrays,count-number-of-nice-subarrays,Medium,75.34681790293034,5504,150,False,"Array, Hash Table, Math, Sliding Window, Prefix Sum"
1371,Minimum Remove to Make Valid Parentheses,minimum-remove-to-make-valid-parentheses,Medium,71.50402738622634,7422,168,False,"String, Stack"
1372,Check If It Is a Good Array,check-if-it-is-a-good-array,Hard,65.10663053629112,582,386,False,"Array, Math, Number Theory"
1390,Average Selling Price,average-selling-price,Easy,37.448059870392804,2014,271,False,Database
1378,Cells with Odd Values in a Matrix,cells-with-odd-values-in-a-matrix,Easy,79.81238376545235,1352,1563,False,"Array, Math, Simulation"
1379,Reconstruct a 2-Row Binary Matrix,reconstruct-a-2-row-binary-matrix,Medium,49.0912903676779,485,35,False,"Array, Greedy, Matrix"
1380,Number of Closed Islands,number-of-closed-islands,Medium,67.15913370998116,4785,192,False,"Array, Depth-First Search, Breadth-First Search, Union-Find, Matrix"
1381,Maximum Score Words Formed by Letters,maximum-score-words-formed-by-letters,Hard,81.48823550308471,1864,119,False,"Array, Hash Table, String, Dynamic Programming, Backtracking, Bit Manipulation, Counting, Bitmask"
1189,Encode Number,encode-number,Medium,70.36321172585971,82,258,True,"Math, String, Bit Manipulation"
1190,Smallest Common Region,smallest-common-region,Medium,68.32870017883386,499,42,True,"Array, Hash Table, String, Tree, Depth-First Search, Breadth-First Search"
1191,Synonymous Sentences,synonymous-sentences,Medium,57.42430882380961,374,171,True,"Array, Hash Table, String, Backtracking, Sort, Union-Find"
1213,Handshakes That Don't Cross,handshakes-that-dont-cross,Hard,61.49789865990009,259,17,True,"Math, Dynamic Programming"
1386,Shift 2D Grid,shift-2d-grid,Easy,68.11457887986319,1798,354,False,"Array, Matrix, Simulation"
1387,Find Elements in a Contaminated Binary Tree,find-elements-in-a-contaminated-binary-tree,Medium,84.11381368351249,1435,127,False,"Hash Table, Tree, Depth-First Search, Breadth-First Search, Design, Binary Tree"
1388,Greatest Sum Divisible by Three,greatest-sum-divisible-by-three,Medium,57.00750841106157,2431,65,False,"Array, Dynamic Programming, Greedy, Sorting"
1389,Minimum Moves to Move a Box to Their Target Location,minimum-moves-to-move-a-box-to-their-target-location,Hard,49.83372486804772,893,61,False,"Array, Breadth-First Search, Heap (Priority Queue), Matrix"
1399,Page Recommendations,page-recommendations,Medium,65.45744326561682,266,27,True,Database
1404,Print Immutable Linked List in Reverse,print-immutable-linked-list-in-reverse,Medium,94.07139880538963,599,106,True,"Linked List, Two Pointers, Stack, Recursion"
1395,Minimum Time Visiting All Points,minimum-time-visiting-all-points,Easy,84.80375265614872,2759,274,False,"Array, Math, Geometry"
1396,Count Servers that Communicate,count-servers-that-communicate,Medium,73.54820621679781,1925,109,False,"Array, Depth-First Search, Breadth-First Search, Union-Find, Matrix, Counting"
1397,Search Suggestions System,search-suggestions-system,Medium,65.18460915726416,5155,267,False,"Array, String, Binary Search, Trie, Sorting, Heap (Priority Queue)"
1398,Number of Ways to Stay in the Same Place After Some Steps,number-of-ways-to-stay-in-the-same-place-after-some-steps,Hard,50.141633570984254,1608,67,False,Dynamic Programming
1405,All People Report to the Given Manager,all-people-report-to-the-given-manager,Medium,83.86317458744239,445,32,True,Database
1199,Hexspeak,hexspeak,Easy,58.36940199629008,80,127,True,"Math, String"
1200,Remove Interval,remove-interval,Medium,67.28280670896413,481,36,True,Array
1201,Delete Tree Nodes,delete-tree-nodes,Medium,61.5587986463621,235,66,True,"Array, Tree, Depth-First Search, Breadth-First Search"
1233,Number of Ships in a Rectangle,number-of-ships-in-a-rectangle,Hard,68.83594468243255,539,70,True,"Array, Divide and Conquer, Interactive"
1400,Find Winner on a Tic Tac Toe Game,find-winner-on-a-tic-tac-toe-game,Easy,54.65625019872687,1636,370,False,"Array, Hash Table, Matrix, Simulation"
1401,Number of Burgers with No Waste of Ingredients,number-of-burgers-with-no-waste-of-ingredients,Medium,51.06308659599672,347,239,False,Math
1402,Count Square Submatrices with All Ones,count-square-submatrices-with-all-ones,Medium,80.7291761297473,5979,117,False,"Array, Dynamic Programming, Matrix"
1403,Palindrome Partitioning III,palindrome-partitioning-iii,Hard,62.128646482495306,1218,19,False,"String, Dynamic Programming"
1410,Traffic Light Controlled Intersection,traffic-light-controlled-intersection,Easy,73.09734513274336,79,369,True,Concurrency
1415,Students and Examinations,students-and-examinations,Easy,61.36934688103377,3084,369,False,Database
1406,Subtract the Product and Sum of Digits of an Integer,subtract-the-product-and-sum-of-digits-of-an-integer,Easy,86.58860386409603,2854,255,False,Math
1407,Group the People Given the Group Size They Belong To,group-the-people-given-the-group-size-they-belong-to,Medium,87.51700410853701,3174,751,False,"Array, Hash Table, Greedy"
1408,Find the Smallest Divisor Given a Threshold,find-the-smallest-divisor-given-a-threshold,Medium,66.21099484595058,3637,234,False,"Array, Binary Search"
1409,Minimum Number of Flips to Convert Binary Matrix to Zero Matrix,minimum-number-of-flips-to-convert-binary-matrix-to-zero-matrix,Hard,72.83179967353675,1013,104,False,"Array, Hash Table, Bit Manipulation, Breadth-First Search, Matrix"
1420,Find the Start and End Number of Continuous Ranges,find-the-start-and-end-number-of-continuous-ranges,Medium,81.93091806258927,593,36,True,Database
1211,Iterator for Combination,iterator-for-combination,Medium,72.65609315398514,1396,109,False,"String, Backtracking, Design, Iterator"
1221,Element Appearing More Than 25% In Sorted Array,element-appearing-more-than-25-in-sorted-array,Easy,61.26714443425706,1785,85,False,Array
1222,Remove Covered Intervals,remove-covered-intervals,Medium,56.05638792303457,2321,61,False,"Array, Sorting"
1224,Minimum Falling Path Sum II,minimum-falling-path-sum-ii,Hard,63.048823720197014,2391,124,False,"Array, Dynamic Programming, Matrix"
1411,Convert Binary Number in a Linked List to Integer,convert-binary-number-in-a-linked-list-to-integer,Easy,82.37234644888441,4699,178,False,"Linked List, Math"
1212,Sequential Digits,sequential-digits,Medium,65.36691104391888,2919,179,False,Enumeration
1413,Maximum Side Length of a Square with Sum Less than or Equal to Threshold,maximum-side-length-of-a-square-with-sum-less-than-or-equal-to-threshold,Medium,65.46291470356017,1549,126,False,"Array, Binary Search, Matrix, Prefix Sum"
1414,Shortest Path in a Grid with Obstacles Elimination,shortest-path-in-a-grid-with-obstacles-elimination,Hard,46.416359680160845,4882,91,False,"Array, Breadth-First Search, Matrix"
1425,Weather Type in Each Country,weather-type-in-each-country,Easy,67.11087187395435,147,30,True,Database
1421,Find Numbers with Even Number of Digits,find-numbers-with-even-number-of-digits,Easy,79.83919254743417,2990,150,False,"Array, Math"
1422,Divide Array in Sets of K Consecutive Numbers,divide-array-in-sets-of-k-consecutive-numbers,Medium,59.38683020259151,2003,118,False,"Array, Hash Table, Greedy, Sorting"
1423,Maximum Number of Occurrences of a Substring,maximum-number-of-occurrences-of-a-substring,Medium,54.605760508013304,1250,426,False,"Hash Table, String, Sliding Window"
1424,Maximum Candies You Can Get from Boxes,maximum-candies-you-can-get-from-boxes,Hard,67.22863955901025,783,228,False,"Array, Breadth-First Search, Graph Theory"
1231,Replace Elements with Greatest Element on Right Side,replace-elements-with-greatest-element-on-right-side,Easy,72.26629733043389,2888,269,False,Array
1232,Sum of Mutated Array Closest to Target,sum-of-mutated-array-closest-to-target,Medium,46.387954950485955,1218,155,False,"Array, Binary Search, Sorting"
1234,Number of Paths with Max Score,number-of-paths-with-max-score,Hard,42.707226642960904,558,28,False,"Array, Dynamic Programming, Matrix"
1254,Deepest Leaves Sum,deepest-leaves-sum,Medium,86.55263307366884,4857,127,False,"Tree, Depth-First Search, Breadth-First Search, Binary Tree"
1438,Find the Team Size,find-the-team-size,Easy,89.53946652150245,344,16,True,Database
1426,Find N Unique Integers Sum up to Zero,find-n-unique-integers-sum-up-to-zero,Easy,78.40814913096429,2500,622,False,"Array, Math"
1427,All Elements in Two Binary Search Trees,all-elements-in-two-binary-search-trees,Medium,80.2957802499789,3196,99,False,"Tree, Depth-First Search, Binary Search Tree, Sorting, Binary Tree"
1428,Jump Game III,jump-game-iii,Medium,70.32391766406926,4571,120,False,"Array, Depth-First Search, Breadth-First Search"
1429,Verbal Arithmetic Puzzle,verbal-arithmetic-puzzle,Hard,33.41832461707394,533,138,False,"Array, Math, String, Backtracking"
1439,Running Total for Different Genders,running-total-for-different-genders,Medium,86.0766110860748,225,70,True,Database
1434,Decrypt String from Alphabet to Integer Mapping,decrypt-string-from-alphabet-to-integer-mapping,Easy,80.60905612244898,1614,120,False,String
1435,XOR Queries of a Subarray,xor-queries-of-a-subarray,Medium,78.02887677825748,2110,61,False,"Array, Bit Manipulation, Prefix Sum"
1436,Get Watched Videos by Your Friends,get-watched-videos-by-your-friends,Medium,53.40741911559084,486,458,False,"Array, Hash Table, Breadth-First Search, Graph Theory, Sorting"
1437,Minimum Insertion Steps to Make a String Palindrome,minimum-insertion-steps-to-make-a-string-palindrome,Hard,74.09989018070266,5643,78,False,"String, Dynamic Programming"
1241,Decompress Run-Length Encoded List,decompress-run-length-encoded-list,Easy,86.24124626030239,1354,1325,False,Array
1242,Matrix Block Sum,matrix-block-sum,Medium,76.65125738407916,2526,403,False,"Array, Matrix, Prefix Sum"
1243,Sum of Nodes with Even-Valued Grandparent,sum-of-nodes-with-even-valued-grandparent,Medium,85.96111019086007,2837,79,False,"Tree, Depth-First Search, Breadth-First Search, Binary Tree"
1244,Distinct Echo Substrings,distinct-echo-substrings,Hard,53.28234105108416,342,208,False,"String, Trie, Rolling Hash, Hash Function"
1440,Convert Integer to the Sum of Two No-Zero Integers,convert-integer-to-the-sum-of-two-no-zero-integers,Easy,59.19439481598889,870,371,False,Math
1441,Minimum Flips to Make a OR b Equal to c,minimum-flips-to-make-a-or-b-equal-to-c,Medium,72.00913679977549,2151,112,False,Bit Manipulation
1442,Number of Operations to Make Network Connected,number-of-operations-to-make-network-connected,Medium,66.81167932799988,5639,85,False,"Depth-First Search, Breadth-First Search, Union-Find, Graph Theory"
1443,Minimum Distance to Type a Word Using Two Fingers,minimum-distance-to-type-a-word-using-two-fingers,Hard,72.3035819601657,1371,54,False,"String, Dynamic Programming"
1452,Restaurant Growth,restaurant-growth,Medium,59.03158555155444,1194,390,False,Database
1453,Ads Performance,ads-performance,Easy,58.48860717993553,273,68,True,Database
1448,Maximum 69 Number,maximum-69-number,Easy,84.55415931817295,3329,240,False,"Math, Greedy"
1449,Print Words Vertically,print-words-vertically,Medium,67.7633163090727,829,121,False,"Array, String, Simulation"
1450,Delete Leaves With a Given Value,delete-leaves-with-a-given-value,Medium,77.23441831020497,2925,59,False,"Tree, Depth-First Search, Binary Tree"
1451,Minimum Number of Taps to Open to Water a Garden,minimum-number-of-taps-to-open-to-water-a-garden,Hard,51.019248815976546,3637,198,False,"Array, Dynamic Programming, Greedy"
1462,List the Products Ordered in a Period,list-the-products-ordered-in-a-period,Easy,71.77538639627859,600,48,False,Database
1252,Break a Palindrome,break-a-palindrome,Medium,51.607841722726214,2452,755,False,"String, Greedy"
1253,Sort the Matrix Diagonally,sort-the-matrix-diagonally,Medium,83.21597320022333,3598,239,False,"Array, Sorting, Matrix"
1255,Reverse Subarray To Maximize Array Value,reverse-subarray-to-maximize-array-value,Hard,44.04982901807523,496,61,False,"Array, Math, Greedy"
1256,Rank Transform of an Array,rank-transform-of-an-array,Easy,70.92525803901182,2400,115,False,"Array, Hash Table, Sorting"
1454,Remove Palindromic Subsequences,remove-palindromic-subsequences,Easy,77.11363399852327,1755,1804,False,"Two Pointers, String"
1455,"Filter Restaurants by Vegan-Friendly, Price and Distance",filter-restaurants-by-vegan-friendly-price-and-distance,Medium,64.29522060681614,320,230,False,"Array, Sorting"
1456,Find the City With the Smallest Number of Neighbors at a Threshold Distance,find-the-city-with-the-smallest-number-of-neighbors-at-a-threshold-distance,Medium,73.13654102366614,3656,159,False,"Dynamic Programming, Graph Theory, Shortest Path"
1457,Minimum Difficulty of a Job Schedule,minimum-difficulty-of-a-job-schedule,Hard,59.77064005855999,3614,335,False,"Array, Dynamic Programming"
1467,Number of Transactions per Visit,number-of-transactions-per-visit,Hard,47.93729619768451,95,327,True,Database
1463,The K Weakest Rows in a Matrix,the-k-weakest-rows-in-a-matrix,Easy,74.40380037593397,4359,242,False,"Array, Binary Search, Sorting, Heap (Priority Queue), Matrix"
1464,Reduce Array Size to The Half,reduce-array-size-to-the-half,Medium,69.38045265258636,3374,154,False,"Array, Hash Table, Greedy, Sorting, Heap (Priority Queue)"
1465,Maximum Product of Splitted Binary Tree,maximum-product-of-splitted-binary-tree,Medium,55.749614688521234,3587,122,False,"Tree, Depth-First Search, Binary Tree"
1466,Jump Game V,jump-game-v,Hard,75.81497067497266,1432,58,False,"Array, Dynamic Programming, Sorting"
1480,Movie Rating,movie-rating,Medium,43.68415372691483,1028,244,False,Database
1444,Number of Steps to Reduce a Number to Zero,number-of-steps-to-reduce-a-number-to-zero,Easy,85.83978176551116,4303,182,False,"Math, Bit Manipulation"
1445,Number of Sub-arrays of Size K and Average Greater than or Equal to Threshold,number-of-sub-arrays-of-size-k-and-average-greater-than-or-equal-to-threshold,Medium,73.23227661613831,1880,112,False,"Array, Sliding Window"
1446,Angle Between Hands of a Clock,angle-between-hands-of-a-clock,Medium,69.63097288965456,1696,264,False,Math
1447,Jump Game IV,jump-game-iv,Hard,51.023739436352045,4151,138,False,"Array, Hash Table, Breadth-First Search"
1468,Check If N and Its Double Exist,check-if-n-and-its-double-exist,Easy,41.88734562054238,2538,259,False,"Array, Hash Table, Two Pointers, Binary Search, Sorting"
1469,Minimum Number of Steps to Make Two Strings Anagram,minimum-number-of-steps-to-make-two-strings-anagram,Medium,82.54561527495451,2831,122,False,"Hash Table, String, Counting"
1470,Tweet Counts Per Frequency,tweet-counts-per-frequency,Medium,46.285773087433256,223,309,False,"Hash Table, String, Binary Search, Design, Sorting, Ordered Set"
1471,Maximum Students Taking Exam,maximum-students-taking-exam,Hard,53.998887033945465,910,20,False,"Array, Dynamic Programming, Bit Manipulation, Matrix, Bitmask"
1481,Students With Invalid Departments,students-with-invalid-departments,Easy,89.70810031632476,184,9,True,Database
1476,Count Negative Numbers in a Sorted Matrix,count-negative-numbers-in-a-sorted-matrix,Easy,79.65264421101084,5516,147,False,"Array, Binary Search, Matrix"
1477,Product of the Last K Numbers,product-of-the-last-k-numbers,Medium,62.944513991689234,2176,110,False,"Array, Math, Design, Data Stream, Prefix Sum"
1478,Maximum Number of Events That Can Be Attended,maximum-number-of-events-that-can-be-attended,Medium,39.0114063306992,4030,637,False,"Array, Greedy, Sorting, Heap (Priority Queue)"
1479,Construct Target Array With Multiple Sums,construct-target-array-with-multiple-sums,Hard,37.059043207156854,2141,180,False,"Array, Heap (Priority Queue)"
1494,Activity Participants,activity-participants,Medium,72.0572565891317,152,48,True,Database
1458,Sort Integers by The Number of 1 Bits,sort-integers-by-the-number-of-1-bits,Easy,82.37784888764344,2874,138,False,"Array, Bit Manipulation, Sorting, Counting"
1459,Apply Discount Every n Orders,apply-discount-every-n-orders,Medium,65.72021711394157,218,234,False,"Array, Hash Table, Design"
1460,Number of Substrings Containing All Three Characters,number-of-substrings-containing-all-three-characters,Medium,73.80778739184179,4511,83,False,"Hash Table, String, Sliding Window"
1461,Count All Valid Pickup and Delivery Options,count-all-valid-pickup-and-delivery-options,Hard,64.87391977453663,3102,233,False,"Math, Dynamic Programming, Combinatorics"
1274,Number of Days Between Two Dates,number-of-days-between-two-dates,Easy,52.93727019810147,440,1325,False,"Math, String"
1275,Validate Binary Tree Nodes,validate-binary-tree-nodes,Medium,44.15873964346868,2259,525,False,"Tree, Depth-First Search, Breadth-First Search, Union-Find, Graph Theory, Binary Tree"
1276,Closest Divisors,closest-divisors,Medium,62.37180564895763,340,101,False,Math
1277,Largest Multiple of Three,largest-multiple-of-three,Hard,33.31638852381779,631,92,False,"Array, Math, Dynamic Programming, Greedy, Sorting"
1495,Number of Trusted Contacts of a Customer,number-of-trusted-contacts-of-a-customer,Medium,74.74383581869186,95,403,True,Database
1482,How Many Numbers Are Smaller Than the Current Number,how-many-numbers-are-smaller-than-the-current-number,Easy,87.4391319423506,6082,163,False,"Array, Hash Table, Sorting, Counting Sort"
1483,Rank Teams by Votes,rank-teams-by-votes,Medium,59.97455265642632,1573,198,False,"Array, Hash Table, String, Sorting, Counting"
1484,Linked List in Binary Tree,linked-list-in-binary-tree,Medium,51.98117825315889,3035,90,False,"Linked List, Tree, Depth-First Search, Binary Tree"
1485,Minimum Cost to Make at Least One Valid Path in a Grid,minimum-cost-to-make-at-least-one-valid-path-in-a-grid,Hard,71.03407632796532,2621,36,False,"Array, Breadth-First Search, Graph Theory, Heap (Priority Queue), Matrix, Shortest Path"
1504,Get the Second Most Recent Activity,get-the-second-most-recent-activity,Hard,67.34246160829109,169,13,True,Database
1472,Increasing Decreasing String,increasing-decreasing-string,Easy,77.39446870451238,847,879,False,"Hash Table, String, Counting"
1473,Find the Longest Substring Containing Vowels in Even Counts,find-the-longest-substring-containing-vowels-in-even-counts,Medium,75.59478942171923,2578,142,False,"Hash Table, String, Bit Manipulation, Prefix Sum"
1474,Longest ZigZag Path in a Binary Tree,longest-zigzag-path-in-a-binary-tree,Medium,67.20653819730853,3770,86,False,"Dynamic Programming, Tree, Depth-First Search, Binary Tree"
1475,Maximum Sum BST in Binary Tree,maximum-sum-bst-in-binary-tree,Hard,47.83928061860119,3032,201,False,"Dynamic Programming, Tree, Depth-First Search, Binary Search Tree, Binary Tree"
1490,Generate a String With Characters That Have Odd Counts,generate-a-string-with-characters-that-have-odd-counts,Easy,78.54318178740232,534,1288,False,String
1491,Number of Times Binary String Is Prefix-Aligned,number-of-times-binary-string-is-prefix-aligned,Medium,66.11814986766174,971,139,False,Array
1492,Time Needed to Inform All Employees,time-needed-to-inform-all-employees,Medium,60.52847552653904,4268,328,False,"Tree, Depth-First Search, Breadth-First Search"
1493,Frog Position After T Seconds,frog-position-after-t-seconds,Hard,38.656957367032355,850,151,False,"Tree, Depth-First Search, Breadth-First Search, Graph Theory"
1509,Replace Employee ID With The Unique Identifier,replace-employee-id-with-the-unique-identifier,Easy,83.60248349537581,2096,163,False,Database
1498,Find a Corresponding Node of a Binary Tree in a Clone of That Tree,find-a-corresponding-node-of-a-binary-tree-in-a-clone-of-that-tree,Easy,85.86615271635779,1818,2019,False,"Tree, Depth-First Search, Breadth-First Search, Binary Tree"
1496,Lucky Numbers in a Matrix,lucky-numbers-in-a-matrix,Easy,80.05895056324053,2365,123,False,"Array, Matrix"
1497,Design a Stack With Increment Operation,design-a-stack-with-increment-operation,Medium,79.9100621372441,2381,112,False,"Array, Stack, Design"
1285,Balance a Binary Search Tree,balance-a-binary-search-tree,Medium,86.28633518922516,4188,105,False,"Divide and Conquer, Greedy, Tree, Depth-First Search, Binary Search Tree, Binary Tree"
1499,Maximum Performance of a Team,maximum-performance-of-a-team,Hard,47.81058257616248,3223,85,False,"Array, Greedy, Sorting, Heap (Priority Queue)"
1518,Total Sales Amount by Year,total-sales-amount-by-year,Hard,61.33317122100975,236,133,True,Database
1486,Find the Distance Value Between Two Arrays,find-the-distance-value-between-two-arrays,Easy,71.95827357137465,1042,3174,False,"Array, Two Pointers, Binary Search, Sorting"
1487,Cinema Seat Allocation,cinema-seat-allocation,Medium,44.705670495017806,996,418,False,"Array, Hash Table, Greedy, Bit Manipulation"
1488,Sort Integers by The Power Value,sort-integers-by-the-power-value,Medium,71.7792476086315,1515,121,False,"Dynamic Programming, Memoization, Sorting"
1489,Pizza With 3n Slices,pizza-with-3n-slices,Hard,54.0346061059812,1145,24,False,"Array, Dynamic Programming, Greedy, Heap (Priority Queue)"
1505,Create Target Array in the Given Order,create-target-array-in-the-given-order,Easy,86.5098389885746,2309,1922,False,"Array, Simulation"
1284,Four Divisors,four-divisors,Medium,56.55107303394536,896,223,False,"Array, Math"
1507,Check if There is a Valid Path in a Grid,check-if-there-is-a-valid-path-in-a-grid,Medium,64.47752986952442,1073,349,False,"Array, Depth-First Search, Breadth-First Search, Union-Find, Matrix"
1508,Longest Happy Prefix,longest-happy-prefix,Hard,53.46653386256758,1607,49,False,"String, Rolling Hash, String Matching, Hash Function"
1523,Capital Gain/Loss,capital-gainloss,Medium,84.65002741933135,936,51,False,Database
1510,Find Lucky Integer in an Array,find-lucky-integer-in-an-array,Easy,75.57006875014972,1643,45,False,"Array, Hash Table, Counting"
1511,Count Number of Teams,count-number-of-teams,Medium,70.17565861291546,3467,237,False,"Array, Dynamic Programming, Binary Indexed Tree, Segment Tree"
1512,Design Underground System,design-underground-system,Medium,74.52280609748514,3602,179,False,"Hash Table, String, Design"
1513,Find All Good Strings,find-all-good-strings,Hard,45.66481994459834,540,130,False,"String, Dynamic Programming, String Matching"
1536,Customers Who Bought Products A and B but Not C,customers-who-bought-products-a-and-b-but-not-c,Medium,71.46620201916672,328,18,True,Database
1500,Count Largest Group,count-largest-group,Easy,74.67845499954447,811,1192,False,"Hash Table, Math, Counting"
1502,Construct K Palindrome Strings,construct-k-palindrome-strings,Medium,68.53489356340481,1798,160,False,"Hash Table, String, Greedy, Counting"
1501,Circle and Rectangle Overlapping,circle-and-rectangle-overlapping,Medium,50.26835075259272,407,85,False,"Math, Geometry"
1503,Reducing Dishes,reducing-dishes,Hard,76.7401825445805,3536,320,False,"Array, Dynamic Programming, Greedy, Sorting"
1519,Minimum Subsequence in Non-Increasing Order,minimum-subsequence-in-non-increasing-order,Easy,73.91713821546576,644,513,False,"Array, Greedy, Sorting"
1520,Number of Steps to Reduce a Number in Binary Representation to One,number-of-steps-to-reduce-a-number-in-binary-representation-to-one,Medium,63.74126519276897,1747,101,False,"String, Bit Manipulation, Simulation"
1304,Longest Happy String,longest-happy-string,Medium,65.4989365525449,2818,322,False,"String, Greedy, Heap (Priority Queue)"
1522,Stone Game III,stone-game-iii,Hard,63.35138628866899,2319,81,False,"Array, Math, Dynamic Programming, Game Theory"
1541,Top Travellers,top-travellers,Easy,57.43053666498271,753,85,False,Database
1524,String Matching in an Array,string-matching-in-an-array,Easy,69.82037188632908,1510,131,False,"Array, String, String Matching"
1525,Queries on a Permutation With Key,queries-on-a-permutation-with-key,Medium,84.94879632629488,519,645,False,"Array, Binary Indexed Tree, Simulation"
1526,HTML Entity Parser,html-entity-parser,Medium,50.130268912254586,217,333,False,"Hash Table, String"
1527,Number of Ways to Paint N × 3 Grid,number-of-ways-to-paint-n-3-grid,Hard,80.56909707503179,1672,92,False,Dynamic Programming
1546,Find the Quiet Students in All Exams,find-the-quiet-students-in-all-exams,Hard,58.07710367383948,228,28,True,Database
1514,Minimum Value to Get Positive Step by Step Sum,minimum-value-to-get-positive-step-by-step-sum,Easy,64.78222589076901,1691,390,False,"Array, Prefix Sum"
1515,Find the Minimum Number of Fibonacci Numbers Whose Sum Is K,find-the-minimum-number-of-fibonacci-numbers-whose-sum-is-k,Medium,65.00481255406508,1055,68,False,"Math, Greedy"
1516,The k-th Lexicographical String of All Happy Strings of Length n,the-k-th-lexicographical-string-of-all-happy-strings-of-length-n,Medium,87.1344992647749,1794,56,False,"String, Backtracking"
1517,Restore The Array,restore-the-array,Hard,46.733219101542126,1679,53,False,"String, Dynamic Programming"
1532,Reformat The String,reformat-the-string,Easy,52.2691416632318,624,110,False,String
1533,Display Table of Food Orders in a Restaurant,display-table-of-food-orders-in-a-restaurant,Medium,76.44799231738791,434,495,False,"Array, Hash Table, String, Sorting, Ordered Set"
1534,Minimum Number of Frogs Croaking,minimum-number-of-frogs-croaking,Medium,51.203386189502496,1129,95,False,"String, Counting"
1535,Build Array Where You Can Find The Maximum Exactly K Comparisons,build-array-where-you-can-find-the-maximum-exactly-k-comparisons,Hard,65.52276306244138,1487,96,False,"Dynamic Programming, Prefix Sum"
1551,NPV Queries,npv-queries,Easy,82.89456552873473,61,297,True,Database
1537,Maximum Score After Splitting a String,maximum-score-after-splitting-a-string,Easy,65.05294066845151,2205,91,False,"String, Prefix Sum"
1538,Maximum Points You Can Obtain from Cards,maximum-points-you-can-obtain-from-cards,Medium,57.91436817418053,7173,327,False,"Array, Sliding Window, Prefix Sum"
1539,Diagonal Traverse II,diagonal-traverse-ii,Medium,58.33770608622421,2307,161,False,"Array, Sorting, Heap (Priority Queue)"
1286,Constrained Subsequence Sum,constrained-subsequence-sum,Hard,56.43738234568867,2268,109,False,"Array, Dynamic Programming, Queue, Sliding Window, Heap (Priority Queue), Monotonic Queue"
1391,Counting Elements,counting-elements,Easy,60.810738293449916,170,66,True,"Array, Hash Table"
1345,Perform String Shifts,perform-string-shifts,Easy,55.99368710841086,276,16,True,"Array, Math, String"
1374,Leftmost Column with at Least a One,leftmost-column-with-at-least-a-one,Medium,55.25252525252525,1258,153,True,"Array, Binary Search, Matrix, Interactive"
1366,First Unique Number,first-unique-number,Medium,57.730800958088594,606,35,True,"Array, Hash Table, Design, Queue, Data Stream"
1432,Check If a String Is a Valid Sequence from Root to Leaves Path in a Binary Tree,check-if-a-string-is-a-valid-sequence-from-root-to-leaves-path-in-a-binary-tree,Medium,47.52738845706592,219,15,True,"Tree, Depth-First Search, Breadth-First Search, Binary Tree"
1528,Kids With the Greatest Number of Candies,kids-with-the-greatest-number-of-candies,Easy,88.02398357815235,5001,636,False,Array
1529,Max Difference You Can Get From Changing an Integer,max-difference-you-can-get-from-changing-an-integer,Medium,48.672,600,377,False,"Math, Greedy"
1530,Check If a String Can Break Another String,check-if-a-string-can-break-another-string,Medium,71.15740680797069,788,156,False,"String, Greedy, Sorting"
1531,Number of Ways to Wear Different Hats to Each Other,number-of-ways-to-wear-different-hats-to-each-other,Hard,46.28980166042521,968,12,False,"Array, Dynamic Programming, Bit Manipulation, Bitmask"
1564,Create a Session Bar Chart,create-a-session-bar-chart,Easy,74.38675939403741,158,266,True,Database
1547,Destination City,destination-city,Easy,79.54404488871579,2327,108,False,"Array, Hash Table, String"
1548,Check If All 1's Are at Least Length K Places Away,check-if-all-1s-are-at-least-length-k-places-away,Easy,64.28658051425242,968,243,False,Array
1549,Longest Continuous Subarray With Absolute Diff Less Than or Equal to Limit,longest-continuous-subarray-with-absolute-diff-less-than-or-equal-to-limit,Medium,57.80756942164624,4555,230,False,"Array, Queue, Sliding Window, Heap (Priority Queue), Ordered Set, Monotonic Queue"
1550,Find the Kth Smallest Sum of a Matrix With Sorted Rows,find-the-kth-smallest-sum-of-a-matrix-with-sorted-rows,Hard,62.44795183434616,1304,21,False,"Array, Binary Search, Heap (Priority Queue), Matrix"
1565,Evaluate Boolean Expression,evaluate-boolean-expression,Medium,71.69494311229614,233,41,True,Database
1552,Build an Array With Stack Operations,build-an-array-with-stack-operations,Medium,80.81914738416914,1268,550,False,"Array, Stack, Simulation"
1553,Count Triplets That Can Form Two Arrays of Equal XOR,count-triplets-that-can-form-two-arrays-of-equal-xor,Medium,84.75655364536401,2038,139,False,"Array, Hash Table, Math, Bit Manipulation, Prefix Sum"
1554,Minimum Time to Collect All Apples in a Tree,minimum-time-to-collect-all-apples-in-a-tree,Medium,63.74512638009983,3878,335,False,"Hash Table, Tree, Depth-First Search, Breadth-First Search"
1555,Number of Ways of Cutting a Pizza,number-of-ways-of-cutting-a-pizza,Hard,61.59303732959612,1918,98,False,"Array, Dynamic Programming, Memoization, Matrix, Prefix Sum"
1578,Apples & Oranges,apples-oranges,Medium,86.0093933059792,251,23,True,Database
1542,Consecutive Characters,consecutive-characters,Easy,60.386363111534195,1859,35,False,String
1543,Simplified Fractions,simplified-fractions,Medium,69.99924772436621,441,48,False,"Math, String, Number Theory"
1544,Count Good Nodes in Binary Tree,count-good-nodes-in-binary-tree,Medium,73.89646030809324,6396,215,False,"Tree, Depth-First Search, Breadth-First Search, Binary Tree"
1545,Form Largest Integer With Digits That Add up to Target,form-largest-integer-with-digits-that-add-up-to-target,Hard,49.8003136434919,722,20,False,"Array, Dynamic Programming"
1560,Number of Students Doing Homework at a Given Time,number-of-students-doing-homework-at-a-given-time,Easy,75.9199730134635,940,157,False,Array
1561,Rearrange Words in a Sentence,rearrange-words-in-a-sentence,Medium,67.19014106149544,787,80,False,"String, Sorting"
1562,People Whose List of Favorite Companies Is Not a Subset of Another List,people-whose-list-of-favorite-companies-is-not-a-subset-of-another-list,Medium,60.72490706319703,386,231,False,"Array, Hash Table, String"
1563,Maximum Number of Darts Inside of a Circular Dartboard,maximum-number-of-darts-inside-of-a-circular-dartboard,Hard,41.02787057800558,160,277,False,"Array, Math, Geometry"
1579,Active Users,active-users,Medium,36.5801195997071,421,41,True,Database
1566,Check If a Word Occurs As a Prefix of Any Word in a Sentence,check-if-a-word-occurs-as-a-prefix-of-any-word-in-a-sentence,Easy,68.76617872442442,1335,60,False,"Two Pointers, String, String Matching"
1567,Maximum Number of Vowels in a Substring of Given Length,maximum-number-of-vowels-in-a-substring-of-given-length,Medium,62.196061695609885,3983,153,False,"String, Sliding Window"
1568,Pseudo-Palindromic Paths in a Binary Tree,pseudo-palindromic-paths-in-a-binary-tree,Medium,68.38436272595723,3349,131,False,"Bit Manipulation, Tree, Depth-First Search, Breadth-First Search, Binary Tree"
1569,Max Dot Product of Two Subsequences,max-dot-product-of-two-subsequences,Hard,69.37813525475156,2166,51,False,"Array, Dynamic Programming"
1607,Rectangles Area,rectangles-area,Medium,68.78763277180163,99,162,True,Database
1556,Make Two Arrays Equal by Reversing Subarrays,make-two-arrays-equal-by-reversing-subarrays,Easy,75.83282435694308,1532,164,False,"Array, Hash Table, Sorting"
1557,Check If a String Contains All Binary Codes of Size K,check-if-a-string-contains-all-binary-codes-of-size-k,Medium,61.58936571862963,2728,116,False,"Hash Table, String, Bit Manipulation, Rolling Hash, Hash Function"
1558,Course Schedule IV,course-schedule-iv,Medium,59.97491199195355,2157,94,False,"Depth-First Search, Breadth-First Search, Graph Theory, Topological Sort"
1559,Cherry Pickup II,cherry-pickup-ii,Hard,72.50341793972538,4529,56,False,"Array, Dynamic Programming, Matrix"
1574,Maximum Product of Two Elements in an Array,maximum-product-of-two-elements-in-an-array,Easy,83.62523284565565,2633,240,False,"Array, Sorting, Heap (Priority Queue)"
1575,Maximum Area of a Piece of Cake After Horizontal and Vertical Cuts,maximum-area-of-a-piece-of-cake-after-horizontal-and-vertical-cuts,Medium,41.47053662303022,2647,353,False,"Array, Greedy, Sorting"
1576,Reorder Routes to Make All Paths Lead to the City Zero,reorder-routes-to-make-all-paths-lead-to-the-city-zero,Medium,65.91876763135485,4678,150,False,"Depth-First Search, Breadth-First Search, Graph Theory"
1577,Probability of a Two Boxes Having The Same Number of Distinct Balls,probability-of-a-two-boxes-having-the-same-number-of-distinct-balls,Hard,61.29501454508978,299,178,False,"Array, Math, Dynamic Programming, Backtracking, Combinatorics, Probability and Statistics"
1608,Calculate Salaries,calculate-salaries,Medium,77.25841163193533,134,26,True,Database
1609,Find All The Lonely Nodes,find-all-the-lonely-nodes,Easy,84.12199403911322,520,11,True,"Tree, Depth-First Search, Breadth-First Search, Binary Tree"
1580,Shuffle the Array,shuffle-the-array,Easy,88.73729229583785,6479,359,False,Array
1581,The k Strongest Values in an Array,the-k-strongest-values-in-an-array,Medium,62.79027315991917,729,166,False,"Array, Two Pointers, Sorting"
1582,Design Browser History,design-browser-history,Medium,78.34031893607671,4165,271,False,"Array, Linked List, Stack, Design, Doubly-Linked List, Data Stream"
1583,Paint House III,paint-house-iii,Hard,61.25273609481244,2143,157,False,"Array, Dynamic Programming"
1618,Delete N Nodes After M Nodes of a Linked List,delete-n-nodes-after-m-nodes-of-a-linked-list,Easy,74.41239972616687,434,17,True,Linked List
1570,Final Prices With a Special Discount in a Shop,final-prices-with-a-special-discount-in-a-shop,Easy,84.21586417270703,2963,156,False,"Array, Stack, Monotonic Stack"
1572,Subrectangle Queries,subrectangle-queries,Medium,86.41773922961136,672,1462,False,"Array, Design, Matrix"
1573,Find Two Non-overlapping Sub-arrays Each With Target Sum,find-two-non-overlapping-sub-arrays-each-with-target-sum,Medium,36.91537041919325,1773,95,False,"Array, Hash Table, Binary Search, Dynamic Programming, Sliding Window"
1571,Allocate Mailboxes,allocate-mailboxes,Hard,56.675322130223904,1184,23,False,"Array, Math, Dynamic Programming, Sorting"
1623,Sales by Day of the Week,sales-by-day-of-the-week,Hard,76.3114203963404,160,39,True,Database
1603,Running Sum of 1d Array,running-sum-of-1d-array,Easy,86.99993704587222,8854,371,False,"Array, Prefix Sum"
1604,Least Number of Unique Integers after K Removals,least-number-of-unique-integers-after-k-removals,Medium,63.863854889717175,2348,234,False,"Array, Hash Table, Greedy, Sorting, Counting"
1605,Minimum Number of Days to Make m Bouquets,minimum-number-of-days-to-make-m-bouquets,Medium,56.74900807145832,5826,326,False,"Array, Binary Search"
1296,Kth Ancestor of a Tree Node,kth-ancestor-of-a-tree-node,Hard,38.57099401764288,2148,126,False,"Binary Search, Dynamic Programming, Bit Manipulation, Tree, Depth-First Search, Breadth-First Search, Design"
1625,Group Sold Products By The Date,group-sold-products-by-the-date,Easy,78.01525712331348,1741,127,False,Database
1624,Clone Binary Tree With Random Pointer,clone-binary-tree-with-random-pointer,Medium,81.26187274551236,433,97,True,"Hash Table, Tree, Depth-First Search, Breadth-First Search, Binary Tree"
1610,XOR Operation in an Array,xor-operation-in-an-array,Easy,87.69381622647478,1521,341,False,"Math, Bit Manipulation"
1611,Making File Names Unique,making-file-names-unique,Medium,38.72467714255583,466,743,False,"Array, Hash Table, String"
1612,Avoid Flood in The City,avoid-flood-in-the-city,Medium,38.971382991636276,2156,622,False,"Array, Hash Table, Binary Search, Greedy, Heap (Priority Queue)"
1613,Find Critical and Pseudo-Critical Edges in Minimum Spanning Tree,find-critical-and-pseudo-critical-edges-in-minimum-spanning-tree,Hard,66.63369283563276,2036,173,False,"Union-Find, Graph Theory, Sorting, Minimum Spanning Tree, Strongly Connected Component"
1634,Clone N-ary Tree,clone-n-ary-tree,Medium,83.01805674978505,429,17,True,"Hash Table, Tree, Depth-First Search, Breadth-First Search"
1584,Average Salary Excluding the Minimum and Maximum Salary,average-salary-excluding-the-minimum-and-maximum-salary,Easy,63.55892715806674,2285,187,False,"Array, Sorting"
1585,The kth Factor of n,the-kth-factor-of-n,Medium,70.44471671507884,1937,314,False,"Math, Number Theory"
1586,Longest Subarray of 1's After Deleting One Element,longest-subarray-of-1s-after-deleting-one-element,Medium,71.28783146285247,4857,111,False,"Array, Dynamic Programming, Sliding Window"
1587,Parallel Courses II,parallel-courses-ii,Hard,31.034025776099128,1151,78,False,"Dynamic Programming, Bit Manipulation, Graph Theory, Bitmask"
1639,Friendly Movies Streamed Last Month,friendly-movies-streamed-last-month,Easy,48.92986460486849,92,43,True,Database
1619,Path Crossing,path-crossing,Easy,62.640920554854986,1562,50,False,"Hash Table, String"
1620,Check If Array Pairs Are Divisible by k,check-if-array-pairs-are-divisible-by-k,Medium,46.19360757854443,2640,158,False,"Array, Hash Table, Counting"
1621,Number of Subsequences That Satisfy the Given Sum Condition,number-of-subsequences-that-satisfy-the-given-sum-condition,Medium,49.12406011408936,4693,437,False,"Array, Two Pointers, Binary Search, Sorting"
1622,Max Value of Equation,max-value-of-equation,Hard,45.102096032339695,1426,62,False,"Array, Queue, Sliding Window, Heap (Priority Queue), Monotonic Queue"
1640,Design a File Sharing System,design-a-file-sharing-system,Medium,41.67214486344349,54,132,True,"Hash Table, Design, Sorting, Heap (Priority Queue), Data Stream"
1641,Countries You Can Safely Invest In,countries-you-can-safely-invest-in,Medium,50.8046070076716,314,149,True,Database
1626,Can Make Arithmetic Progression From Sequence,can-make-arithmetic-progression-from-sequence,Easy,68.79304467737313,2357,120,False,"Array, Sorting"
1627,Last Moment Before All Ants Fall Out of a Plank,last-moment-before-all-ants-fall-out-of-a-plank,Medium,68.16153563606187,1585,442,False,"Array, Brainteaser, Simulation"
1628,Count Submatrices With All Ones,count-submatrices-with-all-ones,Medium,71.02072184902653,2689,221,False,"Array, Dynamic Programming, Stack, Matrix, Monotonic Stack"
1629,Minimum Possible Integer After at Most K Adjacent Swaps On Digits,minimum-possible-integer-after-at-most-k-adjacent-swaps-on-digits,Hard,41.57168944021157,501,28,False,"String, Greedy, Binary Indexed Tree, Segment Tree"
1650,Find Root of N-Ary Tree,find-root-of-n-ary-tree,Medium,78.61755650672073,492,212,True,"Hash Table, Bit Manipulation, Tree, Depth-First Search"
1283,Reformat Date,reformat-date,Easy,68.6544585437289,506,441,False,String
1615,Range Sum of Sorted Subarray Sums,range-sum-of-sorted-subarray-sums,Medium,63.044880902632684,1613,270,False,"Array, Two Pointers, Binary Search, Sorting, Prefix Sum"
1616,Minimum Difference Between Largest and Smallest Value in Three Moves,minimum-difference-between-largest-and-smallest-value-in-three-moves,Medium,59.19772011286756,2555,286,False,"Array, Greedy, Sorting"
1617,Stone Game IV,stone-game-iv,Hard,59.63138069695621,1644,76,False,"Math, Dynamic Programming, Game Theory"
1654,Customer Order Frequency,customer-order-frequency,Easy,66.4620431697588,333,59,True,Database
1635,Number of Good Pairs,number-of-good-pairs,Easy,89.85533472067235,5897,286,False,"Array, Hash Table, Math, Counting"
1636,Number of Substrings With Only 1s,number-of-substrings-with-only-1s,Medium,57.39353688811559,1237,42,False,"Math, String"
1325,Path with Maximum Probability,path-with-maximum-probability,Medium,65.58271662892804,3911,110,False,"Array, Graph Theory, Heap (Priority Queue), Shortest Path"
1638,Best Position for a Service Centre,best-position-for-a-service-centre,Hard,35.411604973560095,248,274,False,"Array, Math, Geometry, Randomized"
1655,Move Sub-Tree of N-Ary Tree,move-sub-tree-of-n-ary-tree,Hard,59.84234727392162,34,67,True,"Tree, Depth-First Search"
1664,Find Users With Valid E-Mails,find-users-with-valid-e-mails,Easy,35.66414613972206,728,316,False,Database
1642,Water Bottles,water-bottles,Easy,72.5542236324937,2292,178,False,"Math, Simulation"
1643,Number of Nodes in the Sub-Tree With the Same Label,number-of-nodes-in-the-sub-tree-with-the-same-label,Medium,55.50377687391052,2392,813,False,"Hash Table, Tree, Depth-First Search, Breadth-First Search, Counting"
1644,Maximum Number of Non-Overlapping Substrings,maximum-number-of-non-overlapping-substrings,Hard,42.95497760159851,911,88,False,"Hash Table, String, Greedy, Sorting"
1645,Find a Value of a Mysterious Function Closest to Target,find-a-value-of-a-mysterious-function-closest-to-target,Hard,47.37984802131649,408,22,False,"Array, Binary Search, Bit Manipulation, Segment Tree"
1665,Diameter of N-Ary Tree,diameter-of-n-ary-tree,Medium,75.48266505878806,645,10,True,"Tree, Depth-First Search"
1630,Count Odd Numbers in an Interval Range,count-odd-numbers-in-an-interval-range,Easy,54.589504338178486,3139,182,False,Math
1631,Number of Sub-arrays With Odd Sum,number-of-sub-arrays-with-odd-sum,Medium,55.6835683068474,2082,103,False,"Array, Math, Dynamic Programming, Prefix Sum"
1632,Number of Good Ways to Split a String,number-of-good-ways-to-split-a-string,Medium,68.48527692433181,2123,54,False,"Hash Table, String, Dynamic Programming, Bit Manipulation, Prefix Sum"
1633,Minimum Number of Increments on Subarrays to Form a Target Array,minimum-number-of-increments-on-subarrays-to-form-a-target-array,Hard,78.22413853542258,2158,110,False,"Array, Dynamic Programming, Stack, Greedy, Monotonic Stack"
1670,Patients With a Condition,patients-with-a-condition,Easy,38.97545024126516,888,660,False,Database
1651,Shuffle String,shuffle-string,Easy,85.45317527519052,2953,548,False,"Array, String"
1652,Minimum Suffix Flips,minimum-suffix-flips,Medium,73.97626209427837,1074,50,False,"String, Greedy"
1653,Number of Good Leaf Nodes Pairs,number-of-good-leaf-nodes-pairs,Medium,71.77392001480065,2507,111,False,"Tree, Depth-First Search, Binary Tree"
1637,String Compression II,string-compression-ii,Hard,52.23185456253302,2513,221,False,"String, Dynamic Programming"
1671,The Most Recent Three Orders,the-most-recent-three-orders,Medium,69.21383647798743,161,11,True,Database
1672,Find the Index of the Large Integer,find-the-index-of-the-large-integer,Medium,56.56107209666044,263,36,True,"Array, Binary Search, Interactive"
1656,Count Good Triplets,count-good-triplets,Easy,85.53647678749886,1216,1251,False,"Array, Enumeration"
1657,Find the Winner of an Array Game,find-the-winner-of-an-array-game,Medium,56.862028548890976,1628,88,False,"Array, Simulation"
1658,Minimum Swaps to Arrange a Binary Grid,minimum-swaps-to-arrange-a-binary-grid,Medium,70.13282278329544,1029,107,False,"Array, Greedy, Matrix"
1659,Get the Maximum Score,get-the-maximum-score,Hard,41.235048740276845,1081,54,False,"Array, Two Pointers, Dynamic Programming, Greedy"
1681,Guess the Majority in a Hidden Array,guess-the-majority-in-a-hidden-array,Medium,68.93800680094166,147,122,True,"Array, Math, Interactive"
1646,Kth Missing Positive Number,kth-missing-positive-number,Easy,63.62603695186556,8069,579,False,"Array, Binary Search"
1647,Can Convert String in K Moves,can-convert-string-in-k-moves,Medium,37.811328146862934,430,336,False,"Hash Table, String"
1648,Minimum Insertions to Balance a Parentheses String,minimum-insertions-to-balance-a-parentheses-string,Medium,53.58802468195323,1278,299,False,"String, Stack, Greedy"
1668,Find Longest Awesome Substring,find-longest-awesome-substring,Hard,47.096501567955876,901,16,False,"Hash Table, String, Bit Manipulation"
1686,Fix Product Name Format,fix-product-name-format,Easy,58.84328085841505,93,45,True,Database
1666,Make The String Great,make-the-string-great,Easy,68.59822865420043,3245,189,False,"String, Stack"
1667,Find Kth Bit in Nth Binary String,find-kth-bit-in-nth-binary-string,Medium,73.67030672041894,1874,123,False,"String, Recursion, Simulation"
1649,Maximum Number of Non-Overlapping Subarrays With Sum Equals Target,maximum-number-of-non-overlapping-subarrays-with-sum-equals-target,Medium,49.048713914996036,1125,27,False,"Array, Hash Table, Greedy, Prefix Sum"
1669,Minimum Cost to Cut a Stick,minimum-cost-to-cut-a-stick,Hard,63.214295113029294,4895,163,False,"Array, Dynamic Programming, Sorting"
1687,The Most Similar Path in a Graph,the-most-similar-path-in-a-graph,Hard,59.45318972659487,380,187,True,"Array, String, Dynamic Programming, Graph Theory"
1688,The Most Recent Orders for Each Product,the-most-recent-orders-for-each-product,Medium,65.03156472003823,141,12,True,Database
1293,Three Consecutive Odds,three-consecutive-odds,Easy,69.273290548281,1418,108,False,Array
1674,Minimum Operations to Make Array Equal,minimum-operations-to-make-array-equal,Medium,82.79024660570795,1504,187,False,Math
1675,Magnetic Force Between Two Balls,magnetic-force-between-two-balls,Medium,72.28756508014277,3249,276,False,"Array, Binary Search, Sorting"
1676,Minimum Number of Days to Eat N Oranges,minimum-number-of-days-to-eat-n-oranges,Hard,36.318030777171984,1035,65,False,"Dynamic Programming, Memoization"
1697,Strings Differ by One Character,strings-differ-by-one-character,Medium,39.74431979955583,388,106,True,"Hash Table, String, Rolling Hash, Hash Function"
1702,Bank Account Summary,bank-account-summary,Medium,52.31253111282075,146,27,True,Database
1660,Thousand Separator,thousand-separator,Easy,53.759354582479965,523,48,False,String
1661,Minimum Number of Vertices to Reach All Nodes,minimum-number-of-vertices-to-reach-all-nodes,Medium,81.65757295186424,3888,136,False,Graph Theory
1662,Minimum Numbers of Function Calls to Make Target Array,minimum-numbers-of-function-calls-to-make-target-array,Medium,62.8306187378318,653,38,False,"Array, Greedy, Bit Manipulation"
1663,Detect Cycles in 2D Grid,detect-cycles-in-2d-grid,Medium,63.38254271637568,1529,33,False,"Array, Depth-First Search, Breadth-First Search, Union-Find, Matrix"
1682,Most Visited Sector in  a Circular Track,most-visited-sector-in-a-circular-track,Easy,60.058274541124966,341,679,False,"Array, Simulation"
1683,Maximum Number of Coins You Can Get,maximum-number-of-coins-you-can-get,Medium,84.82571627300632,1985,224,False,"Array, Math, Greedy, Sorting, Game Theory"
1684,Find Latest Group of Size M,find-latest-group-of-size-m,Medium,43.91736654117192,681,145,False,"Array, Hash Table, Binary Search, Simulation"
1685,Stone Game V,stone-game-v,Hard,42.0141535111595,701,90,False,"Array, Math, Dynamic Programming, Game Theory"
1703,Put Boxes Into the Warehouse I,put-boxes-into-the-warehouse-i,Medium,67.68957901077572,344,30,True,"Array, Greedy, Sorting"
1712,Unique Orders and Customers Per Month,unique-orders-and-customers-per-month,Easy,81.9572342750117,82,47,True,Database
1689,Detect Pattern of Length M Repeated K or More Times,detect-pattern-of-length-m-repeated-k-or-more-times,Easy,44.06522951124327,698,148,False,"Array, Enumeration"
1690,Maximum Length of Subarray With Positive Product,maximum-length-of-subarray-with-positive-product,Medium,44.713457772410756,2503,80,False,"Array, Dynamic Programming, Greedy"
1691,Minimum Number of Days to Disconnect Island,minimum-number-of-days-to-disconnect-island,Hard,58.7360594795539,1310,224,False,"Array, Depth-First Search, Breadth-First Search, Matrix, Strongly Connected Component"
1692,Number of Ways to Reorder Array to Get Same BST,number-of-ways-to-reorder-array-to-get-same-bst,Hard,54.15269987016183,1865,211,False,"Array, Math, Divide and Conquer, Dynamic Programming, Tree, Union-Find, Binary Search Tree, Memoization, Combinatorics, Binary Tree"
1713,Dot Product of Two Sparse Vectors,dot-product-of-two-sparse-vectors,Medium,89.89803821195078,1314,170,True,"Array, Hash Table, Two Pointers, Design"
1718,Warehouse Manager,warehouse-manager,Easy,87.21471821145785,166,12,True,Database
1677,Matrix Diagonal Sum,matrix-diagonal-sum,Easy,84.38322956724387,3827,72,False,"Array, Matrix"
1678,Number of Ways to Split a String,number-of-ways-to-split-a-string,Medium,34.696845827708806,770,88,False,"Math, String"
1679,Shortest Subarray to be Removed to Make Array Sorted,shortest-subarray-to-be-removed-to-make-array-sorted,Medium,51.33565117187654,2484,164,False,"Array, Two Pointers, Binary Search, Stack, Monotonic Stack"
1680,Count All Possible Routes,count-all-possible-routes,Hard,64.80617008321494,1691,60,False,"Array, Dynamic Programming, Memoization"
1698,Replace All ?'s to Avoid Consecutive Repeating Characters,replace-all-s-to-avoid-consecutive-repeating-characters,Easy,45.32313129613156,612,182,False,String
1699,Number of Ways Where Square of Number Is Equal to Product of Two Numbers,number-of-ways-where-square-of-number-is-equal-to-product-of-two-numbers,Medium,43.6505179383527,401,58,False,"Array, Hash Table, Math, Two Pointers"
1700,Minimum Time to Make Rope Colorful,minimum-time-to-make-rope-colorful,Medium,65.20777063440738,4346,157,False,"Array, String, Dynamic Programming, Greedy"
1701,Remove Max Number of Edges to Keep Graph Fully Traversable,remove-max-number-of-edges-to-keep-graph-fully-traversable,Hard,70.15143808600686,2704,46,False,"Union-Find, Graph Theory"
1719,Put Boxes Into the Warehouse II,put-boxes-into-the-warehouse-ii,Medium,66.2148856067188,228,12,True,"Array, Greedy, Sorting"
1724,Customer Who Visited but Did Not Make Any Transactions,customer-who-visited-but-did-not-make-any-transactions,Easy,67.82973946755187,3553,460,False,Database
1704,Special Positions in a Binary Matrix,special-positions-in-a-binary-matrix,Easy,72.66922223597996,1803,82,False,"Array, Matrix"
1705,Count Unhappy Friends,count-unhappy-friends,Medium,62.58021058602474,312,889,False,"Array, Simulation"
1706,Min Cost to Connect All Points,min-cost-to-connect-all-points,Medium,71.17217229787943,5687,149,False,"Array, Union-Find, Graph Theory, Minimum Spanning Tree"
1707,Check If String Is Transformable With Substring Sort Operations,check-if-string-is-transformable-with-substring-sort-operations,Hard,51.712611585198,458,11,False,"String, Greedy, Sorting"
1729,Binary Search Tree Iterator II,binary-search-tree-iterator-ii,Medium,63.452865871399474,273,52,True,"Stack, Tree, Design, Binary Search Tree, Binary Tree, Iterator"
1734,Bank Account Summary II,bank-account-summary-ii,Easy,82.95198799699925,554,6,False,Database
1693,Sum of All Odd Length Subarrays,sum-of-all-odd-length-subarrays,Easy,84.03230617736965,3921,331,False,"Array, Math, Prefix Sum"
1695,Maximum Sum Obtained of Any Permutation,maximum-sum-obtained-of-any-permutation,Medium,41.07464302632469,838,40,False,"Array, Greedy, Sorting, Prefix Sum"
1694,Make Sum Divisible by P,make-sum-divisible-by-p,Medium,42.63864586594957,2900,198,False,"Array, Hash Table, Prefix Sum"
1696,Strange Printer II,strange-printer-ii,Hard,61.02743891532215,699,24,False,"Array, Graph Theory, Topological Sort, Matrix"
1714,Rearrange Spaces Between Words,rearrange-spaces-between-words,Easy,44.25535708978512,497,354,False,String
1715,Split a String Into the Max Number of Unique Substrings,split-a-string-into-the-max-number-of-unique-substrings,Medium,68.70835375928246,1521,73,False,"Hash Table, String, Backtracking"
1716,Maximum Non Negative Product in a Matrix,maximum-non-negative-product-in-a-matrix,Medium,51.62761077628774,1443,93,False,"Array, Dynamic Programming, Matrix"
1717,Minimum Cost to Connect Two Groups of Points,minimum-cost-to-connect-two-groups-of-points,Hard,50.30240331052045,498,16,False,"Array, Dynamic Programming, Bit Manipulation, Matrix, Bitmask"
1735,The Most Frequently Ordered Products for Each Customer,the-most-frequently-ordered-products-for-each-customer,Medium,77.70365403955749,262,17,True,Database
1736,Build Binary Expression Tree From Infix Expression,build-binary-expression-tree-from-infix-expression,Hard,62.84042597971124,271,49,True,"String, Stack, Tree, Binary Tree"
1720,Crawler Log Folder,crawler-log-folder,Easy,71.69286193963814,1560,99,False,"Array, String, Stack"
1721,Maximum Profit of Operating a Centennial Wheel,maximum-profit-of-operating-a-centennial-wheel,Medium,44.615694860566954,111,254,False,"Array, Simulation"
1722,Throne Inheritance,throne-inheritance,Medium,67.3759982004274,321,340,False,"Hash Table, Tree, Depth-First Search, Design"
1723,Maximum Number of Achievable Transfer Requests,maximum-number-of-achievable-transfer-requests,Hard,64.74997760101941,1499,75,False,"Array, Backtracking, Bit Manipulation, Enumeration"
1745,Find Nearest Right Node in Binary Tree,find-nearest-right-node-in-binary-tree,Medium,75.09700913378306,333,10,True,"Tree, Breadth-First Search, Binary Tree"
1708,Design Parking System,design-parking-system,Easy,87.18026985391259,2073,457,False,"Design, Simulation, Counting"
1709,Alert Using Same Key-Card Three or More Times in a One Hour Period,alert-using-same-key-card-three-or-more-times-in-a-one-hour-period,Medium,46.29261272492277,340,441,False,"Array, Hash Table, String, Sorting"
1711,Find Valid Matrix Given Row and Column Sums,find-valid-matrix-given-row-and-column-sums,Medium,82.60472710861396,2201,98,False,"Array, Greedy, Matrix"
1710,Find Servers That Handled Most Number of Requests,find-servers-that-handled-most-number-of-requests,Hard,45.522068712556546,681,30,False,"Array, Heap (Priority Queue), Simulation, Ordered Set"
1749,Sellers With No Sales,sellers-with-no-sales,Easy,54.32997803591773,147,14,True,Database
1730,Special Array With X Elements Greater Than or Equal X,special-array-with-x-elements-greater-than-or-equal-x,Easy,66.8796934218127,2357,471,False,"Array, Binary Search, Sorting"
1731,Even Odd Tree,even-odd-tree,Medium,67.21182607985462,1899,102,False,"Tree, Breadth-First Search, Binary Tree"
1733,Maximum Number of Visible Points,maximum-number-of-visible-points,Hard,38.26430257390132,629,768,False,"Array, Math, Geometry, Sliding Window, Sorting"
1732,Minimum One Bit Operations to Make Integers Zero,minimum-one-bit-operations-to-make-integers-zero,Hard,78.32909898118922,1217,1214,False,"Math, Dynamic Programming, Bit Manipulation, Recursion, Memoization"
1750,Check If Two Expression Trees are Equivalent,check-if-two-expression-trees-are-equivalent,Medium,71.76806859942833,146,24,True,"Hash Table, Tree, Depth-First Search, Binary Tree, Counting"
1759,Find the Missing IDs,find-the-missing-ids,Medium,72.87301538175853,238,31,True,Database
1737,Maximum Nesting Depth of the Parentheses,maximum-nesting-depth-of-the-parentheses,Easy,84.95583591086493,2866,525,False,"String, Stack"
1738,Maximal Network Rank,maximal-network-rank,Medium,66.02797610374472,2456,394,False,Graph Theory
1739,Split Two Strings to Make Palindrome,split-two-strings-to-make-palindrome,Medium,32.41496433596972,783,260,False,"Two Pointers, String"
1740,Count Subtrees With Max Distance Between Cities,count-subtrees-with-max-distance-between-cities,Hard,67.28237978237979,577,44,False,"Dynamic Programming, Bit Manipulation, Tree, Enumeration, Bitmask"
1384,Maximum Font to Fit a Sentence in a Screen,maximum-font-to-fit-a-sentence-in-a-screen,Medium,62.074328749181404,114,22,True,"Array, String, Binary Search, Interactive"
1210,Mean of Array After Removing Some Elements,mean-of-array-after-removing-some-elements,Easy,71.96331880612784,531,134,False,"Array, Sorting"
1726,Coordinate With Maximum Network Quality,coordinate-with-maximum-network-quality,Medium,39.738326491105106,93,276,False,"Array, Enumeration"
1725,Number of Sets of K Non-Overlapping Line Segments,number-of-sets-of-k-non-overlapping-line-segments,Medium,46.03319783197832,494,50,False,"Math, Dynamic Programming, Combinatorics, Prefix Sum"
1728,Fancy Sequence,fancy-sequence,Hard,41.47598598470282,643,184,False,"Math, Design, Segment Tree, Number Theory"
1763,All Valid Triplets That Can Represent a Country,all-valid-triplets-that-can-represent-a-country,Easy,80.87548103353491,76,144,True,Database
1746,Largest Substring Between Two Equal Characters,largest-substring-between-two-equal-characters,Easy,68.34560449566823,1420,68,False,"Hash Table, String"
1747,Lexicographically Smallest String After Applying Operations,lexicographically-smallest-string-after-applying-operations,Medium,79.30606281957633,694,321,False,"String, Depth-First Search, Breadth-First Search, Enumeration"
1748,Best Team With No Conflicts,best-team-with-no-conflicts,Medium,50.760269157376726,3062,100,False,"Array, Dynamic Programming, Sorting"
1223,Graph Connectivity With Threshold,graph-connectivity-with-threshold,Hard,49.64667549129417,614,34,False,"Array, Math, Union-Find, Number Theory"
1768,Design an Expression Tree With Evaluate Function,design-an-expression-tree-with-evaluate-function,Medium,82.53335167102188,547,74,True,"Array, Math, Stack, Tree, Design, Binary Tree"
1751,Slowest Key,slowest-key,Easy,59.69947347511453,797,113,False,"Array, String"
1752,Arithmetic Subarrays,arithmetic-subarrays,Medium,83.74871538116948,1902,210,False,"Array, Hash Table, Sorting"
1753,Path With Minimum Effort,path-with-minimum-effort,Medium,63.50364867581912,6910,240,False,"Array, Binary Search, Depth-First Search, Breadth-First Search, Union-Find, Heap (Priority Queue), Matrix"
1257,Rank Transform of a Matrix,rank-transform-of-a-matrix,Hard,42.28914387651746,942,60,False,"Array, Union-Find, Graph Theory, Topological Sort, Sorting, Matrix"
1773,Percentage of Users Attended a Contest,percentage-of-users-attended-a-contest,Easy,60.52588978549092,1234,110,False,Database
1774,Add Two Polynomials Represented as Linked Lists,add-two-polynomials-represented-as-linked-lists,Medium,61.10145998891148,174,14,True,"Linked List, Math, Two Pointers"
1779,Hopper Company Queries I,hopper-company-queries-i,Hard,48.00904408993845,119,36,True,Database
1741,Sort Array by Increasing Frequency,sort-array-by-increasing-frequency,Easy,80.88727424840405,3745,182,False,"Array, Hash Table, Sorting"
1742,Widest Vertical Area Between Two Points Containing No Points,widest-vertical-area-between-two-points-containing-no-points,Easy,87.12266493159598,990,1793,False,"Array, Sorting"
1743,Count Substrings That Differ by One Character,count-substrings-that-differ-by-one-character,Medium,72.35439038609822,1207,357,False,"Hash Table, String, Dynamic Programming, Enumeration"
1744,Number of Ways to Form a Target String Given a Dictionary,number-of-ways-to-form-a-target-string-given-a-dictionary,Hard,56.43936225386044,2078,120,False,"Array, String, Dynamic Programming"
1760,Check Array Formation Through Concatenation,check-array-formation-through-concatenation,Easy,57.416470674928,945,144,False,"Array, Hash Table"
1761,Count Sorted Vowel Strings,count-sorted-vowel-strings,Medium,79.31569343065694,3939,93,False,"Math, Dynamic Programming, Combinatorics"
1762,Furthest Building You Can Reach,furthest-building-you-can-reach,Medium,50.96634958272741,6254,151,False,"Array, Greedy, Heap (Priority Queue)"
489,Kth Smallest Instructions,kth-smallest-instructions,Hard,44.94437333858423,572,16,False,"Array, Math, Dynamic Programming, Combinatorics"
1780,Lowest Common Ancestor of a Binary Tree II,lowest-common-ancestor-of-a-binary-tree-ii,Medium,69.68358666613274,703,42,True,"Tree, Depth-First Search, Binary Tree"
1785,Hopper Company Queries II,hopper-company-queries-ii,Hard,39.9624765478424,64,18,True,Database
1769,Get Maximum in Generated Array,get-maximum-in-generated-array,Easy,51.53700329299483,788,968,False,"Array, Simulation"
1770,Minimum Deletions to Make Character Frequencies Unique,minimum-deletions-to-make-character-frequencies-unique,Medium,61.515481157961396,5064,76,False,"Hash Table, String, Greedy, Sorting"
1771,Sell Diminishing-Valued Colored Balls,sell-diminishing-valued-colored-balls,Medium,30.24693368420367,1169,408,False,"Array, Math, Binary Search, Greedy, Sorting, Heap (Priority Queue)"
1772,Create Sorted Array through Instructions,create-sorted-array-through-instructions,Hard,42.01958105646631,701,83,False,"Array, Binary Search, Divide and Conquer, Binary Indexed Tree, Segment Tree, Merge Sort, Ordered Set"
1790,Lowest Common Ancestor of a Binary Tree III,lowest-common-ancestor-of-a-binary-tree-iii,Medium,83.00619603859826,1540,61,True,"Hash Table, Two Pointers, Tree, Binary Tree"
1795,Hopper Company Queries III,hopper-company-queries-iii,Hard,65.43155418320835,34,64,True,Database
1755,Defuse the Bomb,defuse-the-bomb,Easy,79.37327752692384,1665,184,False,"Array, Sliding Window"
1756,Minimum Deletions to Make String Balanced,minimum-deletions-to-make-string-balanced,Medium,68.19580250585567,2621,83,False,"String, Dynamic Programming, Stack"
1757,Minimum Jumps to Reach Home,minimum-jumps-to-reach-home,Medium,30.88547205058198,1574,285,False,"Array, Hash Table, Breadth-First Search"
1758,Distribute Repeating Integers,distribute-repeating-integers,Hard,40.840874183460095,475,31,False,"Array, Hash Table, Dynamic Programming, Backtracking, Bit Manipulation, Counting, Bitmask"
1775,Design an Ordered Stream,design-an-ordered-stream,Easy,82.71948608137045,575,3648,False,"Array, Hash Table, Design, Data Stream"
1777,Determine if Two Strings Are Close,determine-if-two-strings-are-close,Medium,54.33294658692398,4150,360,False,"Hash Table, String, Sorting, Counting"
1776,Minimum Operations to Reduce X to Zero,minimum-operations-to-reduce-x-to-zero,Medium,40.656575148212056,5805,128,False,"Array, Hash Table, Binary Search, Sliding Window, Prefix Sum"
1778,Maximize Grid Happiness,maximize-grid-happiness,Hard,41.20162497327347,346,56,False,"Dynamic Programming, Bit Manipulation, Memoization, Bitmask"
1796,Correct a Binary Tree,correct-a-binary-tree,Medium,74.26983675918032,277,47,True,"Hash Table, Tree, Depth-First Search, Breadth-First Search, Binary Tree"
1801,Average Time of Process per Machine,average-time-of-process-per-machine,Easy,66.79978500666545,2519,249,False,Database
1781,Check If Two String Arrays are Equivalent,check-if-two-string-arrays-are-equivalent,Easy,86.1173686989162,3170,205,False,"Array, String"
1782,Smallest String With A Given Numeric Value,smallest-string-with-a-given-numeric-value,Medium,67.5032387532705,1926,64,False,"String, Greedy"
1783,Ways to Make a Fair Array,ways-to-make-a-fair-array,Medium,67.16698348514983,1418,50,False,"Array, Prefix Sum"
1784,Minimum Initial Energy to Finish Tasks,minimum-initial-energy-to-finish-tasks,Hard,76.43955189860175,859,45,False,"Array, Greedy, Sorting"
1810,Change the Root of a Binary Tree,change-the-root-of-a-binary-tree,Medium,75.00621735886595,69,201,True,"Tree, Depth-First Search, Binary Tree"
1811,Fix Names in a Table,fix-names-in-a-table,Easy,60.57804765749254,1097,143,False,Database
1764,Maximum Repeating Substring,maximum-repeating-substring,Easy,41.84234798681518,840,303,False,"String, Dynamic Programming, String Matching"
1765,Merge In Between Linked Lists,merge-in-between-linked-lists,Medium,83.04367149306448,2283,227,False,Linked List
1767,Design Front Middle Back Queue,design-front-middle-back-queue,Medium,58.19212528406283,830,115,False,"Array, Linked List, Design, Queue, Doubly-Linked List, Data Stream"
1766,Minimum Number of Removals to Make Mountain Array,minimum-number-of-removals-to-make-mountain-array,Hard,54.79086208025136,2311,41,False,"Array, Binary Search, Dynamic Programming, Greedy"
1791,Richest Customer Wealth,richest-customer-wealth,Easy,88.74888863703079,4915,390,False,"Array, Matrix"
1792,Find the Most Competitive Subsequence,find-the-most-competitive-subsequence,Medium,53.10656511767664,2198,106,False,"Array, Stack, Greedy, Monotonic Stack"
1793,Minimum Moves to Make Array Complementary,minimum-moves-to-make-array-complementary,Medium,64.91094626008478,1084,130,False,"Array, Hash Table, Prefix Sum"
1794,Minimize Deviation in Array,minimize-deviation-in-array,Hard,54.01306827856291,3094,175,False,"Array, Greedy, Heap (Priority Queue), Ordered Set"
1816,Lowest Common Ancestor of a Binary Tree IV,lowest-common-ancestor-of-a-binary-tree-iv,Medium,79.62974490494628,506,16,True,"Hash Table, Tree, Depth-First Search, Binary Tree"
1821,Product's Worth Over Invoices,products-worth-over-invoices,Easy,38.63806528900868,40,136,True,Database
1797,Goal Parser Interpretation,goal-parser-interpretation,Easy,88.12261045382446,1688,95,False,String
1798,Max Number of K-Sum Pairs,max-number-of-k-sum-pairs,Medium,57.145260262476114,3577,123,False,"Array, Hash Table, Two Pointers, Sorting"
1800,Concatenation of Consecutive Binary Numbers,concatenation-of-consecutive-binary-numbers,Medium,66.65390743001386,1775,450,False,"Math, Bit Manipulation, Simulation"
1799,Minimum Incompatibility,minimum-incompatibility,Hard,41.43958310715449,303,101,False,"Array, Hash Table, Dynamic Programming, Bit Manipulation, Bitmask"
1822,Longest Palindromic Subsequence II,longest-palindromic-subsequence-ii,Medium,50.336922004492294,159,30,True,"String, Dynamic Programming"
1827,Invalid Tweets,invalid-tweets,Easy,85.14823597302865,1521,381,False,Database
1786,Count the Number of Consistent Strings,count-the-number-of-consistent-strings,Easy,88.51964996649454,2284,91,False,"Array, Hash Table, String, Bit Manipulation, Counting"
1787,Sum of Absolute Differences in a Sorted Array,sum-of-absolute-differences-in-a-sorted-array,Medium,68.43193368530123,2240,85,False,"Array, Math, Prefix Sum"
1788,Stone Game VI,stone-game-vi,Medium,60.85894143957591,898,78,False,"Array, Math, Greedy, Sorting, Heap (Priority Queue), Game Theory"
1789,Delivering Boxes from Storage to Ports,delivering-boxes-from-storage-to-ports,Hard,39.79892310281003,410,33,False,"Array, Dynamic Programming, Segment Tree, Queue, Heap (Priority Queue), Prefix Sum, Monotonic Queue"
1806,Count of Matches in Tournament,count-of-matches-in-tournament,Easy,86.49282331436167,1892,248,False,"Math, Simulation"
1807,Partitioning Into Minimum Number Of Deci-Binary Numbers,partitioning-into-minimum-number-of-deci-binary-numbers,Medium,90.46422107954383,2841,1547,False,"String, Greedy"
1808,Stone Game VII,stone-game-vii,Medium,58.825233386440544,1052,175,False,"Array, Math, Dynamic Programming, Game Theory"
1367,Maximum Height by Stacking Cuboids ,maximum-height-by-stacking-cuboids,Hard,62.22006360527471,1274,36,False,"Array, Dynamic Programming, Sorting"
1828,Count Ways to Distribute Candies,count-ways-to-distribute-candies,Hard,63.90401290582779,78,9,True,Dynamic Programming
1837,Daily Leads and Partners,daily-leads-and-partners,Easy,86.72980894700729,642,37,False,Database
1812,Reformat Phone Number,reformat-phone-number,Easy,67.7535067994432,402,206,False,String
1813,Maximum Erasure Value,maximum-erasure-value,Medium,64.32649045965289,3419,68,False,"Array, Hash Table, Sliding Window"
1814,Jump Game VI,jump-game-vi,Medium,46.482834070276695,3590,129,False,"Array, Dynamic Programming, Queue, Heap (Priority Queue), Monotonic Queue"
1815,Checking Existence of Edge Length Limited Paths,checking-existence-of-edge-length-limited-paths,Hard,63.35384895249068,2139,48,False,"Array, Two Pointers, Union-Find, Graph Theory, Sorting"
1838,Number of Distinct Substrings in a String,number-of-distinct-substrings-in-a-string,Medium,64.73548272176701,208,44,True,"String, Trie, Rolling Hash, Suffix Array, Hash Function"
1842,Number of Calls Between Two Persons,number-of-calls-between-two-persons,Medium,80.828301293097,312,16,True,Database
1802,Number of Students Unable to Eat Lunch,number-of-students-unable-to-eat-lunch,Easy,79.74471547401724,2761,297,False,"Array, Stack, Queue, Simulation"
1803,Average Waiting Time,average-waiting-time,Medium,73.07745391212907,1278,102,False,"Array, Simulation"
1804,Maximum Binary String After Change,maximum-binary-string-after-change,Medium,47.77996169740953,530,64,False,"String, Greedy"
1805,Minimum Adjacent Swaps for K Consecutive Ones,minimum-adjacent-swaps-for-k-consecutive-ones,Hard,42.3406033017373,750,29,False,"Array, Greedy, Sliding Window, Prefix Sum"
1823,Determine if String Halves Are Alike,determine-if-string-halves-are-alike,Easy,78.82242611158915,2341,127,False,"String, Counting"
1824,Maximum Number of Eaten Apples,maximum-number-of-eaten-apples,Medium,43.64240410752039,891,202,False,"Array, Greedy, Heap (Priority Queue)"
1324,Where Will the Ball Fall,where-will-the-ball-fall,Medium,72.32183266088262,3182,181,False,"Array, Matrix, Simulation"
1826,Maximum XOR With an Element From Array,maximum-xor-with-an-element-from-array,Hard,58.64806637068073,1434,41,False,"Array, Bit Manipulation, Trie"
1847,Largest Subarray Length K,largest-subarray-length-k,Easy,65.8468281991964,110,116,True,"Array, Greedy"
1852,Biggest Window Between Visits,biggest-window-between-visits,Medium,69.71251713680363,227,17,True,Database
1829,Maximum Units on a Truck,maximum-units-on-a-truck,Easy,74.97386459316354,4059,240,False,"Array, Greedy, Sorting"
1830,Count Good Meals,count-good-meals,Medium,32.92958434916339,1139,247,False,"Array, Hash Table"
1831,Ways to Split Array Into Three Subarrays,ways-to-split-array-into-three-subarrays,Medium,34.37469475466415,1515,114,False,"Array, Two Pointers, Binary Search, Prefix Sum"
1832,Minimum Operations to Make a Subsequence,minimum-operations-to-make-a-subsequence,Hard,49.87946787297997,769,15,False,"Array, Hash Table, Binary Search, Greedy"
1809,Sum Of Special Evenly-Spaced Elements In Array,sum-of-special-evenly-spaced-elements-in-array,Hard,49.9857020303117,34,27,True,"Array, Dynamic Programming"
1862,Count Apples and Oranges,count-apples-and-oranges,Medium,75.80224823991598,91,22,True,Database
1817,Calculate Money in Leetcode Bank,calculate-money-in-leetcode-bank,Easy,82.38212326731336,1851,64,False,Math
1818,Maximum Score From Removing Substrings,maximum-score-from-removing-substrings,Medium,66.39076986620002,1933,137,False,"String, Stack, Greedy"
1819,Construct the Lexicographically Largest Valid Sequence,construct-the-lexicographically-largest-valid-sequence,Medium,72.65192486159557,1165,183,False,"Array, Backtracking"
1820,Number Of Ways To Reconstruct A Tree,number-of-ways-to-reconstruct-a-tree,Hard,46.10447952766012,240,160,False,"Array, Hash Table, Tree, Graph Theory, Simulation"
1839,Decode XORed Array,decode-xored-array,Easy,87.42968634628552,1680,223,False,"Array, Bit Manipulation"
528,Swapping Nodes in a Linked List,swapping-nodes-in-a-linked-list,Medium,69.55421695608364,5752,213,False,"Linked List, Two Pointers"
1840,Minimize Hamming Distance After Swap Operations,minimize-hamming-distance-after-swap-operations,Medium,69.64198172769814,1416,44,False,"Array, Depth-First Search, Union-Find"
1825,Find Minimum Time to Finish All Jobs,find-minimum-time-to-finish-all-jobs,Hard,45.977806483110754,1145,39,False,"Array, Dynamic Programming, Backtracking, Bit Manipulation, Bitmask"
1865,Checking Existence of Edge Length Limited Paths II,checking-existence-of-edge-length-limited-paths-ii,Hard,51.597347799879444,123,10,True,"Depth-First Search, Union-Find, Graph Theory, Design, Sorting, Heap (Priority Queue), Minimum Spanning Tree"
1843,Number Of Rectangles That Can Form The Largest Square,number-of-rectangles-that-can-form-the-largest-square,Easy,79.48576742170502,629,76,False,Array
1364,Tuple with Same Product,tuple-with-same-product,Medium,70.07351421776879,1376,59,False,"Array, Hash Table, Counting"
1845,Largest Submatrix With Rearrangements,largest-submatrix-with-rearrangements,Medium,80.18467769560924,2310,133,False,"Array, Greedy, Sorting, Matrix"
1727,Cat and Mouse II,cat-and-mouse-ii,Hard,40.39181791990781,292,48,False,"Array, Math, Dynamic Programming, Graph Theory, Topological Sort, Memoization, Matrix, Game Theory"
1877,Find Followers Count,find-followers-count,Easy,69.61696782270592,774,49,False,Database
550,Shortest Path to Get Food,shortest-path-to-get-food,Medium,57.246371848696334,724,41,True,"Array, Breadth-First Search, Matrix"
1882,The Number of Employees Which Report to Each Employee,the-number-of-employees-which-report-to-each-employee,Easy,53.437280328845624,923,110,False,Database
1833,Find the Highest Altitude,find-the-highest-altitude,Easy,84.65862870285312,3481,444,False,"Array, Prefix Sum"
1834,Minimum Number of People to Teach,minimum-number-of-people-to-teach,Medium,67.29232048496553,716,560,False,"Array, Hash Table, Greedy"
1835,Decode XORed Permutation,decode-xored-permutation,Medium,67.0207303767409,808,35,False,"Array, Bit Manipulation"
1836,Count Ways to Make Array With Product,count-ways-to-make-array-with-product,Hard,55.292486831161625,324,36,False,"Array, Math, Dynamic Programming, Combinatorics, Number Theory"
1858,Latest Time by Replacing Hidden Digits,latest-time-by-replacing-hidden-digits,Easy,43.876488028990416,410,188,False,"String, Greedy"
1859,Change Minimum Characters to Satisfy One of Three Conditions,change-minimum-characters-to-satisfy-one-of-three-conditions,Medium,38.117482454358765,339,346,False,"Hash Table, String, Counting, Prefix Sum"
1860,Find Kth Largest XOR Coordinate Value,find-kth-largest-xor-coordinate-value,Medium,64.32212447586943,542,86,False,"Array, Divide and Conquer, Bit Manipulation, Sorting, Heap (Priority Queue), Matrix, Prefix Sum, Quickselect"
1861,Building Boxes,building-boxes,Hard,52.50211595429539,317,52,False,"Math, Binary Search, Greedy"
1883,Find Distance in a Binary Tree,find-distance-in-a-binary-tree,Medium,74.35998261553426,487,19,True,"Hash Table, Tree, Depth-First Search, Breadth-First Search, Binary Tree"
1892,Find Total Time Spent by Each Employee,find-total-time-spent-by-each-employee,Easy,86.36563466338811,815,25,False,Database
1844,Maximum Number of Balls in a Box,maximum-number-of-balls-in-a-box,Easy,74.96512168656022,657,171,False,"Hash Table, Math, Counting"
1866,Restore the Array From Adjacent Pairs,restore-the-array-from-adjacent-pairs,Medium,75.07734119755978,2055,71,False,"Array, Hash Table, Depth-First Search"
1872,Can You Eat Your Favorite Candy on Your Favorite Day?,can-you-eat-your-favorite-candy-on-your-favorite-day,Medium,36.29250753298053,152,342,False,"Array, Prefix Sum"
1871,Palindrome Partitioning IV,palindrome-partitioning-iv,Hard,45.51602974783034,973,31,False,"String, Dynamic Programming"
1893,Maximum Subarray Sum After One Operation,maximum-subarray-sum-after-one-operation,Medium,65.21011528449237,313,10,True,"Array, Dynamic Programming"
1898,Leetflex Banned Accounts,leetflex-banned-accounts,Medium,61.7401645030225,201,18,True,Database
1848,Sum of Unique Elements,sum-of-unique-elements,Easy,80.06794478891977,1706,35,False,"Array, Hash Table, Counting"
1849,Maximum Absolute Sum of Any Subarray,maximum-absolute-sum-of-any-subarray,Medium,70.88300558846262,2026,52,False,"Array, Dynamic Programming"
1850,Minimum Length of String After Deleting Similar Ends,minimum-length-of-string-after-deleting-similar-ends,Medium,56.121232156983126,1329,113,False,"Two Pointers, String"
1851,Maximum Number of Events That Can Be Attended II,maximum-number-of-events-that-can-be-attended-ii,Hard,63.45143851651059,2566,54,False,"Array, Binary Search, Dynamic Programming, Sorting"
1878,Check if Array Is Sorted and Rotated,check-if-array-is-sorted-and-rotated,Easy,57.452763019422406,5208,298,False,Array
1879,Maximum Score From Removing Stones,maximum-score-from-removing-stones,Medium,68.64344328841038,994,58,False,"Math, Greedy, Heap (Priority Queue)"
1880,Largest Merge Of Two Strings,largest-merge-of-two-strings,Medium,54.200408631977695,619,87,False,"Two Pointers, String, Greedy"
1881,Closest Subsequence Sum,closest-subsequence-sum,Hard,43.959186130508066,1018,74,False,"Array, Two Pointers, Dynamic Programming, Bit Manipulation, Sorting, Bitmask"
1903,Design Most Recently Used Queue,design-most-recently-used-queue,Medium,78.29385222786239,338,28,True,"Array, Linked List, Divide and Conquer, Design, Simulation, Doubly-Linked List"
1908,Recyclable and Low Fat Products,recyclable-and-low-fat-products,Easy,88.62034802380333,3402,132,False,Database
1884,Minimum Changes To Make Alternating Binary String,minimum-changes-to-make-alternating-binary-string,Easy,67.83652944724436,1843,55,False,String
1885,Count Number of Homogenous Substrings,count-number-of-homogenous-substrings,Medium,57.3615116687063,1589,104,False,"Math, String"
1886,Minimum Limit of Balls in a Bag,minimum-limit-of-balls-in-a-bag,Medium,66.18288229787737,2869,108,False,"Array, Binary Search"
1887,Minimum Degree of a Connected Trio in a Graph,minimum-degree-of-a-connected-trio-in-a-graph,Hard,44.58642746856849,363,295,False,"Graph Theory, Enumeration"
1909,Buildings With an Ocean View,buildings-with-an-ocean-view,Medium,80.8713479302489,1324,151,True,"Array, Stack, Monotonic Stack"
1873,Longest Nice Substring,longest-nice-substring,Easy,64.45458476671163,1525,986,False,"Hash Table, String, Divide and Conquer, Bit Manipulation, Sliding Window"
1874,Form Array by Concatenating Subarrays of Another Array,form-array-by-concatenating-subarrays-of-another-array,Medium,54.972446824947205,351,45,False,"Array, Two Pointers, Greedy, String Matching"
1876,Map of Highest Peak,map-of-highest-peak,Medium,75.9556804481464,1574,116,False,"Array, Breadth-First Search, Matrix"
1875,Tree of Coprimes,tree-of-coprimes,Hard,44.33672694119435,430,37,False,"Array, Math, Tree, Depth-First Search, Number Theory"
1914,Find the Subtasks That Did Not Execute,find-the-subtasks-that-did-not-execute,Hard,78.44227005870842,189,15,True,Database
1894,Merge Strings Alternately,merge-strings-alternately,Easy,82.1066061698951,4995,147,False,"Two Pointers, String"
1895,Minimum Number of Operations to Move All Balls to Each Box,minimum-number-of-operations-to-move-all-balls-to-each-box,Medium,90.14125925536943,3147,140,False,"Array, String, Prefix Sum"
1896,Maximum Score from Performing Multiplication Operations,maximum-score-from-performing-multiplication-operations,Hard,43.43484852345402,2604,514,False,"Array, Dynamic Programming"
1897,Maximize Palindrome Length From Subsequences,maximize-palindrome-length-from-subsequences,Hard,38.59073408955841,570,18,False,"String, Dynamic Programming"
1919,Sort Features by Popularity,sort-features-by-popularity,Medium,66.56084656084657,92,43,True,"Array, Hash Table, String, Sorting"
1899,Count Items Matching a Rule,count-items-matching-a-rule,Easy,85.38049183557648,2053,291,False,"Array, String"
1900,Closest Dessert Cost,closest-dessert-cost,Medium,48.81941971685719,742,95,False,"Array, Dynamic Programming, Backtracking"
1901,Equal Sum Arrays With Minimum Number of Operations,equal-sum-arrays-with-minimum-number-of-operations,Medium,54.669600868202096,970,49,False,"Array, Hash Table, Greedy, Counting"
1902,Car Fleet II,car-fleet-ii,Hard,58.15482069270851,977,41,False,"Array, Math, Stack, Heap (Priority Queue), Monotonic Stack"
1926,Product's Price for Each Store,products-price-for-each-store,Easy,82.1207860576137,142,13,True,Database
1931,Shortest Path in a Hidden Grid,shortest-path-in-a-hidden-grid,Medium,44.65482233502538,208,89,True,"Array, Depth-First Search, Breadth-First Search, Matrix, Interactive"
1888,Find Nearest Point That Has the Same X or Y Coordinate,find-nearest-point-that-has-the-same-x-or-y-coordinate,Easy,70.0414937759336,882,192,False,Array
1889,Check if Number is a Sum of Powers of Three,check-if-number-is-a-sum-of-powers-of-three,Medium,79.41486615226862,1681,68,False,Math
1890,Sum of Beauty of All Substrings,sum-of-beauty-of-all-substrings,Medium,74.26131857999077,1629,224,False,"Hash Table, String, Counting"
1891,Count Pairs Of Nodes,count-pairs-of-nodes,Hard,42.793203481143806,350,172,False,"Array, Hash Table, Two Pointers, Binary Search, Graph Theory, Sorting, Counting"
1932,Grand Slam Titles,grand-slam-titles,Medium,83.02210365853658,246,10,True,Database
1910,Check if Binary String Has at Most One Segment of Ones,check-if-binary-string-has-at-most-one-segment-of-ones,Easy,49.17682438156881,660,1159,False,String
1911,Minimum Elements to Add to Form a Given Sum,minimum-elements-to-add-to-form-a-given-sum,Medium,45.254570030895984,290,196,False,"Array, Greedy"
1912,Number of Restricted Paths From First to Last Node,number-of-restricted-paths-from-first-to-last-node,Medium,41.41229492176273,1213,236,False,"Dynamic Programming, Graph Theory, Topological Sort, Heap (Priority Queue), Shortest Path"
1913,Make the XOR of All Segments Equal to Zero,make-the-xor-of-all-segments-equal-to-zero,Hard,40.80180688876341,427,27,False,"Array, Hash Table, Dynamic Programming, Bit Manipulation, Counting"
1937,Maximize the Beauty of the Garden,maximize-the-beauty-of-the-garden,Hard,65.0103519668737,82,6,True,"Array, Hash Table, Greedy, Prefix Sum"
1942,Primary Department for Each Employee,primary-department-for-each-employee,Easy,74.66909384466594,886,273,False,Database
1915,Check if One String Swap Can Make Strings Equal,check-if-one-string-swap-can-make-strings-equal,Easy,49.525800167782855,1718,87,False,"Hash Table, String, Counting"
1916,Find Center of Star Graph,find-center-of-star-graph,Easy,86.6045708434895,2012,183,False,Graph Theory
1917,Maximum Average Pass Ratio,maximum-average-pass-ratio,Medium,74.08596742368555,1945,140,False,"Array, Greedy, Heap (Priority Queue)"
1918,Maximum Score of a Good Subarray,maximum-score-of-a-good-subarray,Hard,64.1753350495685,2022,50,False,"Array, Two Pointers, Binary Search, Stack, Monotonic Stack"
1943,Count Pairs of Equal Substrings With Minimum Difference,count-pairs-of-equal-substrings-with-minimum-difference,Medium,64.03553299492386,48,62,True,"Hash Table, String, Greedy"
1948,Rearrange Products Table,rearrange-products-table,Easy,85.50309247246946,987,68,False,Database
1904,Second Largest Digit in a String,second-largest-digit-in-a-string,Easy,54.696561853060444,611,133,False,"Hash Table, String"
1905,Design Authentication Manager,design-authentication-manager,Medium,58.67159029231605,441,58,False,"Hash Table, Linked List, Design, Doubly-Linked List"
1930,Maximum Number of Consecutive Values You Can Make,maximum-number-of-consecutive-values-you-can-make,Medium,64.2154666163534,870,61,False,"Array, Greedy, Sorting"
1906,Maximize Score After N Operations,maximize-score-after-n-operations,Hard,57.93815443422579,1726,114,False,"Array, Math, Dynamic Programming, Backtracking, Bit Manipulation, Number Theory, Bitmask"
1927,Maximum Ascending Subarray Sum,maximum-ascending-subarray-sum,Easy,66.30617577135027,1303,44,False,Array
1928,Number of Orders in the Backlog,number-of-orders-in-the-backlog,Medium,54.056219255094874,349,246,False,"Array, Heap (Priority Queue), Simulation"
1929,Maximum Value at a Given Index in a Bounded Array,maximum-value-at-a-given-index-in-a-bounded-array,Medium,38.86085262930102,2736,479,False,"Math, Binary Search, Greedy"
1907,Count Pairs With XOR in a Range,count-pairs-with-xor-in-a-range,Hard,46.39679388190308,559,24,False,"Array, Bit Manipulation, Trie"
1949,Implement Trie II (Prefix Tree),implement-trie-ii-prefix-tree,Medium,63.537252925952224,357,19,True,"Hash Table, String, Design, Trie"
1933,Number of Different Integers in a String,number-of-different-integers-in-a-string,Easy,40.43178861838739,668,106,False,"Hash Table, String"
1935,Minimum Number of Operations to Reinitialize a Permutation,minimum-number-of-operations-to-reinitialize-a-permutation,Medium,72.68521355475212,329,177,False,"Array, Math, Simulation"
1934,Evaluate the Bracket Pairs of a String,evaluate-the-bracket-pairs-of-a-string,Medium,69.68766166580444,522,43,False,"Array, Hash Table, String"
1936,Maximize Number of Nice Divisors,maximize-number-of-nice-divisors,Hard,36.21996176952485,235,173,False,"Math, Recursion, Number Theory"
1958,Ad-Free Sessions,ad-free-sessions,Easy,59.052287581699346,99,61,True,Database
1959,Minimum Path Cost in a Hidden Grid,minimum-path-cost-in-a-hidden-grid,Medium,58.73913498795685,95,33,True,"Array, Depth-First Search, Breadth-First Search, Graph Theory, Heap (Priority Queue), Matrix, Interactive, Shortest Path"
1964,Find Interview Candidates,find-interview-candidates,Medium,60.732647814910024,212,30,True,Database
1920,Determine Color of a Chessboard Square,determine-color-of-a-chessboard-square,Easy,79.91991675557487,906,24,False,"Math, String"
1923,Sentence Similarity III,sentence-similarity-iii,Medium,48.413402199918195,1074,164,False,"Array, Two Pointers, String"
1925,Count Nice Pairs in an Array,count-nice-pairs-in-an-array,Medium,48.441766444885026,2059,93,False,"Array, Hash Table, Math, Counting"
1924,Maximum Number of Groups Getting Fresh Donuts,maximum-number-of-groups-getting-fresh-donuts,Hard,41.48289882803157,359,34,False,"Array, Dynamic Programming, Bit Manipulation, Memoization, Bitmask"
1944,Truncate Sentence,truncate-sentence,Easy,86.94892415005692,1236,34,False,"Array, String"
1945,Finding the Users Active Minutes,finding-the-users-active-minutes,Medium,80.8567301615961,865,320,False,"Array, Hash Table"
1946,Minimum Absolute Sum Difference,minimum-absolute-sum-difference,Medium,32.599410396863234,1109,80,False,"Array, Binary Search, Sorting, Ordered Set"
1947,Number of Different Subsequences GCDs,number-of-different-subsequences-gcds,Hard,46.25241940866315,439,48,False,"Array, Math, Counting, Number Theory"
1969,Maximum Number of Accepted Invitations,maximum-number-of-accepted-invitations,Medium,52.66488538883421,237,68,True,"Array, Depth-First Search, Graph Theory, Matrix"
1974,Find Customers With Positive Revenue this Year,find-customers-with-positive-revenue-this-year,Easy,87.69309273089948,66,26,True,Database
1950,Sign of the Product of an Array,sign-of-the-product-of-an-array,Easy,64.78993097053072,2301,232,False,"Array, Math"
1951,Find the Winner of the Circular Game,find-the-winner-of-the-circular-game,Medium,82.27941819702527,4122,130,False,"Array, Math, Recursion, Queue, Simulation"
1952,Minimum Sideway Jumps,minimum-sideway-jumps,Medium,51.766284480608284,1289,51,False,"Array, Dynamic Programming, Greedy"
1953,Finding MK Average,finding-mk-average,Hard,38.800247697598124,530,142,False,"Design, Queue, Heap (Priority Queue), Data Stream, Ordered Set"
1980,Faulty Sensor,faulty-sensor,Easy,50.5306645772491,72,85,True,"Array, Two Pointers"
1938,Minimum Operations to Make the Array Increasing,minimum-operations-to-make-the-array-increasing,Easy,82.11575176184976,1328,69,False,"Array, Greedy"
1939,Queries on Number of Points Inside a Circle,queries-on-number-of-points-inside-a-circle,Medium,86.84914701254367,1203,90,False,"Array, Math, Geometry"
1940,Maximum XOR for Each Query,maximum-xor-for-each-query,Medium,84.66712239885062,1271,194,False,"Array, Bit Manipulation, Prefix Sum"
1941,Minimum Number of Operations to Make String Sorted,minimum-number-of-operations-to-make-string-sorted,Hard,50.45179401701903,190,132,False,"Hash Table, Math, String, Combinatorics, Counting"
1981,Maximum Transaction Each Day,maximum-transaction-each-day,Medium,82.51982124837826,96,3,True,Database
1960,Check if the Sentence Is Pangram,check-if-the-sentence-is-pangram,Easy,84.24633573132883,3042,67,False,"Hash Table, String"
1961,Maximum Ice Cream Bars,maximum-ice-cream-bars,Medium,77.2148970087062,2495,689,False,"Array, Greedy, Sorting, Counting Sort"
1962,Single-Threaded CPU,single-threaded-cpu,Medium,47.782145196831635,3524,294,False,"Array, Sorting, Heap (Priority Queue)"
1963,Find XOR Sum of All Pairs Bitwise AND,find-xor-sum-of-all-pairs-bitwise-and,Hard,62.69896034593799,631,51,False,"Array, Math, Bit Manipulation"
1982,Remove Duplicates From an Unsorted Linked List,remove-duplicates-from-an-unsorted-linked-list,Medium,75.74170046567524,408,12,True,"Hash Table, Linked List"
1965,Sum of Digits in Base K,sum-of-digits-in-base-k,Easy,78.76396728487501,568,51,False,Math
1966,Frequency of the Most Frequent Element,frequency-of-the-most-frequent-element,Medium,44.953343171396284,5836,315,False,"Array, Binary Search, Greedy, Sliding Window, Sorting, Prefix Sum"
1967,Longest Substring Of All Vowels in Order,longest-substring-of-all-vowels-in-order,Medium,52.01234381406591,861,31,False,"String, Sliding Window"
1968,Maximum Building Height,maximum-building-height,Hard,67.0779986180547,741,37,False,"Array, Math, Sorting"
1991,League Statistics,league-statistics,Medium,53.385366480375154,114,98,True,Database
1997,Next Palindrome Using Same Digits,next-palindrome-using-same-digits,Hard,54.3357017342807,126,19,True,"Two Pointers, String"
1998,Suspicious Bank Accounts,suspicious-bank-accounts,Medium,44.06497531856274,104,59,True,Database
1954,Replace All Digits with Characters,replace-all-digits-with-characters,Easy,82.84239615782182,900,117,False,String
1955,Seat Reservation Manager,seat-reservation-manager,Medium,67.29123674660215,1483,92,False,"Design, Heap (Priority Queue)"
1956,Maximum Element After Decreasing and Rearranging,maximum-element-after-decreasing-and-rearranging,Medium,69.11162820031933,1321,290,False,"Array, Greedy, Sorting"
1957,Closest Room,closest-room,Hard,41.436050860134635,541,21,False,"Array, Binary Search, Sorting, Ordered Set"
1975,Minimum Distance to the Target Element,minimum-distance-to-the-target-element,Easy,64.44707557311794,630,86,False,Array
1976,Splitting a String Into Descending Consecutive Values,splitting-a-string-into-descending-consecutive-values,Medium,37.698808740152465,560,128,False,"String, Backtracking, Enumeration"
1978,Minimum Adjacent Swaps to Reach the Kth Smallest Number,minimum-adjacent-swaps-to-reach-the-kth-smallest-number,Medium,71.9071260217642,816,122,False,"Two Pointers, String, Greedy"
1977,Minimum Interval to Include Each Query,minimum-interval-to-include-each-query,Hard,54.56691020607367,1173,49,False,"Array, Binary Search, Sweep Line, Sorting, Heap (Priority Queue)"
2003,Distinct Numbers in Each Subarray,distinct-numbers-in-each-subarray,Medium,77.34460196292258,157,10,True,"Array, Hash Table, Sliding Window"
2004,Convert Date Format,convert-date-format,Easy,84.88730847670345,69,42,True,Database
1983,Maximum Population Year,maximum-population-year,Easy,64.25581112970579,1567,292,False,"Array, Counting, Prefix Sum"
1984,Maximum Distance Between a Pair of Values,maximum-distance-between-a-pair-of-values,Medium,61.341452625991565,1600,37,False,"Array, Two Pointers, Binary Search"
1985,Maximum Subarray Min-Product,maximum-subarray-min-product,Medium,40.51949052189735,1580,146,False,"Array, Stack, Monotonic Stack, Prefix Sum"
1986,Largest Color Value in a Directed Graph,largest-color-value-in-a-directed-graph,Hard,57.21137195259679,2645,87,False,"Hash Table, String, Dynamic Programming, Graph Theory, Topological Sort, Memoization, Counting"
2009,Longest Word With All Prefixes,longest-word-with-all-prefixes,Medium,72.12210733628754,205,7,True,"Array, String, Depth-First Search, Trie"
1970,Sorting the Sentence,sorting-the-sentence,Easy,84.12140508304536,2402,84,False,"String, Sorting"
1971,Incremental Memory Leak,incremental-memory-leak,Medium,72.82791100525091,236,93,False,"Math, Simulation"
1972,Rotating the Box,rotating-the-box,Medium,82.48197170803081,1853,88,False,"Array, Two Pointers, Matrix"
1326,Sum of Floored Pairs,sum-of-floored-pairs,Hard,31.10567780494431,468,39,False,"Array, Math, Binary Search, Counting, Enumeration, Prefix Sum"
1993,Sum of All Subset XOR Totals,sum-of-all-subset-xor-totals,Easy,90.06456241032998,2721,358,False,"Array, Math, Backtracking, Bit Manipulation, Combinatorics, Enumeration"
1994,Minimum Number of Swaps to Make the Binary String Alternating,minimum-number-of-swaps-to-make-the-binary-string-alternating,Medium,44.01878814088703,628,38,False,"String, Greedy"
1995,Finding Pairs With a Certain Sum,finding-pairs-with-a-certain-sum,Medium,61.55409071979337,1046,146,False,"Array, Hash Table, Design"
1996,Number of Ways to Rearrange Sticks With K Sticks Visible,number-of-ways-to-rearrange-sticks-with-k-sticks-visible,Hard,61.81475903614457,774,25,False,"Math, Dynamic Programming, Combinatorics"
2014,Orders With Maximum Quantity Above Average,orders-with-maximum-quantity-above-average,Medium,70.58320262369885,79,283,True,Database
2019,Product of Two Run-Length Encoded Arrays,product-of-two-run-length-encoded-arrays,Medium,59.63397500907154,416,84,True,"Array, Two Pointers"
1999,Longer Contiguous Segments of Ones than Zeros,longer-contiguous-segments-of-ones-than-zeros,Easy,62.62542575715733,580,14,False,String
2000,Minimum Speed to Arrive on Time,minimum-speed-to-arrive-on-time,Medium,47.906002117200075,2475,293,False,"Array, Binary Search"
2001,Jump Game VII,jump-game-vii,Medium,35.59007723972287,2086,131,False,"String, Dynamic Programming, Sliding Window, Prefix Sum"
2002,Stone Game VIII,stone-game-viii,Hard,54.08880851918827,480,25,False,"Array, Math, Dynamic Programming, Prefix Sum, Game Theory"
2024,Calculate Special Bonus,calculate-special-bonus,Easy,57.04294369925732,1198,83,False,Database
2029,Minimize Product Sum of Two Arrays,minimize-product-sum-of-two-arrays,Medium,89.87328442556776,257,28,True,"Array, Greedy, Sorting"
2030,Group Employees of the Same Salary,group-employees-of-the-same-salary,Medium,65.30484235176047,78,6,True,Database
1987,Substrings of Size Three with Distinct Characters,substrings-of-size-three-with-distinct-characters,Easy,76.8712827993318,1719,58,False,"Hash Table, String, Sliding Window, Counting"
1988,Minimize Maximum Pair Sum in Array,minimize-maximum-pair-sum-in-array,Medium,83.26558215779531,2385,553,False,"Array, Two Pointers, Greedy, Sorting"
1990,Get Biggest Three Rhombus Sums in a Grid,get-biggest-three-rhombus-sums-in-a-grid,Medium,71.3391899892788,479,602,False,"Array, Math, Sorting, Heap (Priority Queue), Matrix, Prefix Sum"
1989,Minimum XOR Sum of Two Arrays,minimum-xor-sum-of-two-arrays,Hard,51.438625047874375,724,13,False,"Array, Dynamic Programming, Bit Manipulation, Bitmask"
2010,Check if Word Equals Summation of Two Words,check-if-word-equals-summation-of-two-words,Easy,75.39244689640468,612,42,False,String
2011,Maximum Value after Insertion,maximum-value-after-insertion,Medium,39.506949608190816,401,67,False,"String, Greedy"
2012,Process Tasks Using Servers,process-tasks-using-servers,Medium,42.01690894714433,1044,289,False,"Array, Heap (Priority Queue)"
2013,Minimum Skips to Arrive at Meeting On Time,minimum-skips-to-arrive-at-meeting-on-time,Hard,38.792502179598955,355,54,False,"Array, Dynamic Programming"
2031,Egg Drop With 2 Eggs and N Floors,egg-drop-with-2-eggs-and-n-floors,Medium,74.68705755444188,1551,164,False,"Math, Dynamic Programming"
2036,Count Pairs in Two Arrays,count-pairs-in-two-arrays,Medium,60.31847761782686,246,24,True,"Array, Two Pointers, Binary Search, Sorting"
2015,Determine Whether Matrix Can Be Obtained By Rotation,determine-whether-matrix-can-be-obtained-by-rotation,Easy,68.35525731835045,1860,174,False,"Array, Matrix"
2016,Reduction Operations to Make the Array Elements Equal,reduction-operations-to-make-the-array-elements-equal,Medium,72.58464663084555,1285,52,False,"Array, Sorting"
2017,Minimum Number of Flips to Make the Binary String Alternating,minimum-number-of-flips-to-make-the-binary-string-alternating,Medium,53.54249274585582,1823,122,False,"String, Dynamic Programming, Sliding Window"
2018,Minimum Space Wasted From Packaging,minimum-space-wasted-from-packaging,Hard,33.628870899645726,426,39,False,"Array, Binary Search, Sorting, Prefix Sum"
2041,The Latest Login in 2020,the-latest-login-in-2020,Easy,76.97099444704351,473,20,False,Database
2045,Cutting Ribbons,cutting-ribbons,Medium,53.06047353340371,630,70,True,"Array, Binary Search"
2046,Page Recommendations II,page-recommendations-ii,Hard,45.86472602739726,93,24,True,Database
2005,Check if All the Integers in a Range Are Covered,check-if-all-the-integers-in-a-range-are-covered,Easy,51.18036981044307,680,127,False,"Array, Hash Table, Prefix Sum"
2006,Find the Student that Will Replace the Chalk,find-the-student-that-will-replace-the-chalk,Medium,53.18134429443131,1218,135,False,"Array, Binary Search, Simulation, Prefix Sum"
1311,Largest Magic Square,largest-magic-square,Medium,75.2769979567767,610,335,False,"Array, Matrix, Prefix Sum"
2008,Minimum Cost to Change the Final Value of Expression,minimum-cost-to-change-the-final-value-of-expression,Hard,49.85039441472482,249,43,False,"Math, String, Dynamic Programming, Stack"
2025,Redistribute Characters to Make All Strings Equal,redistribute-characters-to-make-all-strings-equal,Easy,66.8832626590172,1174,85,False,"Hash Table, String, Counting"
2027,Maximum Number of Removable Characters,maximum-number-of-removable-characters,Medium,47.341019365365625,1055,137,False,"Array, Two Pointers, String, Binary Search"
2026,Merge Triplets to Form Target Triplet,merge-triplets-to-form-target-triplet,Medium,69.15809621598093,954,82,False,"Array, Greedy"
2028,The Earliest and Latest Rounds Where Players Compete,the-earliest-and-latest-rounds-where-players-compete,Hard,72.23069105691057,522,80,False,"Dynamic Programming, Memoization"
2047,Find a Peak Element II,find-a-peak-element-ii,Medium,55.121419149727735,2767,165,False,"Array, Binary Search, Matrix"
2052,Depth of BST Given Insertion Order,depth-of-bst-given-insertion-order,Medium,42.65714685706286,111,12,True,"Array, Tree, Binary Search Tree, Binary Tree, Ordered Set"
2032,Largest Odd Number in String,largest-odd-number-in-string,Easy,67.68997279690502,2621,150,False,"Math, String, Greedy"
2033,The Number of Full Rounds You Have Played,the-number-of-full-rounds-you-have-played,Medium,43.4466261337586,232,265,False,"Math, String"
2035,Count Sub Islands,count-sub-islands,Medium,73.06517642471896,2667,92,False,"Array, Depth-First Search, Breadth-First Search, Union-Find, Matrix"
2034,Minimum Absolute Difference Queries,minimum-absolute-difference-queries,Medium,45.87061141436,556,46,False,"Array, Prefix Sum"
2057,Count Salary Categories,count-salary-categories,Medium,64.6939643819519,766,115,False,Database
2062,Game of Nim,game-of-nim,Medium,62.83529411764705,105,40,True,"Array, Math, Dynamic Programming, Bit Manipulation, Brainteaser, Game Theory"
2020,Remove One Element to Make the Array Strictly Increasing,remove-one-element-to-make-the-array-strictly-increasing,Easy,29.934909308785883,1325,349,False,Array
2021,Remove All Occurrences of a Substring,remove-all-occurrences-of-a-substring,Medium,78.55730904465509,2639,90,False,"String, Stack, Simulation"
2022,Maximum Alternating Subsequence Sum,maximum-alternating-subsequence-sum,Medium,59.170273609275235,1454,34,False,"Array, Dynamic Programming"
2023,Design Movie Rental System,design-movie-rental-system,Hard,62.18790262140745,553,87,False,"Array, Hash Table, Design, Heap (Priority Queue), Ordered Set"
2042,Maximum Product Difference Between Two Pairs,maximum-product-difference-between-two-pairs,Easy,83.07440652105184,1597,70,False,"Array, Sorting"
2043,Cyclically Rotating a Grid,cyclically-rotating-a-grid,Medium,74.09923056513664,461,306,False,"Array, Matrix, Simulation"
2044,Number of Wonderful Substrings,number-of-wonderful-substrings,Medium,66.60552067879355,1845,284,False,"Hash Table, String, Bit Manipulation, Prefix Sum"
1313,Count Ways to Build Rooms in an Ant Colony,count-ways-to-build-rooms-in-an-ant-colony,Hard,51.720147759134804,527,57,False,"Array, Math, Dynamic Programming, Tree, Depth-First Search, Graph Theory, Topological Sort, Combinatorics"
2063,Leetcodify Friends Recommendations,leetcodify-friends-recommendations,Hard,28.8315054205253,69,61,True,Database
2069,Kth Smallest Subarray Sum,kth-smallest-subarray-sum,Medium,53.41180635454465,225,14,True,"Array, Binary Search, Sliding Window"
2064,Leetcodify Similar Friends,leetcodify-similar-friends,Hard,43.30610021786492,61,6,True,Database
2048,Build Array from Permutation,build-array-from-permutation,Easy,91.09578858911438,4069,494,False,"Array, Simulation"
2049,Eliminate Maximum Number of Monsters,eliminate-maximum-number-of-monsters,Medium,51.18647253766596,1591,238,False,"Array, Greedy, Sorting"
2050,Count Good Numbers,count-good-numbers,Medium,57.78949048429101,2516,601,False,"Math, Recursion"
2051,Longest Common Subpath,longest-common-subpath,Hard,29.929311838171607,519,39,False,"Array, Binary Search, Rolling Hash, Suffix Array, Hash Function"
2074,Erect the Fence II,erect-the-fence-ii,Hard,51.48465022647207,15,44,True,"Array, Math, Geometry"
2037,Count Square Sum Triples,count-square-sum-triples,Easy,77.17029682909534,744,65,False,"Math, Enumeration"
2038,Nearest Exit from Entrance in Maze,nearest-exit-from-entrance-in-maze,Medium,48.695166256989275,2659,128,False,"Array, Breadth-First Search, Matrix"
2039,Sum Game,sum-game,Medium,49.445311391686765,545,93,False,"Math, String, Greedy, Game Theory"
2040,Minimum Cost to Reach Destination in Time,minimum-cost-to-reach-destination-in-time,Hard,41.814202889531934,989,23,False,"Array, Dynamic Programming, Graph Theory"
2058,Concatenation of Array,concatenation-of-array,Easy,90.21337654684739,4261,466,False,"Array, Simulation"
2059,Unique Length-3 Palindromic Subsequences,unique-length-3-palindromic-subsequences,Medium,73.76893731446972,2871,108,False,"Hash Table, String, Bit Manipulation, Prefix Sum"
2061,Painting a Grid With Three Different Colors,painting-a-grid-with-three-different-colors,Hard,77.05199871310224,944,58,False,Dynamic Programming
2060,Merge BSTs to Create Single BST,merge-bsts-to-create-single-bst,Hard,39.37501440324476,669,48,False,"Array, Hash Table, Tree, Depth-First Search, Binary Search Tree, Binary Tree"
2070,Check if String Is Decomposable Into Value-Equal Substrings,check-if-string-is-decomposable-into-value-equal-substrings,Easy,50.948766603415564,61,15,True,String
2087,Confirmation Rate,confirmation-rate,Medium,62.14320404098398,1619,134,False,Database
1264,Maximum Number of Words You Can Type,maximum-number-of-words-you-can-type,Easy,82.91454805746163,1000,40,False,"Hash Table, String"
2066,Add Minimum Number of Rungs,add-minimum-number-of-rungs,Medium,44.060053016699044,395,31,False,"Array, Greedy"
2067,Maximum Number of Points with Cost,maximum-number-of-points-with-cost,Medium,41.693081938215656,3280,243,False,"Array, Dynamic Programming, Matrix"
2068,Maximum Genetic Difference Query,maximum-genetic-difference-query,Hard,47.559929057726414,421,24,False,"Array, Hash Table, Bit Manipulation, Depth-First Search, Trie"
2092,Users That Actively Request Confirmation Messages,users-that-actively-request-confirmation-messages,Easy,56.84169884169884,67,49,True,Database
2071,Longest Common Subsequence Between Sorted Arrays,longest-common-subsequence-between-sorted-arrays,Medium,81.27296304300843,191,7,True,"Array, Hash Table, Counting"
2053,Check if All Characters Have Equal Number of Occurrences,check-if-all-characters-have-equal-number-of-occurrences,Easy,79.59451651872472,1043,29,False,"Hash Table, String, Counting"
2054,The Number of the Smallest Unoccupied Chair,the-number-of-the-smallest-unoccupied-chair,Medium,60.31451109683067,1461,78,False,"Array, Hash Table, Heap (Priority Queue)"
2055,Describe the Painting,describe-the-painting,Medium,52.53934369259793,562,49,False,"Array, Hash Table, Sorting, Prefix Sum"
1305,Number of Visible People in a Queue,number-of-visible-people-in-a-queue,Hard,73.24805097369766,2254,68,False,"Array, Stack, Monotonic Stack"
2076,Sum of Digits of String After Convert,sum-of-digits-of-string-after-convert,Easy,74.82966141931347,1215,104,False,"String, Simulation"
2077,Largest Number After Mutating Substring,largest-number-after-mutating-substring,Medium,38.255920174267445,239,233,False,"Array, String, Greedy"
2078,Maximum Compatibility Score Sum,maximum-compatibility-score-sum,Medium,64.63015937883122,836,32,False,"Array, Dynamic Programming, Backtracking, Bit Manipulation, Bitmask"
2079,Delete Duplicate Folders in System,delete-duplicate-folders-in-system,Hard,77.38144911192558,628,143,False,"Array, Hash Table, String, Depth-First Search, Trie, Sorting, Hash Function"
2097,Strong Friendship,strong-friendship,Medium,54.648446250840074,167,86,True,Database
2072,Maximum of Minimum Values in All Subarrays,maximum-of-minimum-values-in-all-subarrays,Medium,48.12069878242456,147,56,True,"Array, Stack, Monotonic Stack"
2098,All the Pairs With the Maximum Number of Common Followers,all-the-pairs-with-the-maximum-number-of-common-followers,Medium,69.70598110221114,101,7,True,Database
2083,Three Divisors,three-divisors,Easy,64.46550610161162,642,37,False,"Math, Enumeration, Number Theory"
2084,Maximum Number of Weeks for Which You Can Work,maximum-number-of-weeks-for-which-you-can-work,Medium,42.55605198473593,701,163,False,"Array, Greedy"
1295,Minimum Garden Perimeter to Collect Enough Apples,minimum-garden-perimeter-to-collect-enough-apples,Medium,55.773660234426984,409,99,False,"Math, Binary Search"
2086,Count Number of Special Subsequences,count-number-of-special-subsequences,Hard,53.07143333555659,550,11,False,"Array, Dynamic Programming"
2073,Minimum Time For K Virus Variants to Spread,minimum-time-for-k-virus-variants-to-spread,Hard,50.65982404692082,32,7,True,"Array, Math, Binary Search, Geometry, Sliding Window, Enumeration, Ordered Set"
1302,Delete Characters to Make Fancy String,delete-characters-to-make-fancy-string,Easy,74.0478390972487,1180,54,False,String
2080,Check if Move is Legal,check-if-move-is-legal,Medium,50.15407701170985,181,283,False,"Array, Matrix, Enumeration"
2081,Minimum Total Space Wasted With K Resizing Operations,minimum-total-space-wasted-with-k-resizing-operations,Medium,44.061450573204155,599,64,False,"Array, Dynamic Programming, Prefix Sum"
1336,Maximum Product of the Length of Two Palindromic Substrings,maximum-product-of-the-length-of-two-palindromic-substrings,Hard,31.294621608757733,259,43,False,"Two Pointers, String, Rolling Hash, Hash Function"
2093,Check If String Is a Prefix of Array,check-if-string-is-a-prefix-of-array,Easy,52.92527503234782,560,110,False,"Array, Two Pointers, String"
2094,Remove Stones to Minimize the Total,remove-stones-to-minimize-the-total,Medium,65.84870746206148,1977,184,False,"Array, Greedy, Heap (Priority Queue)"
2095,Minimum Number of Swaps to Make the String Balanced,minimum-number-of-swaps-to-make-the-string-balanced,Medium,78.01890510537939,2577,152,False,"Two Pointers, String, Stack, Greedy"
2096,Find the Longest Valid Obstacle Course at Each Position,find-the-longest-valid-obstacle-course-at-each-position,Hard,62.520507882159926,1910,75,False,"Array, Binary Search, Binary Indexed Tree"
2110,Employees With Missing Information,employees-with-missing-information,Easy,73.27067920799097,802,41,False,Database
2111,Binary Searchable Numbers in an Unsorted Array,binary-searchable-numbers-in-an-unsorted-array,Medium,63.97363176452553,81,13,True,"Array, Binary Search, Stack, Monotonic Stack"
2099,Number of Strings That Appear as Substrings in Word,number-of-strings-that-appear-as-substrings-in-word,Easy,82.66443189297577,765,43,False,"Array, String"
2085,Array With Elements Not Equal to Average of Neighbors,array-with-elements-not-equal-to-average-of-neighbors,Medium,50.83969618629632,665,59,False,"Array, Greedy, Sorting"
2100,Minimum Non-Zero Product of the Array Elements,minimum-non-zero-product-of-the-array-elements,Medium,37.466403074257535,292,400,False,"Math, Greedy, Recursion"
2101,Last Day Where You Can Still Cross,last-day-where-you-can-still-cross,Hard,68.73008483343679,2402,48,False,"Array, Binary Search, Depth-First Search, Breadth-First Search, Union-Find, Matrix"
2121,Find if Path Exists in Graph,find-if-path-exists-in-graph,Easy,55.35102172665181,4361,256,False,"Depth-First Search, Breadth-First Search, Union-Find, Graph Theory"
2120,First and Last Call On the Same Day,first-and-last-call-on-the-same-day,Hard,51.29017839001991,139,44,True,Database
2126,Count Nodes Equal to Sum of Descendants,count-nodes-equal-to-sum-of-descendants,Medium,77.31275401586994,184,10,True,"Tree, Depth-First Search, Binary Tree"
2088,Minimum Time to Type Word Using Special Typewriter,minimum-time-to-type-word-using-special-typewriter,Easy,78.8389813056312,800,38,False,"String, Greedy"
2089,Maximum Matrix Sum,maximum-matrix-sum,Medium,67.53121183335595,1627,75,False,"Array, Greedy, Matrix"
2090,Number of Ways to Arrive at Destination,number-of-ways-to-arrive-at-destination,Medium,37.54744533645452,3948,229,False,"Dynamic Programming, Graph Theory, Topological Sort, Shortest Path"
2091,Number of Ways to Separate Numbers,number-of-ways-to-separate-numbers,Hard,21.79411329684958,539,61,False,"String, Dynamic Programming, Prefix Sum"
2127,Employees Whose Manager Left the Company,employees-whose-manager-left-the-company,Easy,48.72779687723822,644,55,False,Database
2106,Find Greatest Common Divisor of Array,find-greatest-common-divisor-of-array,Easy,80.07662597334857,1320,55,False,"Array, Math, Number Theory"
2107,Find Unique Binary String,find-unique-binary-string,Medium,81.23746922823135,2861,100,False,"Array, Hash Table, String, Backtracking"
2108,Minimize the Difference Between Target and Chosen Elements,minimize-the-difference-between-target-and-chosen-elements,Medium,37.07221691949847,1067,146,False,"Array, Dynamic Programming, Matrix"
2109,Find Array Given Subset Sums,find-array-given-subset-sums,Hard,49.556668074069606,644,44,False,"Array, Hash Table, Sorting, Counting"
519,Widest Pair of Indices With Equal Range Sum,widest-pair-of-indices-with-equal-range-sum,Medium,54.078594819886874,104,3,True,"Array, Hash Table, Prefix Sum"
2112,Minimum Difference Between Highest and Lowest of K Scores,minimum-difference-between-highest-and-lowest-of-k-scores,Easy,66.34047098316465,1473,379,False,"Array, Sliding Window, Sorting"
2113,Find the Kth Largest Integer in the Array,find-the-kth-largest-integer-in-the-array,Medium,48.090062533370734,1383,160,False,"Array, String, Divide and Conquer, Sorting, Heap (Priority Queue), Quickselect"
2114,Minimum Number of Work Sessions to Finish the Tasks,minimum-number-of-work-sessions-to-finish-the-tasks,Medium,35.043418090383696,1196,71,False,"Array, Dynamic Programming, Backtracking, Bit Manipulation, Bitmask"
2115,Number of Unique Good Subsequences,number-of-unique-good-subsequences,Hard,52.465852774084375,754,17,False,"String, Dynamic Programming"
2136,Find Cutoff Score for Each School,find-cutoff-score-for-each-school,Medium,67.08294062205466,83,162,True,Database
1979,Maximum Number of People That Can Be Caught in Tag,maximum-number-of-people-that-can-be-caught-in-tag,Medium,49.59958217270195,76,11,True,"Array, Two Pointers, Greedy"
2143,Count the Number of Experiments,count-the-number-of-experiments,Medium,48.90454214233665,27,203,True,Database
2102,Find the Middle Index in Array,find-the-middle-index-in-array,Easy,69.96283441105616,1591,80,False,"Array, Prefix Sum"
2103,Find All Groups of Farmland,find-all-groups-of-farmland,Medium,75.52768817062838,1447,92,False,"Array, Depth-First Search, Breadth-First Search, Matrix"
2104,Operations on Tree,operations-on-tree,Medium,45.52644235051032,524,85,False,"Array, Hash Table, Tree, Depth-First Search, Breadth-First Search, Design"
2105,The Number of Good Subsets,the-number-of-good-subsets,Hard,37.39269187809159,514,17,False,"Array, Hash Table, Math, Dynamic Programming, Bit Manipulation, Counting, Number Theory, Bitmask"
2122,Count Special Quadruplets,count-special-quadruplets,Easy,64.82189190820041,716,245,False,"Array, Hash Table, Enumeration"
2123,The Number of Weak Characters in the Game,the-number-of-weak-characters-in-the-game,Medium,44.59255177344047,3112,100,False,"Array, Stack, Greedy, Sorting, Monotonic Stack"
2124,First Day Where You Have Been in All the Rooms,first-day-where-you-have-been-in-all-the-rooms,Medium,40.50721732157177,516,104,False,"Array, Dynamic Programming"
2125,GCD Sort of an Array,gcd-sort-of-an-array,Hard,50.32351057014735,542,15,False,"Array, Math, Union-Find, Sorting, Number Theory"
2141,Smallest Greater Multiple Made of Two Digits,smallest-greater-multiple-made-of-two-digits,Medium,48.027138011069454,32,11,True,"Math, Enumeration"
2128,Reverse Prefix of Word,reverse-prefix-of-word,Easy,86.49096089279281,1533,46,False,"Two Pointers, String, Stack"
2129,Number of Pairs of Interchangeable Rectangles,number-of-pairs-of-interchangeable-rectangles,Medium,52.510640497647884,584,49,False,"Array, Hash Table, Math, Counting, Number Theory"
2130,Maximum Product of the Length of Two Palindromic Subsequences,maximum-product-of-the-length-of-two-palindromic-subsequences,Medium,62.686777117849324,1019,91,False,"String, Dynamic Programming, Backtracking, Bit Manipulation, Bitmask"
2131,Smallest Missing Genetic Value in Each Subtree,smallest-missing-genetic-value-in-each-subtree,Hard,48.02493086226111,487,23,False,"Array, Dynamic Programming, Tree, Depth-First Search, Union-Find"
2152,The Number of Seniors and Juniors to Join the Company,the-number-of-seniors-and-juniors-to-join-the-company,Hard,46.43574297188755,119,15,True,Database
2153,Subtree Removal Game with Fibonacci Tree,subtree-removal-game-with-fibonacci-tree,Hard,57.78863775198534,16,50,True,"Math, Dynamic Programming, Tree, Binary Tree, Game Theory"
2116,Count Number of Pairs With Absolute Difference K,count-number-of-pairs-with-absolute-difference-k,Easy,85.42927412781364,1811,50,False,"Array, Hash Table, Counting"
2117,Find Original Array From Doubled Array,find-original-array-from-doubled-array,Medium,40.838596117196495,2576,120,False,"Array, Hash Table, Greedy, Sorting"
2118,Maximum Earnings From Taxi,maximum-earnings-from-taxi,Medium,46.60252168798706,1422,26,False,"Array, Hash Table, Binary Search, Dynamic Programming, Sorting"
2119,Minimum Number of Operations to Make Array Continuous,minimum-number-of-operations-to-make-array-continuous,Hard,51.773792457798194,2001,54,False,"Array, Hash Table, Binary Search, Sliding Window"
2158,The Number of Seniors and Juniors to Join the Company II,the-number-of-seniors-and-juniors-to-join-the-company-ii,Hard,66.06938954765042,41,10,True,Database
2137,Final Value of Variable After Performing Operations,final-value-of-variable-after-performing-operations,Easy,90.6120995573993,2039,217,False,"Array, String, Simulation"
2138,Sum of Beauty in the Array,sum-of-beauty-in-the-array,Medium,51.57310774983526,688,79,False,Array
2139,Detect Squares,detect-squares,Medium,52.726989624275134,1019,259,False,"Array, Hash Table, Design, Counting, Data Stream"
2140,Longest Subsequence Repeated k Times,longest-subsequence-repeated-k-times,Hard,71.16219887874787,835,117,False,"Hash Table, Two Pointers, String, Backtracking, Counting, Enumeration"
2142,Average Height of Buildings in Each Segment,average-height-of-buildings-in-each-segment,Medium,58.66441251056636,55,29,True,"Array, Sorting, Heap (Priority Queue), Prefix Sum"
2144,Maximum Difference Between Increasing Elements,maximum-difference-between-increasing-elements,Easy,66.62134295220005,1525,44,False,Array
2145,Grid Game,grid-game,Medium,60.860276809683555,1818,95,False,"Array, Matrix, Prefix Sum"
2146,Check if Word Can Be Placed In Crossword,check-if-word-can-be-placed-in-crossword,Medium,50.88052065569207,335,311,False,"Array, Matrix, Enumeration"
2147,The Score of Students Solving Math Expression,the-score-of-students-solving-math-expression,Hard,34.475229095074454,282,85,False,"Array, Hash Table, Math, String, Dynamic Programming, Stack, Memoization"
2167,Number of Accounts That Did Not Stream,number-of-accounts-that-did-not-stream,Medium,71.97445773363064,29,231,True,Database
2075,Brightest Position on Street,brightest-position-on-street,Medium,60.694043603741434,176,5,True,"Array, Sorting, Prefix Sum, Ordered Set"
2132,Convert 1D Array Into 2D Array,convert-1d-array-into-2d-array,Easy,72.3082158483228,1309,104,False,"Array, Matrix, Simulation"
2133,Number of Pairs of Strings With Concatenation Equal to Target,number-of-pairs-of-strings-with-concatenation-equal-to-target,Medium,75.45885725606274,751,57,False,"Array, Hash Table, String, Counting"
2134,Maximize the Confusion of an Exam,maximize-the-confusion-of-an-exam,Medium,70.17273968041049,3118,56,False,"String, Binary Search, Sliding Window, Prefix Sum"
2135,Maximum Number of Ways to Partition an Array,maximum-number-of-ways-to-partition-an-array,Hard,35.88588208490495,523,59,False,"Array, Hash Table, Counting, Enumeration, Prefix Sum"
2172,Low-Quality Problems,low-quality-problems,Easy,84.11820480404552,56,12,True,Database
2154,Minimum Moves to Convert String,minimum-moves-to-convert-string,Easy,58.086408132530124,541,82,False,"String, Greedy"
2155,Find Missing Observations,find-missing-observations,Medium,57.36960635943766,1130,108,False,"Array, Math, Simulation"
2156,Stone Game IX,stone-game-ix,Medium,30.423921271763817,261,280,False,"Array, Math, Greedy, Counting, Game Theory"
2157,Smallest K-Length Subsequence With Occurrences of a Letter,smallest-k-length-subsequence-with-occurrences-of-a-letter,Hard,39.95288816058992,515,15,False,"String, Stack, Greedy, Monotonic Stack"
510,Count Subarrays With More Ones Than Zeros,count-subarrays-with-more-ones-than-zeros,Medium,49.4676131322094,187,18,True,"Array, Hash Table, Binary Search, Divide and Conquer, Binary Indexed Tree, Segment Tree, Merge Sort, Ordered Set"
2159,Two Out of Three,two-out-of-three,Easy,77.72983664200424,825,55,False,"Array, Hash Table, Bit Manipulation"
2160,Minimum Operations to Make a Uni-Value Grid,minimum-operations-to-make-a-uni-value-grid,Medium,70.74832518903023,1261,79,False,"Array, Math, Sorting, Matrix"
2161,Stock Price Fluctuation ,stock-price-fluctuation,Medium,49.11112302018425,1294,71,False,"Hash Table, Design, Heap (Priority Queue), Data Stream, Ordered Set"
2162,Partition Array Into Two Arrays to Minimize Sum Difference,partition-array-into-two-arrays-to-minimize-sum-difference,Hard,23.727506910102854,3843,260,False,"Array, Two Pointers, Binary Search, Dynamic Programming, Bit Manipulation, Sorting, Ordered Set, Bitmask"
512,Maximum Alternating Subarray Sum,maximum-alternating-subarray-sum,Medium,39.98014977894072,106,6,True,"Array, Dynamic Programming"
2148,Minimum Number of Moves to Seat Everyone,minimum-number-of-moves-to-seat-everyone,Easy,87.17472960130334,1460,346,False,"Array, Greedy, Sorting, Counting Sort"
2149,Remove Colored Pieces if Both Neighbors are the Same Color,remove-colored-pieces-if-both-neighbors-are-the-same-color,Medium,63.1148332567186,1643,127,False,"Math, String, Greedy, Game Theory"
2151,The Time When the Network Becomes Idle,the-time-when-the-network-becomes-idle,Medium,55.810863439554645,758,79,False,"Array, Breadth-First Search, Graph Theory"
2150,Kth Smallest Product of Two Sorted Arrays,kth-smallest-product-of-two-sorted-arrays,Hard,48.75561770274081,1203,76,False,"Array, Binary Search"
2185,Accepted Candidates From the Interviews,accepted-candidates-from-the-interviews,Medium,78.40664985523489,58,28,True,Database
2168,Check if Numbers Are Ascending in a Sentence,check-if-numbers-are-ascending-in-a-sentence,Easy,73.3845417642982,707,25,False,String
2169,Simple Bank System,simple-bank-system,Medium,69.66297182260256,638,320,False,"Array, Hash Table, Design, Simulation"
2170,Count Number of Maximum Bitwise-OR Subsets,count-number-of-maximum-bitwise-or-subsets,Medium,89.50823521876968,1414,98,False,"Array, Backtracking, Bit Manipulation, Enumeration"
2171,Second Minimum Time to Reach Destination,second-minimum-time-to-reach-destination,Hard,62.348781191500215,1342,69,False,"Breadth-First Search, Graph Theory, Shortest Path"
1992,Sort Linked List Already Sorted Using Absolute Values,sort-linked-list-already-sorted-using-absolute-values,Medium,67.07755824240637,175,3,True,"Linked List, Two Pointers, Sorting"
2173,Number of Valid Words in a Sentence,number-of-valid-words-in-a-sentence,Easy,31.28252241130578,359,828,False,String
2174,Next Greater Numerically Balanced Number,next-greater-numerically-balanced-number,Medium,63.09499339304067,560,376,False,"Hash Table, Math, Backtracking, Counting, Enumeration"
2175,Count Nodes With the Highest Score,count-nodes-with-the-highest-score,Medium,52.827110600274374,1195,100,False,"Array, Tree, Depth-First Search, Binary Tree"
2176,Parallel Courses III,parallel-courses-iii,Hard,66.8279298952909,1757,48,False,"Array, Dynamic Programming, Graph Theory, Topological Sort"
2194,The Category of Each Member in the Store,the-category-of-each-member-in-the-store,Medium,70.38853503184713,64,8,True,Database
2082,Minimum Cost to Separate Sentence Into Rows,minimum-cost-to-separate-sentence-into-rows,Medium,51.19869971556278,45,14,True,"String, Dynamic Programming"
2163,Kth Distinct String in an Array,kth-distinct-string-in-an-array,Easy,82.15190701658379,1324,53,False,"Array, Hash Table, String, Counting"
2164,Two Best Non-Overlapping Events,two-best-non-overlapping-events,Medium,63.985091458441204,1866,73,False,"Array, Binary Search, Dynamic Programming, Sorting, Heap (Priority Queue)"
2165,Plates Between Candles,plates-between-candles,Medium,47.54033109187951,1368,74,False,"Array, String, Binary Search, Prefix Sum"
2166,Number of Valid Move Combinations On Chessboard,number-of-valid-move-combinations-on-chessboard,Hard,49.02398676592225,78,298,False,"Array, String, Backtracking, Simulation"
2181,Smallest Index With Equal Value,smallest-index-with-equal-value,Easy,73.38335798755445,462,145,False,Array
2182,Find the Minimum and Maximum Number of Nodes Between Critical Points,find-the-minimum-and-maximum-number-of-nodes-between-critical-points,Medium,69.47230249433258,1407,73,False,Linked List
2183,Minimum Operations to Convert Number,minimum-operations-to-convert-number,Medium,52.06396686608375,685,34,False,"Array, Breadth-First Search"
2184,Check if an Original String Exists Given Two Encoded Strings,check-if-an-original-string-exists-given-two-encoded-strings,Hard,43.494319409045744,327,164,False,"String, Dynamic Programming"
2203,Number of Spaces Cleaning Robot Cleaned,number-of-spaces-cleaning-robot-cleaned,Medium,64.55862977602108,138,30,True,"Array, Matrix, Simulation"
2186,Count Vowel Substrings of a String,count-vowel-substrings-of-a-string,Easy,73.2562074168915,1128,443,False,"Hash Table, String"
2187,Vowels of All Substrings,vowels-of-all-substrings,Medium,55.474825523429715,917,36,False,"Math, String, Dynamic Programming, Combinatorics"
2188,Minimized Maximum of Products Distributed to Any Store,minimized-maximum-of-products-distributed-to-any-store,Medium,63.15911503776831,1851,107,False,"Array, Binary Search, Greedy"
2189,Maximum Path Quality of a Graph,maximum-path-quality-of-a-graph,Hard,62.49069445921515,736,53,False,"Array, Backtracking, Graph Theory"
2208,Account Balance,account-balance,Medium,81.71264511296967,74,2,True,Database
2209,Number of Equal Count Substrings,number-of-equal-count-substrings,Medium,45.658846744135055,113,11,True,"Hash Table, String, Sliding Window, Counting"
2177,Check Whether Two Strings are Almost Equivalent,check-whether-two-strings-are-almost-equivalent,Easy,64.37035733684219,584,24,False,"Hash Table, String, Counting"
2178,Walking Robot Simulation II,walking-robot-simulation-ii,Medium,43.17181887685184,449,377,False,"Design, Simulation"
2179,Most Beautiful Item for Each Query,most-beautiful-item-for-each-query,Medium,62.00927749291498,1274,45,False,"Array, Binary Search, Sorting"
2180,Maximum Number of Tasks You Can Assign,maximum-number-of-tasks-you-can-assign,Hard,50.00838348972878,1107,57,False,"Array, Two Pointers, Binary Search, Greedy, Queue, Sorting, Monotonic Queue"
2214,The Winner University,the-winner-university,Easy,75.57843186247564,71,3,True,Database
2195,Time Needed to Buy Tickets,time-needed-to-buy-tickets,Easy,72.81875637645251,1948,169,False,"Array, Queue, Simulation"
2196,Reverse Nodes in Even Length Groups,reverse-nodes-in-even-length-groups,Medium,64.50962321860267,902,376,False,Linked List
2197,Decode the Slanted Ciphertext,decode-the-slanted-ciphertext,Medium,67.59617021833947,535,119,False,"String, Simulation"
2198,Process Restricted Friend Requests,process-restricted-friend-requests,Hard,60.90002938317925,678,16,False,"Union-Find, Graph Theory"
2218,Paths in Maze That Lead to Same Room,paths-in-maze-that-lead-to-same-room,Medium,56.6863197470734,144,12,True,Graph Theory
2199,Two Furthest Houses With Different Colors,two-furthest-houses-with-different-colors,Easy,71.75927723630903,1330,44,False,"Array, Greedy"
1310,Watering Plants,watering-plants,Medium,79.94546074309737,990,74,False,"Array, Simulation"
1294,Range Frequency Queries,range-frequency-queries,Medium,43.45215010165827,763,29,False,"Array, Hash Table, Binary Search, Design, Segment Tree"
2202,Sum of k-Mirror Numbers,sum-of-k-mirror-numbers,Hard,63.61024033437827,434,210,False,"Math, Enumeration"
2223,The Number of Rich Customers,the-number-of-rich-customers,Easy,77.32965190809585,101,25,True,Database
2225,Substrings That Begin and End With the Same Letter,substrings-that-begin-and-end-with-the-same-letter,Medium,74.43668676610599,137,12,True,"Hash Table, Math, String, Counting, Prefix Sum"
2224,Drop Type 1 Orders for Customers With Type 0 Orders,drop-type-1-orders-for-customers-with-type-0-orders,Medium,86.64447558981546,97,20,True,Database
2190,Count Common Words With One Occurrence,count-common-words-with-one-occurrence,Easy,73.52746056589312,916,21,False,"Array, Hash Table, String, Counting"
2191,Minimum Number of Food Buckets to Feed the Hamsters,minimum-number-of-food-buckets-to-feed-the-hamsters,Medium,48.43562629456012,577,31,False,"String, Dynamic Programming, Greedy"
2192,Minimum Cost Homecoming of a Robot in a Grid,minimum-cost-homecoming-of-a-robot-in-a-grid,Medium,51.82985672927028,754,98,False,"Array, Greedy"
2193,Count Fertile Pyramids in a Land,count-fertile-pyramids-in-a-land,Hard,66.5216531540439,398,22,False,"Array, Dynamic Programming, Matrix"
2210,Find Target Indices After Sorting Array,find-target-indices-after-sorting-array,Easy,78.08955076083488,1974,106,False,"Array, Binary Search, Sorting"
2211,K Radius Subarray Averages,k-radius-subarray-averages,Medium,46.30102415118702,2106,104,False,"Array, Sliding Window"
2212,Removing Minimum and Maximum From Array,removing-minimum-and-maximum-from-array,Medium,56.58780117212937,1053,58,False,"Array, Greedy"
2213,Find All People With Secret,find-all-people-with-secret,Hard,48.41112908702339,1958,90,False,"Depth-First Search, Breadth-First Search, Union-Find, Graph Theory, Sorting"
2230,Minimum Cost to Reach City With Discounts,minimum-cost-to-reach-city-with-discounts,Medium,61.04785707673794,248,23,True,"Graph Theory, Heap (Priority Queue), Shortest Path"
2215,Finding 3-Digit Even Numbers,finding-3-digit-even-numbers,Easy,78.57808095046315,1592,345,False,"Array, Hash Table, Recursion, Sorting, Enumeration"
2216,Delete the Middle Node of a Linked List,delete-the-middle-node-of-a-linked-list,Medium,60.94251517528192,5172,111,False,"Linked List, Two Pointers"
2217,Step-By-Step Directions From a Binary Tree Node to Another,step-by-step-directions-from-a-binary-tree-node-to-another,Medium,56.458425266343056,3279,171,False,"String, Tree, Depth-First Search, Binary Tree"
2201,Valid Arrangement of Pairs,valid-arrangement-of-pairs,Hard,66.60658666540182,1099,56,False,"Array, Depth-First Search, Graph Theory, Eulerian Circuit"
2242,Subsequence of Size K With the Largest Even Sum,subsequence-of-size-k-with-the-largest-even-sum,Medium,35.61525129982669,99,8,True,"Array, Greedy, Sorting"
2204,Find Subsequence of Length K With the Largest Sum,find-subsequence-of-length-k-with-the-largest-sum,Easy,57.29822445644872,1764,184,False,"Array, Hash Table, Sorting, Heap (Priority Queue)"
2205,Find Good Days to Rob the Bank,find-good-days-to-rob-the-bank,Medium,51.81738089321617,1012,54,False,"Array, Dynamic Programming, Prefix Sum"
2206,Detonate the Maximum Bombs,detonate-the-maximum-bombs,Medium,50.246821691850506,3420,163,False,"Array, Math, Depth-First Search, Breadth-First Search, Graph Theory, Geometry"
2207,Sequentially Ordinal Rank Tracker,sequentially-ordinal-rank-tracker,Hard,61.41746304980115,410,48,False,"Design, Heap (Priority Queue), Data Stream, Ordered Set"
2226,Rings and Rods,rings-and-rods,Easy,81.53992780270572,1034,22,False,"Hash Table, String"
2227,Sum of Subarray Ranges,sum-of-subarray-ranges,Medium,61.415936923507175,3049,145,False,"Array, Stack, Monotonic Stack"
2228,Watering Plants II,watering-plants-ii,Medium,48.85903209772409,326,165,False,"Array, Two Pointers, Simulation"
2229,Maximum Fruits Harvested After at Most K Steps,maximum-fruits-harvested-after-at-most-k-steps,Hard,61.0135551447936,1005,43,False,"Array, Binary Search, Sliding Window, Prefix Sum"
2247,Number of Unique Flavors After Sharing K Candies,number-of-unique-flavors-after-sharing-k-candies,Medium,62.35476374903176,124,7,True,"Array, Hash Table, Sliding Window"
2231,Find First Palindromic String in the Array,find-first-palindromic-string-in-the-array,Easy,84.01724961203296,1665,60,False,"Array, Two Pointers, String"
2232,Adding Spaces to a String,adding-spaces-to-a-string,Medium,71.8351696171238,1129,113,False,"Array, Two Pointers, String, Simulation"
2233,Number of Smooth Descent Periods of a Stock,number-of-smooth-descent-periods-of-a-stock,Medium,67.72018678995423,1089,54,False,"Array, Math, Two Pointers, Dynamic Programming, Sliding Window"
2234,Minimum Operations to Make the Array K-Increasing,minimum-operations-to-make-the-array-k-increasing,Hard,40.70617782483441,731,16,False,"Array, Binary Search"
2252,The Airport With the Most Traffic,the-airport-with-the-most-traffic,Medium,71.75456091980993,73,8,True,Database
2258,Elements in Array After Removing and Replacing Elements,elements-in-array-after-removing-and-replacing-elements,Medium,70.22535211267605,66,9,True,Array
2219,Maximum Number of Words Found in Sentences,maximum-number-of-words-found-in-sentences,Easy,86.70362319877802,1914,67,False,"Array, String"
2220,Find All Possible Recipes from Given Supplies,find-all-possible-recipes-from-given-supplies,Medium,56.97955976714562,2697,143,False,"Array, Hash Table, String, Graph Theory, Topological Sort"
2221,Check if a Parentheses String Can Be Valid,check-if-a-parentheses-string-can-be-valid,Medium,45.21260289200673,2045,134,False,"String, Stack, Greedy"
2222,Abbreviating the Product of a Range,abbreviating-the-product-of-a-range,Hard,24.876934788124842,92,162,False,"Math, Number Theory"
2253,Build the Equation,build-the-equation,Hard,57.24066081262092,24,38,True,Database
2238,A Number After a Double Reversal,a-number-after-a-double-reversal,Easy,82.29623093407285,808,49,False,Math
2239,Execution of All Suffix Instructions Staying in a Grid,execution-of-all-suffix-instructions-staying-in-a-grid,Medium,82.17988406640211,571,54,False,"String, Simulation"
2240,Intervals Between Identical Elements,intervals-between-identical-elements,Medium,48.10804215535254,994,46,False,"Array, Hash Table, Prefix Sum"
2241,Recover the Original Array,recover-the-original-array,Hard,41.727058412642975,395,34,False,"Array, Hash Table, Two Pointers, Sorting, Enumeration"
2259,Minimum Operations to Remove Adjacent Ones in Matrix,minimum-operations-to-remove-adjacent-ones-in-matrix,Hard,43.34722667521642,54,13,True,"Array, Depth-First Search, Graph Theory, Matrix"
2243,Check if All A's Appears Before All B's,check-if-all-as-appears-before-all-bs,Easy,73.34862050166642,862,22,False,String
2244,Number of Laser Beams in a Bank,number-of-laser-beams-in-a-bank,Medium,87.00363595074064,2251,223,False,"Array, Math, String, Matrix"
2245,Destroying Asteroids,destroying-asteroids,Medium,59.75636399748419,806,215,False,"Array, Greedy, Sorting"
2246,Maximum Employees to Be Invited to a Meeting,maximum-employees-to-be-invited-to-a-meeting,Hard,61.83212934296526,1699,70,False,"Array, Dynamic Programming, Depth-First Search, Graph Theory, Topological Sort"
2268,Remove All Ones With Row and Column Flips,remove-all-ones-with-row-and-column-flips,Medium,76.18985098142191,482,189,True,"Array, Math, Bit Manipulation, Matrix"
2235,Capitalize the Title,capitalize-the-title,Easy,68.2013609126917,823,55,False,String
2236,Maximum Twin Sum of a Linked List,maximum-twin-sum-of-a-linked-list,Medium,83.24784842217626,4139,130,False,"Linked List, Two Pointers, Stack"
2237,Longest Palindrome by Concatenating Two Letter Words,longest-palindrome-by-concatenating-two-letter-words,Medium,53.473091432079435,2969,79,False,"Array, Hash Table, String, Greedy, Counting"
2200,Stamping the Grid,stamping-the-grid,Hard,35.502398810730455,422,47,False,"Array, Greedy, Matrix, Prefix Sum"
2254,Check if Every Row and Column Contains All Numbers,check-if-every-row-and-column-contains-all-numbers,Easy,54.25044349083148,1087,58,False,"Array, Hash Table, Matrix"
2255,Minimum Swaps to Group All 1's Together II,minimum-swaps-to-group-all-1s-together-ii,Medium,65.68250299856653,2097,43,False,"Array, Sliding Window"
2256,Count Words Obtained After Adding a Letter,count-words-obtained-after-adding-a-letter,Medium,44.12436214424746,728,170,False,"Array, Hash Table, String, Bit Manipulation, Sorting"
2257,Earliest Possible Day of Full Bloom,earliest-possible-day-of-full-bloom,Hard,71.19204575220466,1684,90,False,"Array, Greedy, Sorting"
2273,Pour Water Between Buckets to Make Water Levels Equal,pour-water-between-buckets-to-make-water-levels-equal,Medium,68.62337662337661,119,10,True,"Array, Binary Search"
2260,Divide a String Into Groups of Size k,divide-a-string-into-groups-of-size-k,Easy,76.9473046638401,798,32,False,"String, Simulation"
1303,Minimum Moves to Reach Target Score,minimum-moves-to-reach-target-score,Medium,52.533014003925096,1098,28,False,"Math, Greedy"
2262,Solving Questions With Brainpower,solving-questions-with-brainpower,Medium,60.21285342768849,2960,86,False,"Array, Dynamic Programming"
2263,Maximum Running Time of N Computers,maximum-running-time-of-n-computers,Hard,56.40397219463754,2452,71,False,"Array, Binary Search, Greedy, Sorting"
2281,The Number of Passengers in Each Bus I,the-number-of-passengers-in-each-bus-i,Medium,49.29865341455595,117,12,True,Database
2282,Choose Numbers From Two Arrays in Range,choose-numbers-from-two-arrays-in-range,Hard,52.907854984894264,42,5,True,"Array, Dynamic Programming"
2248,Minimum Cost of Buying Candies With Discount,minimum-cost-of-buying-candies-with-discount,Easy,71.56100296403109,942,32,False,"Array, Greedy, Sorting"
2249,Count the Hidden Sequences,count-the-hidden-sequences,Medium,56.72292352725942,1044,93,False,"Array, Prefix Sum"
2250,K Highest Ranked Items Within a Price Range,k-highest-ranked-items-within-a-price-range,Medium,46.908449817403344,539,169,False,"Array, Breadth-First Search, Sorting, Heap (Priority Queue), Matrix"
2251,Number of Ways to Divide a Long Corridor,number-of-ways-to-divide-a-long-corridor,Hard,54.6087083195964,1341,127,False,"Math, String, Dynamic Programming"
2269,Count Elements With Strictly Smaller and Greater Elements ,count-elements-with-strictly-smaller-and-greater-elements,Easy,60.071094242357724,722,46,False,"Array, Sorting, Counting"
2271,Rearrange Array Elements by Sign,rearrange-array-elements-by-sign,Medium,84.71243867308817,4259,239,False,"Array, Two Pointers, Simulation"
2270,Find All Lonely Numbers in the Array,find-all-lonely-numbers-in-the-array,Medium,63.354710811016886,715,67,False,"Array, Hash Table, Counting"
2272,Maximum Good People Based on Statements,maximum-good-people-based-on-statements,Hard,52.60063591097246,541,83,False,"Array, Backtracking, Bit Manipulation, Enumeration"
2287,Minimum Number of Lines to Cover Points,minimum-number-of-lines-to-cover-points,Medium,44.09173754556501,77,14,True,"Array, Hash Table, Math, Dynamic Programming, Backtracking, Bit Manipulation, Geometry, Bitmask"
2296,The Number of Passengers in Each Bus II,the-number-of-passengers-in-each-bus-ii,Hard,40.472614398718335,86,29,True,Database
2274,Keep Multiplying Found Values by Two,keep-multiplying-found-values-by-two,Easy,75.00248499845668,1070,54,False,"Array, Hash Table, Sorting, Simulation"
2261,All Divisions With the Highest Score of a Binary Array,all-divisions-with-the-highest-score-of-a-binary-array,Medium,65.64157130895897,540,18,False,Array
2275,Find Substring With Given Hash Value,find-substring-with-given-hash-value,Hard,26.45644449889733,448,386,False,"String, Sliding Window, Rolling Hash, Hash Function"
2276,Groups of Strings,groups-of-strings,Hard,27.955242735968238,510,62,False,"Array, Hash Table, String, Bit Manipulation, Union-Find"
2297,Amount of New Area Painted Each Day,amount-of-new-area-painted-each-day,Hard,55.677177478744056,440,44,True,"Array, Segment Tree, Ordered Set"
2302,Order Two Columns Independently,order-two-columns-independently,Medium,61.752387334561895,79,19,True,Database
2264,Minimum Sum of Four Digit Number After Splitting Digits,minimum-sum-of-four-digit-number-after-splitting-digits,Easy,86.3213223666544,1521,148,False,"Math, Greedy, Sorting"
2265,Partition Array According to Given Pivot,partition-array-according-to-given-pivot,Medium,90.76420385467888,1977,134,False,"Array, Two Pointers, Simulation"
2266,Minimum Cost to Set Cooking Time,minimum-cost-to-set-cooking-time,Medium,41.77666639337542,238,648,False,"Math, Enumeration"
2267,Minimum Difference in Sums After Removal of Elements,minimum-difference-in-sums-after-removal-of-elements,Hard,69.62920536892696,1144,44,False,"Array, Dynamic Programming, Heap (Priority Queue)"
2283,Sort Even and Odd Indices Independently,sort-even-and-odd-indices-independently,Easy,63.47274009876046,808,70,False,"Array, Sorting"
2284,Smallest Value of the Rearranged Number,smallest-value-of-the-rearranged-number,Medium,53.623046343190104,686,28,False,"Math, Sorting"
2285,Design Bitset,design-bitset,Medium,32.764741241451276,615,50,False,"Array, Hash Table, String, Design"
2286,Minimum Time to Remove All Cars Containing Illegal Goods,minimum-time-to-remove-all-cars-containing-illegal-goods,Hard,42.042729746477356,704,17,False,"String, Dynamic Programming"
2303,Unique Substrings With Equal Digit Frequency,unique-substrings-with-equal-digit-frequency,Medium,64.63988651750596,104,14,True,"Hash Table, String, Rolling Hash, Counting, Hash Function"
2288,Count Operations to Obtain Zero,count-operations-to-obtain-zero,Easy,79.80572790232145,925,37,False,"Math, Simulation"
2289,Minimum Operations to Make the Array Alternating,minimum-operations-to-make-the-array-alternating,Medium,35.796911438814696,626,344,False,"Array, Hash Table, Greedy, Counting"
2290,Removing Minimum Number of Magic Beans,removing-minimum-number-of-magic-beans,Medium,44.74033485540335,951,50,False,"Array, Greedy, Sorting, Enumeration, Prefix Sum"
2291,Maximum AND Sum of Array,maximum-and-sum-of-array,Hard,50.84343991179713,552,33,False,"Array, Dynamic Programming, Bit Manipulation, Bitmask"
2313,Longest Winning Streak,longest-winning-streak,Hard,54.46293494704992,105,4,True,Database
2314,Remove All Ones With Row and Column Flips II,remove-all-ones-with-row-and-column-flips-ii,Medium,67.39819270038728,94,24,True,"Array, Bit Manipulation, Breadth-First Search, Matrix"
2315,The Change in Global Rankings,the-change-in-global-rankings,Medium,60.994175271379405,48,19,True,Database
2277,Count Equal and Divisible Pairs in an Array,count-equal-and-divisible-pairs-in-an-array,Easy,83.824562016384,1048,69,False,Array
2278,Find Three Consecutive Integers That Sum to a Given Number,find-three-consecutive-integers-that-sum-to-a-given-number,Medium,65.30371070668872,740,233,False,"Math, Simulation"
2279,Maximum Split of Positive Even Integers,maximum-split-of-positive-even-integers,Medium,59.818696648792184,830,75,False,"Math, Backtracking, Greedy"
2280,Count Good Triplets in an Array,count-good-triplets-in-an-array,Hard,65.31635100487966,1038,114,False,"Array, Binary Search, Divide and Conquer, Binary Indexed Tree, Segment Tree, Merge Sort, Ordered Set"
2298,Count Integers With Even Digit Sum,count-integers-with-even-digit-sum,Easy,70.54329313752984,727,44,False,"Math, Simulation"
2299,Merge Nodes in Between Zeros,merge-nodes-in-between-zeros,Medium,89.67605950846175,2514,54,False,"Linked List, Simulation"
2300,Construct String With Repeat Limit,construct-string-with-repeat-limit,Medium,70.82227118826249,1282,103,False,"Hash Table, String, Greedy, Heap (Priority Queue), Counting"
2301,Count Array Pairs Divisible by K,count-array-pairs-divisible-by-k,Hard,30.79521031624194,932,39,False,"Array, Hash Table, Math, Counting, Number Theory"
2322,Number of Ways to Build Sturdy Brick Wall,number-of-ways-to-build-sturdy-brick-wall,Medium,49.50744892512253,200,129,True,"Array, Dynamic Programming, Bit Manipulation, Bitmask"
2292,Counting Words With a Given Prefix,counting-words-with-a-given-prefix,Easy,84.43089053042523,1136,38,False,"Array, String, String Matching"
2293,Minimum Number of Steps to Make Two Strings Anagram II,minimum-number-of-steps-to-make-two-strings-anagram-ii,Medium,73.11130448540464,607,28,False,"Hash Table, String, Counting"
2294,Minimum Time to Complete Trips,minimum-time-to-complete-trips,Medium,39.808093366487526,3117,195,False,"Array, Binary Search"
2295,Minimum Time to Finish the Race,minimum-time-to-finish-the-race,Hard,43.426843426843426,609,29,False,"Array, Dynamic Programming"
1385,Number of Ways to Build House of Cards,number-of-ways-to-build-house-of-cards,Medium,62.82847587195414,69,18,True,"Math, Dynamic Programming"
2312,Most Frequent Number Following Key In an Array,most-frequent-number-following-key-in-an-array,Easy,59.5542776616056,414,253,False,"Array, Hash Table, Counting"
1333,Sort the Jumbled Numbers,sort-the-jumbled-numbers,Medium,59.96047961630695,965,140,False,"Array, Sorting"
1431,All Ancestors of a Node in a Directed Acyclic Graph,all-ancestors-of-a-node-in-a-directed-acyclic-graph,Medium,62.226943131204116,1763,44,False,"Depth-First Search, Breadth-First Search, Graph Theory, Topological Sort"
1356,Minimum Number of Moves to Make Palindrome,minimum-number-of-moves-to-make-palindrome,Hard,52.98647029601706,1058,79,False,"Two Pointers, String, Greedy, Binary Indexed Tree"
2304,Cells in a Range on an Excel Sheet,cells-in-a-range-on-an-excel-sheet,Easy,84.22827172827174,653,100,False,String
2305,Append K Integers With Minimal Sum,append-k-integers-with-minimal-sum,Medium,27.09505106048704,847,314,False,"Array, Math, Greedy, Sorting"
2306,Create Binary Tree From Descriptions,create-binary-tree-from-descriptions,Medium,83.91756911069004,1908,44,False,"Array, Hash Table, Tree, Binary Tree"
2307,Replace Non-Coprime Numbers in Array,replace-non-coprime-numbers-in-array,Hard,57.634141598480205,847,33,False,"Array, Math, Stack, Number Theory"
1383,Number of Single Divisor Triplets,number-of-single-divisor-triplets,Medium,54.954345620561384,28,12,True,"Array, Counting, Enumeration"
2335,Finding the Topic of Each Post,finding-the-topic-of-each-post,Hard,50.587155963302756,49,15,True,Database
2320,Find All K-Distant Indices in an Array,find-all-k-distant-indices-in-an-array,Easy,77.24536842987678,819,137,False,"Array, Two Pointers"
1312,Count Artifacts That Can Be Extracted,count-artifacts-that-can-be-extracted,Medium,57.35742272529386,226,204,False,"Array, Hash Table, Simulation"
1346,Maximize the Topmost Element After K Moves,maximize-the-topmost-element-after-k-moves,Medium,24.11454686175506,653,337,False,"Array, Greedy"
2321,Minimum Weighted Subgraph With the Required Paths,minimum-weighted-subgraph-with-the-required-paths,Hard,42.551160109525874,799,23,False,"Graph Theory, Heap (Priority Queue), Shortest Path"
1347,Distance to a Cycle in Undirected Graph,distance-to-a-cycle-in-undirected-graph,Hard,73.8177510119459,154,11,True,"Depth-First Search, Breadth-First Search, Graph Theory, Topological Sort"
2336,The Number of Users That Are Eligible for Discount,the-number-of-users-that-are-eligible-for-discount,Easy,50.593161200279134,32,77,True,Database
2308,Divide Array Into Equal Pairs,divide-array-into-equal-pairs,Easy,79.24560598162253,1203,50,False,"Array, Hash Table, Bit Manipulation, Counting"
2309,Maximize Number of Subsequences in a String,maximize-number-of-subsequences-in-a-string,Medium,36.14791943622511,535,37,False,"String, Greedy, Prefix Sum"
2310,Minimum Operations to Halve Array Sum,minimum-operations-to-halve-array-sum,Medium,50.27655419826529,679,32,False,"Array, Greedy, Heap (Priority Queue)"
2311,Minimum White Tiles After Covering With Carpets,minimum-white-tiles-after-covering-with-carpets,Hard,39.0231302101679,524,17,False,"String, Dynamic Programming, Prefix Sum"
2316,Count Hills and Valleys in an Array,count-hills-and-valleys-in-an-array,Easy,68.88410651795573,1160,143,False,Array
2317,Count Collisions on a Road,count-collisions-on-a-road,Medium,58.10263997575714,1124,277,False,"String, Stack, Simulation"
2318,Maximum Points in an Archery Competition,maximum-points-in-an-archery-competition,Medium,52.19347013039523,517,56,False,"Array, Backtracking, Bit Manipulation, Enumeration"
2319,Longest Substring of One Repeating Character,longest-substring-of-one-repeating-character,Hard,34.676337622335936,326,84,False,"Array, String, Segment Tree, Ordered Set"
2354,Minimum Health to Beat Game,minimum-health-to-beat-game,Medium,58.863531581373906,327,240,True,"Array, Greedy"
1392,Find the Difference of Two Arrays,find-the-difference-of-two-arrays,Easy,81.50139256927494,2640,129,False,"Array, Hash Table"
1355,Minimum Deletions to Make Array Beautiful,minimum-deletions-to-make-array-beautiful,Medium,50.09478212263348,838,96,False,"Array, Stack, Greedy"
1375,Find Palindrome With Fixed Length,find-palindrome-with-fixed-length,Medium,38.11040626265353,666,297,False,"Array, Math"
1393,Maximum Value of K Coins From Piles,maximum-value-of-k-coins-from-piles,Hard,60.48093553032441,2464,39,False,"Array, Dynamic Programming, Prefix Sum"
2369,Maximum Sum Score of Array,maximum-sum-score-of-array,Medium,62.7506860882415,73,19,True,"Array, Prefix Sum"
2323,Minimum Bit Flips to Convert Number,minimum-bit-flips-to-convert-number,Easy,87.93077020179251,1630,39,False,Bit Manipulation
2324,Find Triangular Sum of an Array,find-triangular-sum-of-an-array,Medium,82.00875451963027,1550,77,False,"Array, Math, Simulation, Combinatorics, Number Theory"
2325,Number of Ways to Select Buildings,number-of-ways-to-select-buildings,Medium,50.96126041248845,1065,54,False,"String, Dynamic Programming, Prefix Sum"
2326,Sum of Scores of Built Strings,sum-of-scores-of-built-strings,Hard,49.5628109635823,306,191,False,"String, Binary Search, Rolling Hash, Suffix Array, String Matching, Hash Function"
2345,Minimum Number of Operations to Convert Time,minimum-number-of-operations-to-convert-time,Easy,66.52487450804799,503,39,False,"String, Greedy"
1354,Find Players With Zero or One Losses,find-players-with-zero-or-one-losses,Medium,72.38382657333818,2283,160,False,"Array, Hash Table, Sorting, Counting"
1335,Maximum Candies Allocated to K Children,maximum-candies-allocated-to-k-children,Medium,49.88411010248349,1856,86,False,"Array, Binary Search"
1433,Encrypt and Decrypt Strings,encrypt-and-decrypt-strings,Hard,38.60115284890822,355,80,False,"Array, Hash Table, String, Design, Trie"
2370,Users With Two Purchases Within Seven Days,users-with-two-purchases-within-seven-days,Medium,47.007155567334266,68,11,True,Database
1416,Check if an Array Is Consecutive,check-if-an-array-is-consecutive,Easy,62.235929067077876,90,11,True,"Array, Hash Table, Sorting"
2371,The Users That Are Eligible for Discount,the-users-that-are-eligible-for-discount,Easy,50.94651840084723,25,45,True,Database
2327,Largest Number After Digit Swaps by Parity,largest-number-after-digit-swaps-by-parity,Easy,65.52136411511856,698,314,False,"Sorting, Heap (Priority Queue)"
2328,Minimize Result by Adding Parentheses to Expression,minimize-result-by-adding-parentheses-to-expression,Medium,68.28732283075706,226,345,False,"String, Enumeration"
2329,Maximum Product After K Increments,maximum-product-after-k-increments,Medium,44.077302646978964,794,45,False,"Array, Greedy, Heap (Priority Queue)"
2330,Maximum Total Beauty of the Gardens,maximum-total-beauty-of-the-gardens,Hard,30.22591933206458,456,41,False,"Array, Two Pointers, Binary Search, Greedy, Sorting, Enumeration, Prefix Sum"
2383,Add Two Integers,add-two-integers,Easy,87.99152039968628,2168,3228,False,Math
2384,Root Equals Sum of Children,root-equals-sum-of-children,Easy,85.0520020800832,1603,1657,False,"Tree, Binary Tree"
2385,Count Positions on Street With Required Brightness,count-positions-on-street-with-required-brightness,Medium,63.1116989299026,89,6,True,"Array, Prefix Sum"
2376,Number of Times a Driver Was a Passenger,number-of-times-a-driver-was-a-passenger,Medium,71.7723880597015,73,6,True,Database
2350,Find Closest Number to Zero,find-closest-number-to-zero,Easy,48.04757163403031,813,58,False,Array
2351,Number of Ways to Buy Pens and Pencils,number-of-ways-to-buy-pens-and-pencils,Medium,56.951819350511435,483,37,False,"Math, Enumeration"
2352,Design an ATM Machine,design-an-atm-machine,Medium,45.355999611989525,314,387,False,"Array, Greedy, Design"
2353,Maximum Score of a Node Sequence,maximum-score-of-a-node-sequence,Hard,40.22378744650499,587,21,False,"Array, Graph Theory, Sorting, Enumeration"
2361,Calculate Digit Sum of a String,calculate-digit-sum-of-a-string,Easy,67.89788553297647,604,52,False,"String, Simulation"
2362,Minimum Rounds to Complete All Tasks,minimum-rounds-to-complete-all-tasks,Medium,63.36634735466732,2855,86,False,"Array, Hash Table, Greedy, Counting"
2363,Maximum Trailing Zeros in a Cornered Path,maximum-trailing-zeros-in-a-cornered-path,Medium,37.79760774634517,208,409,False,"Array, Matrix, Prefix Sum"
2364,Longest Path With Different Adjacent Characters,longest-path-with-different-adjacent-characters,Hard,54.01966157429609,2567,61,False,"Array, String, Tree, Depth-First Search, Graph Theory, Topological Sort"
2007,Maximum Cost of Trip With K Highways,maximum-cost-of-trip-with-k-highways,Hard,50.70247933884298,63,0,True,"Dynamic Programming, Bit Manipulation, Graph Theory, Bitmask"
2331,Intersection of Multiple Arrays,intersection-of-multiple-arrays,Easy,68.7604368705465,818,44,False,"Array, Hash Table, Sorting, Counting"
2332,Count Lattice Points Inside a Circle,count-lattice-points-inside-a-circle,Medium,56.89540420158029,258,223,False,"Array, Hash Table, Math, Geometry, Enumeration"
2333,Count Number of Rectangles Containing Each Point,count-number-of-rectangles-containing-each-point,Medium,37.6813436511846,557,141,False,"Array, Hash Table, Binary Search, Binary Indexed Tree, Sorting"
2334,Number of Flowers in Full Bloom,number-of-flowers-in-full-bloom,Hard,57.95421964353669,1826,46,False,"Array, Hash Table, Binary Search, Sorting, Prefix Sum, Ordered Set"
2381,Dynamic Pivoting of a Table,dynamic-pivoting-of-a-table,Hard,57.51518218623482,34,10,True,Database
2382,Dynamic Unpivoting of a Table,dynamic-unpivoting-of-a-table,Hard,69.84855438274438,20,13,True,Database
2396,Design Video Sharing Platform,design-video-sharing-platform,Hard,64.2538478697301,88,15,True,"Hash Table, Design, Heap (Priority Queue)"
2341,Count Prefixes of a Given String,count-prefixes-of-a-given-string,Easy,74.34417162558236,611,24,False,"Array, String"
2342,Minimum Average Difference,minimum-average-difference,Medium,43.94260810906767,1576,182,False,"Array, Prefix Sum"
2343,Count Unguarded Cells in the Grid,count-unguarded-cells-in-the-grid,Medium,68.95071097619429,1299,93,False,"Array, Matrix, Simulation"
2344,Escape the Spreading Fire,escape-the-spreading-fire,Hard,38.47670692630022,901,43,False,"Array, Binary Search, Breadth-First Search, Matrix"
2337,Remove Digit From Number to Maximize Result,remove-digit-from-number-to-maximize-result,Easy,48.577606120525566,962,66,False,"String, Greedy, Enumeration"
2338,Minimum Consecutive Cards to Pick Up,minimum-consecutive-cards-to-pick-up,Medium,53.873556093003764,1099,45,False,"Array, Hash Table, Sliding Window"
2339,K Divisible Elements Subarrays,k-divisible-elements-subarrays,Medium,55.056154958974304,741,162,False,"Array, Hash Table, Trie, Rolling Hash, Hash Function, Enumeration"
2340,Total Appeal of A String,total-appeal-of-a-string,Hard,56.55105286897894,1233,35,False,"Hash Table, String, Dynamic Programming"
1419,Make Array Non-decreasing or Non-increasing,make-array-non-decreasing-or-non-increasing,Hard,65.57020524670382,94,13,True,"Array, Dynamic Programming, Greedy, Heap (Priority Queue)"
2346,Largest 3-Same-Digit Number in String,largest-3-same-digit-number-in-string,Easy,72.6548009780382,1394,55,False,String
2347,Count Nodes Equal to Average of Subtree,count-nodes-equal-to-average-of-subtree,Medium,86.81691840296482,2371,60,False,"Tree, Depth-First Search, Binary Tree"
2348,Count Number of Texts,count-number-of-texts,Medium,50.35625134317502,950,36,False,"Hash Table, Math, String, Dynamic Programming"
2349, Check if There Is a Valid Parentheses String Path,check-if-there-is-a-valid-parentheses-string-path,Hard,40.48655025043028,545,9,False,"Array, Dynamic Programming, Matrix"
2405,Minimum Number of Keypresses,minimum-number-of-keypresses,Medium,71.47124719940254,250,40,True,"Hash Table, String, Greedy, Sorting, Counting"
1430,Find the K-Beauty of a Number,find-the-k-beauty-of-a-number,Easy,63.56559724053431,744,47,False,"Math, String, Sliding Window"
2358,Number of Ways to Split Array,number-of-ways-to-split-array,Medium,55.8345871623342,1209,100,False,"Array, Prefix Sum"
2359,Maximum White Tiles Covered by a Carpet,maximum-white-tiles-covered-by-a-carpet,Medium,36.01945956360484,845,58,False,"Array, Binary Search, Greedy, Sliding Window, Sorting, Prefix Sum"
2360,Substring With Largest Variance,substring-with-largest-variance,Hard,46.007161395751226,1927,213,False,"Hash Table, String, Dynamic Programming, Enumeration"
1353,Find Resultant Array After Removing Anagrams,find-resultant-array-after-removing-anagrams,Easy,69.9707306090285,1074,238,False,"Array, Hash Table, String, Sorting"
2355,Maximum Consecutive Floors Without Special Floors,maximum-consecutive-floors-without-special-floors,Medium,52.76694206866475,432,41,False,"Array, Sorting"
2356,Largest Combination With Bitwise AND Greater Than Zero,largest-combination-with-bitwise-and-greater-than-zero,Medium,80.75871321910302,1143,60,False,"Array, Hash Table, Bit Manipulation, Counting"
2357,Count Integers in Intervals,count-integers-in-intervals,Hard,36.024344186382166,629,64,False,"Design, Segment Tree, Ordered Set"
2420,Closest Node to Path in Tree,closest-node-to-path-in-tree,Hard,62.50460405156538,140,3,True,"Array, Tree, Depth-First Search, Breadth-First Search"
2365,Percentage of Letter in String,percentage-of-letter-in-string,Easy,75.20222868709146,565,64,False,String
2366,Maximum Bags With Full Capacity of Rocks,maximum-bags-with-full-capacity-of-rocks,Medium,68.14954731974207,1779,72,False,"Array, Greedy, Sorting"
2367,Minimum Lines to Represent a Line Chart,minimum-lines-to-represent-a-line-chart,Medium,27.178957799983483,366,534,False,"Array, Math, Geometry, Sorting, Number Theory"
2368,Sum of Total Strength of Wizards,sum-of-total-strength-of-wizards,Hard,29.509930793900864,1285,112,False,"Array, Stack, Monotonic Stack, Prefix Sum"
2425,Number of People That Can Be Seen in a Grid,number-of-people-that-can-be-seen-in-a-grid,Medium,47.36016727652901,67,34,True,"Array, Stack, Matrix, Monotonic Stack"
2377,Check if Number Has Equal Digit Count and Digit Value,check-if-number-has-equal-digit-count-and-digit-value,Easy,73.32891680433379,685,101,False,"Hash Table, String, Counting"
2378,Sender With Largest Word Count,sender-with-largest-word-count,Medium,59.90430870168433,475,42,False,"Array, Hash Table, String, Counting"
2379,Maximum Total Importance of Roads,maximum-total-importance-of-roads,Medium,69.08351300363832,1372,84,False,"Greedy, Graph Theory, Sorting, Heap (Priority Queue)"
2380,Booking Concert Tickets in Groups,booking-concert-tickets-in-groups,Hard,19.805182078319156,354,62,False,"Binary Search, Design, Binary Indexed Tree, Segment Tree"
2372,Rearrange Characters to Make Target String,rearrange-characters-to-make-target-string,Easy,62.98152982123082,571,39,False,"Hash Table, String, Counting"
2373,Apply Discount to Prices,apply-discount-to-prices,Medium,34.32955798542764,226,1131,False,String
2374,Steps to Make Array Non-decreasing,steps-to-make-array-non-decreasing,Medium,24.96696571388831,1418,150,False,"Array, Linked List, Dynamic Programming, Stack, Monotonic Stack, Simulation"
2375,Minimum Obstacle Removal to Reach Corner,minimum-obstacle-removal-to-reach-corner,Hard,70.76954216542318,1696,29,False,"Array, Breadth-First Search, Graph Theory, Heap (Priority Queue), Matrix, Shortest Path"
2426,Maximum Profit From Trading Stocks,maximum-profit-from-trading-stocks,Medium,48.24865126016588,191,9,True,"Array, Dynamic Programming"
2431,Products With Three or More Orders in Two Consecutive Years,products-with-three-or-more-orders-in-two-consecutive-years,Medium,40.79154486170452,65,29,True,Database
2386,Min Max Game,min-max-game,Easy,64.45305502917857,595,33,False,"Array, Simulation"
2387,Partition Array Such That Maximum Difference Is K,partition-array-such-that-maximum-difference-is-k,Medium,81.80974058131119,1186,47,False,"Array, Greedy, Sorting"
2388,Replace Elements in an Array,replace-elements-in-an-array,Medium,59.90283777334524,690,39,False,"Array, Hash Table, Simulation"
2389,Design a Text Editor,design-a-text-editor,Hard,51.02491184165624,661,229,False,"Linked List, String, Stack, Design, Simulation, Doubly-Linked List"
2056,Jump Game VIII,jump-game-viii,Medium,45.89730611326697,174,49,True,"Array, Dynamic Programming, Stack, Graph Theory, Monotonic Stack, Shortest Path"
2440,Tasks Count in the Weekend,tasks-count-in-the-weekend,Medium,81.76939058171745,53,10,True,Database
2391,Strong Password Checker II,strong-password-checker-ii,Easy,55.52821217636789,392,41,False,String
2392,Successful Pairs of Spells and Potions,successful-pairs-of-spells-and-potions,Medium,49.67770106504832,3235,106,False,"Array, Two Pointers, Binary Search, Sorting"
2393,Match Substring After Replacement,match-substring-after-replacement,Hard,43.474758960509796,395,81,False,"Array, Hash Table, String, String Matching"
2394,Count Subarrays With Score Less Than K,count-subarrays-with-score-less-than-k,Hard,62.22797884783289,1636,62,False,"Array, Binary Search, Sliding Window, Prefix Sum"
1382,Calculate Amount Paid in Taxes,calculate-amount-paid-in-taxes,Easy,69.46793287368284,288,297,False,"Array, Simulation"
1394,Minimum Path Cost in a Grid,minimum-path-cost-in-a-grid,Medium,68.19665740876091,980,178,False,"Array, Dynamic Programming, Matrix"
1418,Fair Distribution of Cookies,fair-distribution-of-cookies,Medium,69.97112826650482,2749,128,False,"Array, Dynamic Programming, Backtracking, Bit Manipulation, Bitmask"
2390,Naming a Company,naming-a-company,Hard,46.54174509513638,1968,74,False,"Array, Hash Table, String, Bit Manipulation, Enumeration"
2065,Check for Contradictions in Equations,check-for-contradictions-in-equations,Hard,43.97600262984878,68,27,True,"Array, String, Depth-First Search, Union-Find, Graph Theory"
2441,Arrange Table by Gender,arrange-table-by-gender,Medium,70.91836734693877,90,15,True,Database
1363,Greatest English Letter in Upper and Lower Case,greatest-english-letter-in-upper-and-lower-case,Easy,72.64682371749659,534,33,False,"Hash Table, String, Enumeration"
1334,Sum of Numbers With Units Digit K,sum-of-numbers-with-units-digit-k,Medium,28.377522008700716,435,339,False,"Math, Dynamic Programming, Greedy, Enumeration"
2395,Longest Binary Subsequence Less Than or Equal to K,longest-binary-subsequence-less-than-or-equal-to-k,Medium,52.77649476373165,1148,79,False,"String, Dynamic Programming, Greedy, Memoization"
1376,Selling Pieces of Wood,selling-pieces-of-wood,Hard,53.06722134178553,579,13,False,"Array, Dynamic Programming, Memoization"
2399,Minimum Flips in Binary Tree to Get Result,minimum-flips-in-binary-tree-to-get-result,Hard,56.91639522258415,113,2,True,"Dynamic Programming, Tree, Depth-First Search, Binary Tree"
2446,The First Day of the Maximum Recorded Degree in Each City,the-first-day-of-the-maximum-recorded-degree-in-each-city,Medium,73.58281476429973,58,2,True,Database
2401,Count Asterisks,count-asterisks,Easy,83.48017803711592,684,118,False,String
2403,Count Unreachable Pairs of Nodes in an Undirected Graph,count-unreachable-pairs-of-nodes-in-an-undirected-graph,Medium,50.0501810173541,2287,56,False,"Depth-First Search, Breadth-First Search, Union-Find, Graph Theory"
2402,Maximum XOR After Operations ,maximum-xor-after-operations,Medium,79.91689410144821,651,171,False,"Array, Math, Bit Manipulation"
2404,Number of Distinct Roll Sequences,number-of-distinct-roll-sequences,Hard,58.23967774420946,459,20,False,"Dynamic Programming, Memoization"
2398,Check if Matrix Is X-Matrix,check-if-matrix-is-x-matrix,Easy,66.80350442356018,552,26,False,"Array, Matrix"
2397,Count Number of Ways to Place Houses,count-number-of-ways-to-place-houses,Medium,44.01122085759412,646,202,False,Dynamic Programming
1348,Maximum Score Of Spliced Array,maximum-score-of-spliced-array,Hard,58.5941790225151,840,16,False,"Array, Dynamic Programming"
2400,Minimum Score After Removals on a Tree,minimum-score-after-removals-on-a-tree,Hard,76.08404987335993,822,47,False,"Array, Bit Manipulation, Tree, Depth-First Search"
2458,Find Minimum Time to Finish All Jobs II,find-minimum-time-to-finish-all-jobs-ii,Medium,66.13003095975232,69,19,True,"Array, Greedy, Sorting"
2451,Product Sales Analysis IV,product-sales-analysis-iv,Medium,75.980168308435,61,1,True,Database
2406,Decode the Message,decode-the-message,Easy,85.88588260964434,1143,114,False,"Hash Table, String"
2411,Spiral Matrix IV,spiral-matrix-iv,Medium,82.31747088186356,1321,56,False,"Array, Linked List, Matrix, Simulation"
2408,Number of People Aware of a Secret,number-of-people-aware-of-a-secret,Medium,60.628701508468005,1502,164,False,"Dynamic Programming, Queue, Simulation"
2409,Number of Increasing Paths in a Grid,number-of-increasing-paths-in-a-grid,Hard,57.34706090362592,2125,45,False,"Array, Dynamic Programming, Depth-First Search, Breadth-First Search, Graph Theory, Topological Sort, Memoization, Matrix"
2452,Product Sales Analysis V,product-sales-analysis-v,Easy,70.9532491209793,35,7,True,Database
2468,Valid Palindrome IV,valid-palindrome-iv,Medium,75.63769611156569,111,35,True,"Two Pointers, String"
2416,Evaluate Boolean Binary Tree,evaluate-boolean-binary-tree,Easy,82.42402380737668,1565,44,False,"Tree, Depth-First Search, Binary Tree"
2417,The Latest Time to Catch a Bus,the-latest-time-to-catch-a-bus,Medium,30.051421906060554,534,804,False,"Array, Two Pointers, Binary Search, Sorting"
2418,Minimum Sum of Squared Difference,minimum-sum-of-squared-difference,Medium,26.903048468859208,673,52,False,"Array, Binary Search, Greedy, Sorting, Heap (Priority Queue)"
2419,Subarray With Elements Greater Than Varying Threshold,subarray-with-elements-greater-than-varying-threshold,Hard,45.66970285202329,617,11,False,"Array, Stack, Union-Find, Monotonic Stack"
2412,Minimum Amount of Time to Fill Cups,minimum-amount-of-time-to-fill-cups,Easy,60.43702532465849,773,94,False,"Array, Greedy, Sorting, Heap (Priority Queue)"
2413,Smallest Number in Infinite Set,smallest-number-in-infinite-set,Medium,70.62440617577197,1862,234,False,"Hash Table, Design, Heap (Priority Queue), Ordered Set"
2414,Move Pieces to Obtain a String,move-pieces-to-obtain-a-string,Medium,56.639124001624985,1475,86,False,"Two Pointers, String"
2415,Count the Number of Ideal Arrays,count-the-number-of-ideal-arrays,Hard,56.95598274085523,854,134,False,"Math, Dynamic Programming, Combinatorics, Number Theory"
2453,All the Matches of the League,all-the-matches-of-the-league,Easy,88.51671047690574,49,4,True,Database
2474,Minimum Adjacent Swaps to Make a Valid Array,minimum-adjacent-swaps-to-make-a-valid-array,Medium,72.2474058858944,196,27,True,"Array, Greedy"
2421,Maximum Number of Pairs in Array,maximum-number-of-pairs-in-array,Easy,76.21066111214672,747,19,False,"Array, Hash Table, Counting"
2473,Max Sum of a Pair With Equal Sum of Digits,max-sum-of-a-pair-with-equal-sum-of-digits,Medium,65.93648834521387,1412,46,False,"Array, Hash Table, Sorting, Heap (Priority Queue)"
2422,Query Kth Smallest Trimmed Number,query-kth-smallest-trimmed-number,Medium,47.843425695011085,351,444,False,"Array, String, Divide and Conquer, Sorting, Heap (Priority Queue), Radix Sort, Quickselect"
2423,Minimum Deletions to Make Array Divisible,minimum-deletions-to-make-array-divisible,Hard,61.47372869768425,591,135,False,"Array, Math, Sorting, Heap (Priority Queue), Number Theory"
2485,Finding the Number of Visible Mountains,finding-the-number-of-visible-mountains,Medium,37.44397627546228,184,80,True,"Array, Stack, Sorting, Monotonic Stack"
2484,Compute the Rank as a Percentage,compute-the-rank-as-a-percentage,Medium,33.92586652410229,32,79,True,Database
2433,Best Poker Hand,best-poker-hand,Easy,61.83674383199749,408,44,False,"Array, Hash Table, Counting"
2432,Number of Zero-Filled Subarrays,number-of-zero-filled-subarrays,Medium,70.09338895661608,2796,96,False,"Array, Math"
2434,Design a Number Container System,design-a-number-container-system,Medium,57.066096360875704,968,74,False,"Hash Table, Design, Heap (Priority Queue), Ordered Set"
2435,Shortest Impossible Sequence of Rolls,shortest-impossible-sequence-of-rolls,Hard,69.21535654227343,675,51,False,"Array, Hash Table, Greedy"
2427,First Letter to Appear Twice,first-letter-to-appear-twice,Easy,75.02729019299625,1205,65,False,"Hash Table, String, Bit Manipulation, Counting"
2428,Equal Row and Column Pairs,equal-row-and-column-pairs,Medium,71.0176422839411,2509,192,False,"Array, Hash Table, Matrix, Simulation"
2429,Design a Food Rating System,design-a-food-rating-system,Medium,52.874287316031456,1969,328,False,"Array, Hash Table, String, Design, Heap (Priority Queue), Ordered Set"
2430,Number of Excellent Pairs,number-of-excellent-pairs,Hard,49.31215834607114,623,25,False,"Array, Hash Table, Binary Search, Bit Manipulation"
2490,Maximum Number of Books You Can Take,maximum-number-of-books-you-can-take,Hard,39.483232867091935,297,41,True,"Array, Dynamic Programming, Stack, Monotonic Stack"
2495,Number of Unique Subjects Taught by Each Teacher,number-of-unique-subjects-taught-by-each-teacher,Easy,89.24604050661891,762,57,False,Database
2436,Make Array Zero by Subtracting Equal Amounts,make-array-zero-by-subtracting-equal-amounts,Easy,73.84511601729183,1329,62,False,"Array, Hash Table, Greedy, Sorting, Heap (Priority Queue), Simulation"
2437,Maximum Number of Groups Entering a Competition,maximum-number-of-groups-entering-a-competition,Medium,68.65043087298614,715,122,False,"Array, Math, Binary Search, Greedy"
2438,Find Closest Node to Given Two Nodes,find-closest-node-to-given-two-nodes,Medium,53.04411274052778,2113,472,False,"Depth-First Search, Graph Theory"
2439,Longest Cycle in a Graph,longest-cycle-in-a-graph,Hard,50.82830073688292,2580,52,False,"Depth-First Search, Breadth-First Search, Graph Theory, Topological Sort"
2500,Minimum Costs Using the Train Line,minimum-costs-using-the-train-line,Hard,77.89468333841619,196,33,True,"Array, Dynamic Programming"
2501,Generate the Invoice,generate-the-invoice,Hard,76.36995455760491,35,30,True,Database
2447,Merge Similar Items,merge-similar-items,Easy,77.61806212366675,612,32,False,"Array, Hash Table, Sorting, Ordered Set"
2448,Count Number of Bad Pairs,count-number-of-bad-pairs,Medium,54.16173842474683,1806,62,False,"Array, Hash Table, Math, Counting"
2483,Task Scheduler II,task-scheduler-ii,Medium,54.86566065513434,627,77,False,"Array, Hash Table, Simulation"
2450,Minimum Replacements to Sort the Array,minimum-replacements-to-sort-the-array,Hard,53.13079956019637,2098,69,False,"Array, Math, Greedy"
2442,Number of Arithmetic Triplets,number-of-arithmetic-triplets,Easy,85.54888488347405,1402,98,False,"Array, Hash Table, Two Pointers, Enumeration"
2445,Reachable Nodes With Restrictions,reachable-nodes-with-restrictions,Medium,60.51078037386323,781,34,False,"Array, Hash Table, Tree, Depth-First Search, Breadth-First Search, Union-Find, Graph Theory"
2443,Check if There is a Valid Partition For The Array,check-if-there-is-a-valid-partition-for-the-array,Medium,52.45058848532076,2082,208,False,"Array, Dynamic Programming"
2444,Longest Ideal Subsequence,longest-ideal-subsequence,Medium,46.62722597140054,1540,83,False,"Hash Table, String, Dynamic Programming"
2506,Minimize Maximum Value in a Grid,minimize-maximum-value-in-a-grid,Hard,70.07874015748031,145,6,True,"Array, Union-Find, Graph Theory, Topological Sort, Sorting, Matrix"
2515,Calculate the Influence of Each Salesperson,calculate-the-influence-of-each-salesperson,Medium,83.90278625177953,41,4,True,Database
2454,Largest Local Values in a Matrix,largest-local-values-in-a-matrix,Easy,87.62969874469758,1337,184,False,"Array, Matrix"
2455,Node With Highest Edge Score,node-with-highest-edge-score,Medium,49.44535021258911,487,43,False,"Hash Table, Graph Theory"
2456,Construct Smallest Number From DI String,construct-smallest-number-from-di-string,Medium,85.55355580803764,1676,89,False,"String, Backtracking, Stack, Greedy"
2457,Count Special Integers,count-special-integers,Hard,43.94768574343753,648,35,False,"Math, Dynamic Programming"
2516,Sort the Olympic Table,sort-the-olympic-table,Easy,79.49272853185596,40,4,True,Database
2517,Choose Edges to Maximize Score in a Tree,choose-edges-to-maximize-score-in-a-tree,Medium,56.77900694623103,62,13,True,"Dynamic Programming, Tree, Depth-First Search"
2463,Minimum Recolors to Get K Consecutive Black Blocks,minimum-recolors-to-get-k-consecutive-black-blocks,Easy,68.782914154099,1331,38,False,"String, Sliding Window"
2464,Time Needed to Rearrange a Binary String,time-needed-to-rearrange-a-binary-string,Medium,53.32396839332748,561,118,False,"String, Dynamic Programming, Simulation"
2465,Shifting Letters II,shifting-letters-ii,Medium,53.74559520102273,1794,72,False,"Array, String, Prefix Sum"
2466,Maximum Segment Sum After Removals,maximum-segment-sum-after-removals,Hard,49.87786437129231,503,6,False,"Array, Union-Find, Prefix Sum, Ordered Set"
2459,Minimum Hours of Training to Win a Competition,minimum-hours-of-training-to-win-a-competition,Easy,42.650276943051296,391,299,False,"Array, Greedy"
2475,Largest Palindromic Number,largest-palindromic-number,Medium,37.23606760989308,676,238,False,"Hash Table, String, Greedy, Counting"
2461,Amount of Time for Binary Tree to Be Infected,amount-of-time-for-binary-tree-to-be-infected,Medium,65.62482741693002,3297,70,False,"Hash Table, Tree, Depth-First Search, Breadth-First Search, Binary Tree"
2462,Find the K-Sum of an Array,find-the-k-sum-of-an-array,Hard,41.663540073306585,619,27,False,"Array, Sorting, Heap (Priority Queue)"
2522,Median of a Row Wise Sorted Matrix,median-of-a-row-wise-sorted-matrix,Medium,71.20743034055728,91,9,True,"Array, Binary Search, Matrix"
2523,Change Null Values in a Table to the Previous Value,change-null-values-in-a-table-to-the-previous-value,Medium,51.63015224656517,95,31,True,Database
2469,Longest Subsequence With Limited Sum,longest-subsequence-with-limited-sum,Easy,73.65629312992952,2162,198,False,"Array, Binary Search, Greedy, Sorting, Prefix Sum"
2470,Removing Stars From a String,removing-stars-from-a-string,Medium,79.517252563285,3250,236,False,"String, Stack, Simulation"
2471,Minimum Amount of Time to Collect Garbage,minimum-amount-of-time-to-collect-garbage,Medium,85.04633392944237,1638,246,False,"Array, String, Prefix Sum"
2472,Build a Matrix With Conditions,build-a-matrix-with-conditions,Hard,79.3405089646344,1519,57,False,"Array, Graph Theory, Topological Sort, Matrix"
2535,Count Strictly Increasing Subarrays,count-strictly-increasing-subarrays,Medium,71.08823279162768,143,2,True,"Array, Math, Dynamic Programming"
2534,Employees With Deductions,employees-with-deductions,Medium,42.848255189186126,31,39,True,Database
2480,Find Subarrays With Equal Sum,find-subarrays-with-equal-sum,Easy,67.13839400295603,627,34,False,"Array, Hash Table"
2481,Strictly Palindromic Number,strictly-palindromic-number,Medium,90.35088138232076,836,1776,False,"Math, Two Pointers, Brainteaser"
2482,Maximum Rows Covered by Columns,maximum-rows-covered-by-columns,Medium,58.14711887477314,301,446,False,"Array, Backtracking, Bit Manipulation, Matrix, Enumeration"
2449,Maximum Number of Robots Within Budget,maximum-number-of-robots-within-budget,Hard,38.72978436657682,921,22,False,"Array, Binary Search, Queue, Sliding Window, Heap (Priority Queue), Prefix Sum, Monotonic Queue"
2476,Check Distances Between Same Letters,check-distances-between-same-letters,Easy,71.6297256331964,532,73,False,"Array, Hash Table, String"
2477,Number of Ways to Reach a Position After Exactly k Steps,number-of-ways-to-reach-a-position-after-exactly-k-steps,Medium,37.05878022746513,849,68,False,"Math, Dynamic Programming, Combinatorics"
2478,Longest Nice Subarray,longest-nice-subarray,Medium,64.81227852779409,2110,63,False,"Array, Bit Manipulation, Sliding Window"
2479,Meeting Rooms III,meeting-rooms-iii,Hard,51.44845069270766,2506,141,False,"Array, Hash Table, Sorting, Heap (Priority Queue), Simulation"
2537,Minimum Time to Kill All Monsters,minimum-time-to-kill-all-monsters,Hard,57.678464307138576,51,5,True,"Array, Dynamic Programming, Bit Manipulation, Bitmask"
2486,Most Frequent Even Element,most-frequent-even-element,Easy,53.881608027291584,1136,42,False,"Array, Hash Table, Counting"
2487,Optimal Partition of String,optimal-partition-of-string,Medium,78.45480078069215,2819,115,False,"Hash Table, String, Greedy"
2488,Divide Intervals Into Minimum Number of Groups,divide-intervals-into-minimum-number-of-groups,Medium,63.5659084440747,1475,43,False,"Array, Two Pointers, Greedy, Sorting, Heap (Priority Queue), Prefix Sum"
2526,Longest Increasing Subsequence II,longest-increasing-subsequence-ii,Hard,26.321462582542352,966,41,False,"Array, Divide and Conquer, Dynamic Programming, Binary Indexed Tree, Segment Tree, Queue, Monotonic Queue"
2555,Design SQL,design-sql,Medium,64.00922072867706,82,107,True,"Array, Hash Table, String, Design"
2496,Count Days Spent Together,count-days-spent-together,Easy,48.16852049367667,288,593,False,"Math, String"
2497,Maximum Matching of Players With Trainers,maximum-matching-of-players-with-trainers,Medium,75.3564317642073,943,34,False,"Array, Two Pointers, Greedy, Sorting"
2498,Smallest Subarrays With Maximum Bitwise OR,smallest-subarrays-with-maximum-bitwise-or,Medium,61.94321252634437,1056,73,False,"Array, Binary Search, Bit Manipulation, Sliding Window"
2499,Minimum Money Required Before Transactions,minimum-money-required-before-transactions,Hard,42.222625090645394,417,39,False,"Array, Greedy, Sorting"
2491,Smallest Even Multiple,smallest-even-multiple,Easy,88.39460673369798,1087,128,False,"Math, Number Theory"
2492,Length of the Longest Alphabetical Continuous Substring,length-of-the-longest-alphabetical-continuous-substring,Medium,60.95841440789176,557,38,False,String
2493,Reverse Odd Levels of Binary Tree,reverse-odd-levels-of-binary-tree,Medium,86.66473716580441,1783,75,False,"Tree, Depth-First Search, Breadth-First Search, Binary Tree"
2494,Sum of Prefix Scores of Strings,sum-of-prefix-scores-of-strings,Hard,60.85012075014162,1207,111,False,"Array, String, Trie, Counting"
2560,Closest Fair Integer,closest-fair-integer,Medium,44.363193174893354,29,13,True,"Math, Enumeration"
2502,Sort the People,sort-the-people,Easy,84.81996316983235,1878,41,False,"Array, Hash Table, String, Sorting"
2503,Longest Subarray With Maximum Bitwise AND,longest-subarray-with-maximum-bitwise-and,Medium,65.36272148213136,1321,111,False,"Array, Bit Manipulation, Brainteaser"
2504,Find All Good Indices,find-all-good-indices,Medium,41.049711440814406,684,41,False,"Array, Dynamic Programming, Prefix Sum"
2505,Number of Good Paths,number-of-good-paths,Hard,56.418832660981465,2479,115,False,"Array, Hash Table, Tree, Union-Find, Graph Theory, Sorting"
2565,Merge Operations to Turn Array Into a Palindrome,merge-operations-to-turn-array-into-a-palindrome,Medium,68.90828753098394,153,16,True,"Array, Two Pointers, Greedy"
2532,Remove Letter To Equalize Frequency,remove-letter-to-equalize-frequency,Easy,19.44717578935868,811,1366,False,"Hash Table, String, Counting"
2512,Longest Uploaded Prefix,longest-uploaded-prefix,Medium,55.171379846704525,389,32,False,"Hash Table, Binary Search, Union-Find, Design, Binary Indexed Tree, Segment Tree, Heap (Priority Queue), Ordered Set"
2533,Bitwise XOR of All Pairings,bitwise-xor-of-all-pairings,Medium,66.87337962661385,926,59,False,"Array, Bit Manipulation, Brainteaser"
2513,Number of Pairs Satisfying Inequality,number-of-pairs-satisfying-inequality,Hard,47.50371328637823,584,11,False,"Array, Binary Search, Divide and Conquer, Binary Indexed Tree, Segment Tree, Merge Sort, Ordered Set"
2507,Number of Common Factors,number-of-common-factors,Easy,80.14996727469338,690,14,False,"Math, Enumeration, Number Theory"
2508,Maximum Sum of an Hourglass,maximum-sum-of-an-hourglass,Medium,76.39964715935716,501,73,False,"Array, Matrix, Prefix Sum"
2509,Minimize XOR,minimize-xor,Medium,62.400049780654,1100,78,False,"Greedy, Bit Manipulation"
2510,Maximum Deletions on a String,maximum-deletions-on-a-string,Hard,36.11292694884785,523,61,False,"String, Dynamic Programming, Rolling Hash, String Matching, Hash Function"
2570,Maximize Total Tastiness of Purchased Fruits,maximize-total-tastiness-of-purchased-fruits,Medium,64.583992407466,57,2,True,"Array, Dynamic Programming"
2518,The Employee That Worked on the Longest Task,the-employee-that-worked-on-the-longest-task,Easy,51.84877440797674,297,73,False,Array
2519,Find The Original Array of Prefix Xor,find-the-original-array-of-prefix-xor,Medium,88.39056464504209,1521,92,False,"Array, Bit Manipulation"
2520,Using a Robot to Print the Lexicographically Smallest String,using-a-robot-to-print-the-lexicographically-smallest-string,Medium,62.22257459833842,1160,309,False,"Hash Table, String, Stack, Greedy"
2521,Paths in Matrix Whose Sum Is Divisible by K,paths-in-matrix-whose-sum-is-divisible-by-k,Hard,58.74748413067038,1353,46,False,"Array, Dynamic Programming, Matrix"
2579,Minimum Split Into Subarrays With GCD Greater Than One,minimum-split-into-subarrays-with-gcd-greater-than-one,Medium,70.3615604186489,45,11,True,"Array, Math, Dynamic Programming, Greedy, Number Theory"
2528,Number of Valid Clock Times,number-of-valid-clock-times,Easy,48.17483189241114,309,247,False,"String, Enumeration"
2529,Range Product Queries of Powers,range-product-queries-of-powers,Medium,61.21529039157196,692,153,False,"Array, Bit Manipulation, Prefix Sum"
2530,Minimize Maximum of Array,minimize-maximum-of-array,Medium,46.54978233587849,2603,647,False,"Array, Binary Search, Dynamic Programming, Greedy, Prefix Sum"
2531,Create Components With Same Value,create-components-with-same-value,Hard,53.74877833108391,445,7,False,"Array, Math, Tree, Depth-First Search, Enumeration"
2524,Largest Positive Integer That Exists With Its Negative,largest-positive-integer-that-exists-with-its-negative,Easy,74.56565595736352,1068,25,False,"Array, Hash Table, Two Pointers, Sorting"
2525,Count Number of Distinct Integers After Reverse Operations,count-number-of-distinct-integers-after-reverse-operations,Medium,81.62302319605689,758,61,False,"Array, Hash Table, Math, Counting"
2541,Sum of Number and Its Reverse,sum-of-number-and-its-reverse,Medium,49.78356320057854,284,306,False,"Math, Enumeration"
2527,Count Subarrays With Fixed Bounds,count-subarrays-with-fixed-bounds,Hard,69.19896595333879,3787,97,False,"Array, Queue, Sliding Window, Monotonic Queue"
2584,Number of Nodes With Value One,number-of-nodes-with-value-one,Medium,66.27572471785793,81,10,True,"Array, Tree, Depth-First Search, Breadth-First Search, Binary Tree"
2536,Determine if Two Events Have Conflict,determine-if-two-events-have-conflict,Easy,53.42467956449719,543,73,False,"Array, String"
2546,Number of Subarrays With GCD Equal to K,number-of-subarrays-with-gcd-equal-to-k,Medium,52.782535532918665,471,71,False,"Array, Math, Number Theory"
2538,Minimum Cost to Make Array Equal,minimum-cost-to-make-array-equal,Hard,46.81985902833625,2544,40,False,"Array, Binary Search, Greedy, Sorting, Prefix Sum"
2539,Minimum Number of Operations to Make Arrays Similar,minimum-number-of-operations-to-make-arrays-similar,Hard,61.389376570622055,454,17,False,"Array, Greedy, Sorting"
2593,Number of Distinct Binary Strings After Applying Operations,number-of-distinct-binary-strings-after-applying-operations,Medium,64.05677655677655,39,9,True,"Math, String"
2547,Odd String Difference,odd-string-difference,Easy,62.10037555479686,436,123,False,"Array, Hash Table, String"
2550,Words Within Two Edits of Dictionary,words-within-two-edits-of-dictionary,Medium,73.46764382992612,584,43,False,"Array, String, Trie"
2548,Destroy Sequential Targets,destroy-sequential-targets,Medium,42.14219469088491,614,36,False,"Array, Hash Table, Counting"
2549,Next Greater Element IV,next-greater-element-iv,Hard,42.16578513458532,758,12,False,"Array, Binary Search, Stack, Sorting, Heap (Priority Queue), Monotonic Stack"
2542,Average Value of Even Numbers That Are Divisible by Three,average-value-of-even-numbers-that-are-divisible-by-three,Easy,63.404934950728084,382,42,False,"Array, Math"
2543,Most Popular Video Creator,most-popular-video-creator,Medium,45.437256381239784,313,386,False,"Array, Hash Table, String, Sorting, Heap (Priority Queue)"
2544,Minimum Addition to Make Integer Beautiful,minimum-addition-to-make-integer-beautiful,Medium,38.805049425996415,550,26,False,"Math, Greedy"
2545,Height of Binary Tree After Subtree Removal Queries,height-of-binary-tree-after-subtree-removal-queries,Hard,54.92039958320589,1560,38,False,"Array, Tree, Depth-First Search, Breadth-First Search, Binary Tree"
2489,Sort Array by Moving Items to Empty Space,sort-array-by-moving-items-to-empty-space,Hard,45.64010205613087,65,2,True,"Array, Hash Table, Sorting"
2551,Apply Operations to an Array,apply-operations-to-an-array,Easy,74.73517132834488,1158,66,False,"Array, Two Pointers, Simulation"
2552,Maximum Sum of Distinct Subarrays With Length K,maximum-sum-of-distinct-subarrays-with-length-k,Medium,43.14995274995275,2367,51,False,"Array, Hash Table, Sliding Window"
2553,Total Cost to Hire K Workers,total-cost-to-hire-k-workers,Medium,43.71098926732237,2099,764,False,"Array, Two Pointers, Heap (Priority Queue), Simulation"
2554,Minimum Total Distance Traveled,minimum-total-distance-traveled,Hard,63.137097937736485,1229,42,False,"Array, Dynamic Programming, Sorting"
2607,Minimum Subarrays in a Valid Split,minimum-subarrays-in-a-valid-split,Medium,64.78567552902875,42,9,True,"Array, Math, Dynamic Programming, Number Theory"
2561,Number of Distinct Averages,number-of-distinct-averages,Easy,59.03928390785218,437,36,False,"Array, Hash Table, Two Pointers, Sorting"
2562,Count Ways To Build Good Strings,count-ways-to-build-good-strings,Medium,58.86780779542173,2234,210,False,Dynamic Programming
2564,Most Profitable Path in a Tree,most-profitable-path-in-a-tree,Medium,67.29738464446653,1416,248,False,"Array, Tree, Depth-First Search, Breadth-First Search, Graph Theory"
2563,Split Message Based on Limit,split-message-based-on-limit,Hard,42.14643531290837,200,203,False,"String, Enumeration"
2556,Convert the Temperature,convert-the-temperature,Easy,90.28792870941753,764,370,False,Math
2557,Number of Subarrays With LCM Equal to K,number-of-subarrays-with-lcm-equal-to-k,Medium,45.7199261287652,389,41,False,"Array, Math, Number Theory"
2558,Minimum Number of Operations to Sort a Binary Tree by Level,minimum-number-of-operations-to-sort-a-binary-tree-by-level,Medium,74.24518263054655,1259,45,False,"Tree, Breadth-First Search, Binary Tree"
2559,Maximum Number of Non-overlapping Palindrome Substrings,maximum-number-of-non-overlapping-palindrome-substrings,Hard,44.843679429919206,516,11,False,"Two Pointers, String, Dynamic Programming, Greedy"
2612,Minimum Cost to Buy Apples,minimum-cost-to-buy-apples,Medium,67.29986431478969,121,27,True,"Array, Graph Theory, Heap (Priority Queue), Shortest Path"
2613,Customers With Strictly Increasing Purchases,customers-with-strictly-increasing-purchases,Hard,50.45228587727162,46,6,True,Database
2566,Number of Unequal Triplets in Array,number-of-unequal-triplets-in-array,Easy,73.44402613601254,458,50,False,"Array, Hash Table, Sorting"
2567,Closest Nodes Queries in a Binary Search Tree,closest-nodes-queries-in-a-binary-search-tree,Medium,44.64128230002646,542,144,False,"Array, Binary Search, Tree, Depth-First Search, Binary Search Tree, Binary Tree"
2568,Minimum Fuel Cost to Report to the Capital,minimum-fuel-cost-to-report-to-the-capital,Medium,65.3873272037091,2332,99,False,"Tree, Depth-First Search, Breadth-First Search, Graph Theory"
2569,Number of Beautiful Partitions,number-of-beautiful-partitions,Hard,33.1418836699927,372,18,False,"String, Dynamic Programming, Prefix Sum"
2623,Maximum XOR of Two Non-Overlapping Subtrees,maximum-xor-of-two-non-overlapping-subtrees,Hard,52.21052631578947,32,5,True,"Tree, Depth-First Search, Graph Theory, Trie"
2622,Form a Chemical Bond,form-a-chemical-bond,Easy,80.19938487644501,31,11,True,Database
2575,Minimum Cuts to Divide a Circle,minimum-cuts-to-divide-a-circle,Easy,56.34986830553117,336,63,False,"Math, Geometry"
2606,Difference Between Ones and Zeros in Row and Column,difference-between-ones-and-zeros-in-row-and-column,Medium,84.46396401565136,1254,86,False,"Array, Matrix, Simulation"
2576,Minimum Penalty for a Shop,minimum-penalty-for-a-shop,Medium,71.24456580318326,2468,137,False,"String, Prefix Sum"
2577,Count Palindromic Subsequences,count-palindromic-subsequences,Hard,41.323868350696046,626,31,False,"String, Dynamic Programming"
2571,Find the Pivot Integer,find-the-pivot-integer,Easy,83.82257524383607,1470,60,False,"Math, Prefix Sum"
2572,Append Characters to String to Make Subsequence,append-characters-to-string-to-make-subsequence,Medium,73.09418476885473,1202,90,False,"Two Pointers, String, Greedy"
2573,Remove Nodes From Linked List,remove-nodes-from-linked-list,Medium,75.00747126591514,2443,88,False,"Linked List, Stack, Recursion, Monotonic Stack"
2574,Count Subarrays With Median K,count-subarrays-with-median-k,Hard,48.955291970802925,668,17,False,"Array, Hash Table, Prefix Sum"
2629,Number of Substrings With Fixed Ratio,number-of-substrings-with-fixed-ratio,Medium,57.13822193380922,55,3,True,"Hash Table, Math, String, Prefix Sum"
2580,Circular Sentence,circular-sentence,Easy,70.15499764046547,768,28,False,String
2581,Divide Players Into Teams of Equal Skill,divide-players-into-teams-of-equal-skill,Medium,68.92763643686648,1089,36,False,"Array, Hash Table, Two Pointers, Sorting"
2582,Minimum Score of a Path Between Two Cities,minimum-score-of-a-path-between-two-cities,Medium,58.937793396586024,1922,324,False,"Depth-First Search, Breadth-First Search, Union-Find, Graph Theory"
2583,Divide Nodes Into the Maximum Number of Groups,divide-nodes-into-the-maximum-number-of-groups,Hard,66.88122381967993,1006,75,False,"Depth-First Search, Breadth-First Search, Union-Find, Graph Theory"
2637,Merge Overlapping Events in the Same Hall,merge-overlapping-events-in-the-same-hall,Hard,37.73974962673711,56,8,True,Database
2638,Number of Subarrays Having Even Product,number-of-subarrays-having-even-product,Medium,63.41571050308914,54,5,True,"Array, Math, Dynamic Programming"
2589,Maximum Value of a String in an Array,maximum-value-of-a-string-in-an-array,Easy,74.34771405845648,438,24,False,"Array, String"
2590,Maximum Star Sum of a Graph,maximum-star-sum-of-a-graph,Medium,42.473224518831756,455,61,False,"Array, Greedy, Graph Theory, Sorting, Heap (Priority Queue)"
2591,Frog Jump II,frog-jump-ii,Medium,62.33010879064581,888,133,False,"Array, Binary Search, Greedy"
2592,Minimum Total Cost to Make Arrays Unequal,minimum-total-cost-to-make-arrays-unequal,Hard,41.33848296821578,235,13,False,"Array, Hash Table, Greedy, Counting"
2585,Delete Greatest Value in Each Row,delete-greatest-value-in-each-row,Easy,79.99745147177505,715,53,False,"Array, Sorting, Heap (Priority Queue), Matrix, Simulation"
2586,Longest Square Streak in an Array,longest-square-streak-in-an-array,Medium,53.10570053153467,1011,34,False,"Array, Hash Table, Binary Search, Dynamic Programming, Sorting"
2587,Design Memory Allocator,design-memory-allocator,Medium,50.30834371108344,373,101,False,"Array, Hash Table, Design, Simulation"
2588,Maximum Number of Points From Grid Queries,maximum-number-of-points-from-grid-queries,Hard,59.25651224691211,1110,50,False,"Array, Two Pointers, Breadth-First Search, Union-Find, Sorting, Heap (Priority Queue), Matrix"
2643,Concatenate the Name and the Profession,concatenate-the-name-and-the-profession,Easy,80.4266549373213,32,4,True,Database
2644,Bitwise OR of All Subsequence Sums,bitwise-or-of-all-subsequence-sums,Medium,64.13802937401968,56,17,True,"Array, Math, Bit Manipulation, Brainteaser, Prefix Sum"
2594,Count Pairs Of Similar Strings,count-pairs-of-similar-strings,Easy,73.72275742261529,592,41,False,"Array, Hash Table, String, Bit Manipulation, Counting"
2595,Smallest Value After Replacing With Sum of Prime Factors,smallest-value-after-replacing-with-sum-of-prime-factors,Medium,50.16139828932688,465,29,False,"Math, Simulation, Number Theory"
2596,Add Edges to Make Degrees of All Nodes Even,add-edges-to-make-degrees-of-all-nodes-even,Hard,36.471824116455316,369,63,False,"Hash Table, Graph Theory"
2597,Cycle Length Queries in a Tree,cycle-length-queries-in-a-tree,Hard,60.576807047182335,393,31,False,"Array, Tree, Binary Tree"
2653,Check if There is a Path With Equal Number of 0's And 1's,check-if-there-is-a-path-with-equal-number-of-0s-and-1s,Medium,52.08400438059654,112,5,True,"Array, Dynamic Programming, Matrix"
2602,Maximum Enemy Forts That Can Be Captured,maximum-enemy-forts-that-can-be-captured,Easy,41.547607967237525,332,304,False,"Array, Two Pointers"
2603,Reward Top K Students,reward-top-k-students,Medium,47.17266585778697,369,92,False,"Array, Hash Table, String, Sorting, Heap (Priority Queue)"
2628,Minimize the Maximum of Two Arrays,minimize-the-maximum-of-two-arrays,Medium,32.43064978139605,528,105,False,"Math, Binary Search, Number Theory"
2605,Count Anagrams,count-anagrams,Hard,37.980965209223186,483,45,False,"Hash Table, Math, String, Combinatorics, Counting"
2598,Shortest Distance to Target String in a Circular Array,shortest-distance-to-target-string-in-a-circular-array,Easy,65.2208260877695,633,37,False,"Array, String"
2599,Take K of Each Character From Left and Right,take-k-of-each-character-from-left-and-right,Medium,51.488853433001594,1550,176,False,"Hash Table, String, Sliding Window"
2600,Maximum Tastiness of Candy Basket,maximum-tastiness-of-candy-basket,Medium,68.32811582860498,1082,183,False,"Array, Binary Search, Greedy, Sorting"
2601,Number of Great Partitions,number-of-great-partitions,Hard,33.645729002718554,497,12,False,"Array, Dynamic Programming"
2658,Count the Number of K-Big Indices,count-the-number-of-k-big-indices,Hard,53.66120817131278,113,24,True,"Array, Binary Search, Divide and Conquer, Binary Indexed Tree, Segment Tree, Merge Sort, Ordered Set"
2608,Count the Digits That Divide a Number,count-the-digits-that-divide-a-number,Easy,85.94673281605,698,44,False,Math
2609,Distinct Prime Factors of Product of Array,distinct-prime-factors-of-product-of-array,Medium,54.793062975110516,552,14,False,"Array, Hash Table, Math, Number Theory"
2511,Partition String Into Substrings With Values at Most K,partition-string-into-substrings-with-values-at-most-k,Medium,47.83040915274338,396,55,False,"String, Dynamic Programming, Greedy"
2610,Closest Prime Numbers in Range,closest-prime-numbers-in-range,Medium,51.84492424120268,933,78,False,"Math, Number Theory"
2667,Maximum Frequency Score of a Subarray,maximum-frequency-score-of-a-subarray,Hard,36.05861117009981,25,7,True,"Array, Hash Table, Math, Stack, Sliding Window"
2619,Categorize Box According to Criteria,categorize-box-according-to-criteria,Easy,39.28372238293189,248,63,False,Math
2620,Find Consecutive Integers from a Data Stream,find-consecutive-integers-from-a-data-stream,Medium,51.36464487155498,344,41,False,"Hash Table, Design, Queue, Counting, Data Stream"
2621,Find Xor-Beauty of Array,find-xor-beauty-of-array,Medium,71.02043956607596,397,58,False,"Array, Math, Bit Manipulation"
2618,Maximize the Minimum Powered City,maximize-the-minimum-powered-city,Hard,61.56640628495245,880,33,False,"Array, Binary Search, Greedy, Queue, Sliding Window, Prefix Sum"
2614,Maximum Count of Positive Integer and Negative Integer,maximum-count-of-positive-integer-and-negative-integer,Easy,74.26399964928642,1598,90,False,"Array, Binary Search, Counting"
2616,Maximal Score After Applying K Operations,maximal-score-after-applying-k-operations,Medium,64.11672351253316,884,52,False,"Array, Greedy, Heap (Priority Queue)"
2615,Make Number of Distinct Characters Equal,make-number-of-distinct-characters-equal,Medium,27.718574151132763,615,160,False,"Hash Table, String, Counting"
2642,Time to Cross a Bridge,time-to-cross-a-bridge,Hard,44.28454253970621,126,226,False,"Array, Heap (Priority Queue), Simulation"
2672,Number of Good Binary Strings,number-of-good-binary-strings,Medium,52.946755182224635,58,23,True,Dynamic Programming
2617,Time Taken to Cross the Door,time-taken-to-cross-the-door,Hard,50.274465927764766,118,24,True,"Array, Queue, Simulation"
2624,Difference Between Element Sum and Digit Sum of an Array,difference-between-element-sum-and-digit-sum-of-an-array,Easy,85.32337224548324,827,32,False,"Array, Math"
2625,Increment Submatrices by One,increment-submatrices-by-one,Medium,73.82790879760249,891,81,False,"Array, Matrix, Prefix Sum"
2626,Count the Number of Good Subarrays,count-the-number-of-good-subarrays,Medium,65.73075822885946,1580,59,False,"Array, Hash Table, Sliding Window"
2627,Difference Between Maximum and Minimum Price Sum,difference-between-maximum-and-minimum-price-sum,Hard,33.75257731958763,483,20,False,"Array, Dynamic Programming, Tree, Depth-First Search"
2683,Count the Number of Good Subsequences,count-the-number-of-good-subsequences,Medium,48.46832211650035,41,82,True,"Hash Table, Math, String, Combinatorics, Counting"
2634,Minimum Common Value,minimum-common-value,Easy,60.79486096902183,1410,45,False,"Array, Hash Table, Two Pointers, Binary Search"
2604,Minimum Operations to Make Array Equal II,minimum-operations-to-make-array-equal-ii,Medium,33.26546341351187,448,27,False,"Array, Math, Greedy"
2636,Maximum Subsequence Score,maximum-subsequence-score,Medium,54.7827538479729,3193,212,False,"Array, Greedy, Sorting, Heap (Priority Queue)"
2635,Check if Point Is Reachable,check-if-point-is-reachable,Hard,45.0261780104712,265,52,False,"Math, Number Theory"
2630,Alternating Digit Sum,alternating-digit-sum,Easy,69.20365728718984,497,23,False,Math
2631,Sort the Students by Their Kth Score,sort-the-students-by-their-kth-score,Medium,86.03221110779337,738,53,False,"Array, Sorting, Matrix"
2632,Apply Bitwise Operations to Make Strings Equal,apply-bitwise-operations-to-make-strings-equal,Medium,42.75066121663861,263,101,False,"String, Bit Manipulation"
2633,Minimum Cost to Split an Array,minimum-cost-to-split-an-array,Hard,44.68920676202861,468,31,False,"Array, Hash Table, Dynamic Programming, Counting"
2693,Maximum Price to Fill a Bag,maximum-price-to-fill-a-bag,Medium,64.62431473718155,42,9,True,"Array, Greedy, Sorting"
2679,Count Distinct Numbers on Board,count-distinct-numbers-on-board,Easy,61.80320511621819,325,296,False,"Array, Hash Table, Math, Simulation"
2680,Count Collisions of Monkeys on a Polygon,count-collisions-of-monkeys-on-a-polygon,Medium,30.227290053473606,271,531,False,"Math, Recursion"
2681,Put Marbles in Bags,put-marbles-in-bags,Hard,72.09339203761054,2659,125,False,"Array, Greedy, Sorting, Heap (Priority Queue)"
2682,Count Increasing Quadruplets,count-increasing-quadruplets,Hard,34.49131513647642,402,73,False,"Array, Dynamic Programming, Binary Indexed Tree, Enumeration, Prefix Sum"
2639,Separate the Digits in an Array,separate-the-digits-in-an-array,Easy,85.7868582934624,720,18,False,"Array, Simulation"
2640,Maximum Number of Integers to Choose From a Range I,maximum-number-of-integers-to-choose-from-a-range-i,Medium,68.01237290699619,832,57,False,"Array, Hash Table, Binary Search, Greedy, Sorting"
2673,Maximize Win From Two Segments,maximize-win-from-two-segments,Medium,37.896866450559806,606,64,False,"Array, Binary Search, Sliding Window"
2641,Disconnect Path in a Binary Matrix by at Most One Flip,disconnect-path-in-a-binary-matrix-by-at-most-one-flip,Medium,28.003571737189276,646,33,False,"Array, Dynamic Programming, Depth-First Search, Breadth-First Search, Matrix"
2702,Maximum Number of Integers to Choose From a Range II,maximum-number-of-integers-to-choose-from-a-range-ii,Medium,34.94744301405456,42,26,True,"Array, Binary Search, Greedy, Sorting"
2692,Take Gifts From the Richest Pile,take-gifts-from-the-richest-pile,Easy,75.49631204830027,864,83,False,"Array, Heap (Priority Queue), Simulation"
2691,Count Vowel Strings in Ranges,count-vowel-strings-in-ranges,Medium,67.85962691560935,1189,73,False,"Array, String, Prefix Sum"
2690,House Robber IV,house-robber-iv,Medium,64.66580187069025,1726,103,False,"Array, Binary Search, Dynamic Programming, Greedy"
2689,Rearranging Fruits,rearranging-fruits,Hard,57.29916865433157,949,58,False,"Array, Hash Table, Greedy, Sort"
2698,Find the Array Concatenation Value,find-the-array-concatenation-value,Easy,72.06380188477843,398,20,False,"Array, Two Pointers, Simulation"
2699,Count the Number of Fair Pairs,count-the-number-of-fair-pairs,Medium,52.602477676670404,2021,150,False,"Array, Two Pointers, Binary Search, Sorting"
2700,Substring XOR Queries,substring-xor-queries,Medium,35.699657231551946,406,85,False,"Array, Hash Table, String, Bit Manipulation"
2701,Subsequence With the Minimum Score,subsequence-with-the-minimum-score,Hard,33.51922421538557,411,7,False,"Two Pointers, String, Binary Search"
2704,Maximum Difference by Remapping a Digit,maximum-difference-by-remapping-a-digit,Easy,75.6260266166069,614,76,False,"Math, Greedy"
2706,Minimum Score by Changing Two Elements,minimum-score-by-changing-two-elements,Medium,50.05639179282523,275,274,False,"Array, Greedy, Sorting"
2705,Minimum Impossible OR,minimum-impossible-or,Medium,59.225740143318006,387,22,False,"Array, Bit Manipulation, Brainteaser"
2703,Handling Sum Queries After Update,handling-sum-queries-after-update,Hard,31.355038058632907,203,25,False,"Array, Segment Tree"
2707,Merge Two 2D Arrays by Summing Values,merge-two-2d-arrays-by-summing-values,Easy,81.67153927905508,843,39,False,"Array, Hash Table, Two Pointers"
2710,Minimum Operations to Reduce an Integer to 0,minimum-operations-to-reduce-an-integer-to-0,Medium,62.76089576857197,642,201,False,"Dynamic Programming, Greedy, Bit Manipulation"
2709,Count the Number of Square-Free Subsets,count-the-number-of-square-free-subsets,Medium,26.73158561108215,508,124,False,"Array, Math, Dynamic Programming, Bit Manipulation, Number Theory, Bitmask"
2708,Find the String with LCP,find-the-string-with-lcp,Hard,63.11296230651069,452,62,False,"Array, String, Dynamic Programming, Greedy, Union-Find, Matrix"
2714,Left and Right Sum Differences,left-and-right-sum-differences,Easy,89.6404429247971,1484,120,False,"Array, Prefix Sum"
2713,Find the Divisibility Array of a String,find-the-divisibility-array-of-a-string,Medium,36.69021855200399,589,25,False,"Array, Math, String"
2712,Find the Maximum Number of Marked Indices,find-the-maximum-number-of-marked-indices,Medium,41.361952141243854,605,29,False,"Array, Two Pointers, Binary Search, Greedy, Sorting"
2711,Minimum Time to Visit a Cell In a Grid,minimum-time-to-visit-a-cell-in-a-grid,Hard,56.17112996403464,1147,45,False,"Array, Breadth-First Search, Graph Theory, Heap (Priority Queue), Matrix, Shortest Path"
2650,Split With Minimum Sum,split-with-minimum-sum,Easy,73.70910037969651,433,35,False,"Math, Greedy, Sorting"
2649,Count Total Number of Colored Cells,count-total-number-of-colored-cells,Medium,66.1087987516483,848,95,False,Math
2651,Count Ways to Group Overlapping Ranges,count-ways-to-group-overlapping-ranges,Medium,39.263705737731094,343,27,False,"Array, Sorting"
2652,Count Number of Possible Root Nodes,count-number-of-possible-root-nodes,Hard,48.489519112207155,326,10,False,"Array, Hash Table, Dynamic Programming, Tree, Depth-First Search"
2645,Pass the Pillow,pass-the-pillow,Easy,56.572694363219924,1109,59,False,"Math, Simulation"
2646,Kth Largest Sum in a Binary Tree,kth-largest-sum-in-a-binary-tree,Medium,58.98084993918088,1095,40,False,"Tree, Breadth-First Search, Sorting, Binary Tree"
2647,Split the Array to Make Coprime Products,split-the-array-to-make-coprime-products,Hard,29.04644092047216,323,112,False,"Array, Hash Table, Math, Number Theory"
2648,Number of Ways to Earn Points,number-of-ways-to-earn-points,Hard,59.93819049009588,514,12,False,"Array, Dynamic Programming"
2654,Count the Number of Vowel Strings in Range,count-the-number-of-vowel-strings-in-range,Easy,74.37676939254226,387,33,False,"Array, String, Counting"
2655,Rearrange Array to Maximize Prefix Score,rearrange-array-to-maximize-prefix-score,Medium,42.9202520779683,310,54,False,"Array, Greedy, Sorting, Prefix Sum"
2656,Count the Number of Beautiful Subarrays,count-the-number-of-beautiful-subarrays,Medium,54.32924347269873,565,24,False,"Array, Hash Table, Bit Manipulation, Prefix Sum"
2657,Minimum Time to Complete All Tasks,minimum-time-to-complete-all-tasks,Hard,39.98862931569154,466,21,False,"Array, Binary Search, Stack, Greedy, Sorting"
2688,Design a Todo List,design-a-todo-list,Medium,59.83157331907499,48,15,True,"Array, Hash Table, String, Design, Sorting"
2663,Distribute Money to Maximum Children,distribute-money-to-maximum-children,Easy,20.69023860813298,372,927,False,"Math, Greedy"
2664,Maximize Greatness of an Array,maximize-greatness-of-an-array,Medium,61.83489632992273,510,22,False,"Array, Two Pointers, Greedy, Sorting"
2695,Find Score of an Array After Marking All Elements,find-score-of-an-array-after-marking-all-elements,Medium,64.52572430633468,946,22,False,"Array, Hash Table, Sorting, Heap (Priority Queue), Simulation"
2665,Minimum Time to Repair Cars,minimum-time-to-repair-cars,Medium,59.5073582026828,1366,94,False,"Array, Binary Search"
2659,Number of Even and Odd Bits,number-of-even-and-odd-bits,Easy,73.61045106623929,376,118,False,Bit Manipulation
2662,Check Knight Tour Configuration,check-knight-tour-configuration,Medium,61.51167425370786,546,70,False,"Array, Depth-First Search, Breadth-First Search, Matrix, Simulation"
2696,The Number of Beautiful Subsets,the-number-of-beautiful-subsets,Medium,50.915869732795,1313,178,False,"Array, Hash Table, Math, Dynamic Programming, Backtracking, Sorting, Combinatorics"
2661,Smallest Missing Non-negative Integer After Operations,smallest-missing-non-negative-integer-after-operations,Medium,55.9463101562803,809,176,False,"Array, Hash Table, Math, Greedy"
2674,Make the Prefix Sum Non-negative,make-the-prefix-sum-non-negative,Medium,51.94971623848173,98,3,True,"Array, Greedy, Heap (Priority Queue)"
2715,K Items With the Maximum Sum,k-items-with-the-maximum-sum,Easy,60.3219627873039,341,40,False,"Math, Greedy"
2716,Prime Subtraction Operation,prime-subtraction-operation,Medium,55.56390145894583,944,97,False,"Array, Math, Binary Search, Greedy, Number Theory"
2718,Minimum Operations to Make All Array Elements Equal,minimum-operations-to-make-all-array-elements-equal,Medium,38.521555968242495,892,29,False,"Array, Binary Search, Sorting, Prefix Sum"
2717,Collect Coins in a Tree,collect-coins-in-a-tree,Hard,40.406834099121205,575,25,False,"Array, Tree, Graph Theory, Topological Sort"
2666,Minimum Time to Eat All Grains,minimum-time-to-eat-all-grains,Hard,40.928495197438636,50,4,True,"Array, Two Pointers, Binary Search, Sorting"
2668,Form Smallest Number From Two Digit Arrays,form-smallest-number-from-two-digit-arrays,Easy,55.37638926823119,332,29,False,"Array, Hash Table, Enumeration"
2669,Find the Substring With Maximum Cost,find-the-substring-with-maximum-cost,Medium,58.2114507981766,401,14,False,"Array, Hash Table, String, Dynamic Programming"
2670,Make K-Subarray Sums Equal,make-k-subarray-sums-equal,Medium,38.716459488581116,530,89,False,"Array, Math, Greedy, Sorting, Number Theory"
2671,Shortest Cycle in a Graph,shortest-cycle-in-a-graph,Hard,39.86409545499555,647,21,False,"Breadth-First Search, Graph Theory"
2723,Find the Longest Balanced Substring of a Binary String,find-the-longest-balanced-substring-of-a-binary-string,Easy,46.681815533414905,399,32,False,String
2724,Convert an Array Into a 2D Array With Conditions,convert-an-array-into-a-2d-array-with-conditions,Medium,86.11752020750392,1701,81,False,"Array, Hash Table"
2725,Mice and Cheese,mice-and-cheese,Medium,48.86296804548128,679,74,False,"Array, Greedy, Sorting, Heap (Priority Queue)"
2726,Minimum Reverse Operations,minimum-reverse-operations,Hard,17.131168499105087,257,74,False,"Array, Hash Table, Breadth-First Search, Union-Find, Ordered Set"
2719,Beautiful Pairs,beautiful-pairs,Hard,48.935226264418816,18,3,True,"Array, Math, Divide and Conquer, Geometry, Sorting, Ordered Set"
2722,Prime In Diagonal,prime-in-diagonal,Easy,37.970188308957525,418,47,False,"Array, Math, Matrix, Number Theory"
2721,Sum of Distances,sum-of-distances,Medium,50.310787239129084,1267,129,False,"Array, Hash Table, Prefix Sum"
2720,Minimize the Maximum Difference of Pairs,minimize-the-maximum-difference-of-pairs,Medium,50.99084733304089,2937,330,False,"Array, Binary Search, Dynamic Programming, Greedy, Sorting"
2697,Minimum Number of Visited Cells in a Grid,minimum-number-of-visited-cells-in-a-grid,Hard,23.93489057892286,420,39,False,"Array, Dynamic Programming, Stack, Breadth-First Search, Union-Find, Heap (Priority Queue), Matrix, Monotonic Stack"
2758,Check if Object Instance of Class,check-if-object-instance-of-class,Medium,29.725162515100962,296,111,False,
2734,Array Prototype Last,array-prototype-last,Easy,74.6716950838136,624,28,False,
2732,Counter,counter,Easy,82.43992585328247,1639,130,False,
2733,Sleep,sleep,Easy,87.37627773201723,719,61,False,
2762,Cache With Time Limit,cache-with-time-limit,Medium,76.18303005949001,541,46,False,
2731,Memoize,memoize,Medium,65.1311863360428,777,121,False,
2760,Snail Traversal,snail-traversal,Medium,68.68494795836669,125,47,False,
2759,Flatten Deeply Nested Array,flatten-deeply-nested-array,Medium,66.02052451539339,429,32,False,
2761,Array Reduce Transformation,array-reduce-transformation,Easy,85.53054936801769,778,51,False,
2743,Debounce,debounce,Medium,91.71577946768062,486,57,False,
2735,JSON Deep Equal,json-deep-equal,Medium,39.71880950517777,222,18,True,
2741,Function Composition,function-composition,Easy,86.82417051803822,838,66,False,
2744,Memoize II,memoize-ii,Hard,39.22837663765748,134,46,False,
2742,Group By,group-by,Medium,81.50908853145025,372,23,False,
2740,Curry,curry,Medium,89.44198739060883,349,35,True,
2745,Convert Object to JSON String,convert-object-to-json-string,Medium,78.07787903893953,209,12,True,
2746,Filter Elements from Array,filter-elements-from-array,Easy,85.54985461252829,823,111,False,
2747,Apply Transform Over Each Element in Array,apply-transform-over-each-element-in-array,Easy,86.1700077577219,927,120,False,
2750,Promise Pool,promise-pool,Medium,79.38907422852377,299,27,True,
2749,Promise Time Limit,promise-time-limit,Medium,83.26373644511199,583,85,False,
2738,Count the Number of K-Free Subsets,count-the-number-of-k-free-subsets,Medium,47.32205778717407,98,19,True,"Array, Math, Dynamic Programming, Sorting, Combinatorics"
2675,Find the Width of Columns of a Grid,find-the-width-of-columns-of-a-grid,Easy,70.50731160515635,196,56,False,"Array, Matrix"
2676,Find the Score of All Prefixes of an Array,find-the-score-of-all-prefixes-of-an-array,Medium,73.02335886560739,372,49,False,"Array, Prefix Sum"
2677,Cousins in Binary Tree II,cousins-in-binary-tree-ii,Medium,75.90658863070058,1237,54,False,"Hash Table, Tree, Depth-First Search, Breadth-First Search, Binary Tree"
2678,Design Graph With Shortest Path Calculator,design-graph-with-shortest-path-calculator,Hard,65.31477725490825,880,62,False,"Graph Theory, Design, Heap (Priority Queue), Shortest Path"
2737,Row With Maximum Ones,row-with-maximum-ones,Easy,74.2603394818435,610,23,False,"Array, Matrix"
2694,Find the Maximum Divisibility Score,find-the-maximum-divisibility-score,Easy,52.063009468178066,254,66,False,Array
2736,Minimum Additions to Make Valid String,minimum-additions-to-make-valid-string,Medium,51.11605681743798,594,29,False,"String, Dynamic Programming, Stack, Greedy"
2739,Minimize the Total Price of the Trips,minimize-the-total-price-of-the-trips,Hard,48.50030605998776,525,21,False,"Array, Dynamic Programming, Tree, Depth-First Search, Graph Theory"
2540,Color the Triangle Red,color-the-triangle-red,Hard,59.34466019417476,11,19,True,"Array, Math"
2775,Generate Fibonacci Sequence,generate-fibonacci-sequence,Easy,83.66331087245314,286,32,False,
2783,Nested Array Generator,nested-array-generator,Medium,80.54043153861666,175,13,False,
2788,Design Cancellable Function,design-cancellable-function,Hard,57.70132916340891,73,21,False,
2748,Calculate Delayed Arrival Time,calculate-delayed-arrival-time,Easy,75.48448136240089,300,54,False,Math
2752,Sum Multiples,sum-multiples,Easy,86.05415341228607,601,44,False,Math
2751,Sliding Subarray Beauty,sliding-subarray-beauty,Medium,37.33668031521985,757,140,False,"Array, Hash Table, Sliding Window"
2753,Minimum Number of Operations to Make All Array Elements Equal to 1,minimum-number-of-operations-to-make-all-array-elements-equal-to-1,Medium,54.7145331366777,788,50,False,"Array, Math, Number Theory"
2815,Find Maximal Uncovered Ranges,find-maximal-uncovered-ranges,Medium,49.768323504633535,34,3,True,"Array, Sorting"
2767,Maximum Sum With Exactly K Elements ,maximum-sum-with-exactly-k-elements,Easy,80.74040376168068,440,52,False,"Array, Greedy"
2766,Find the Prefix Common Array of Two Arrays,find-the-prefix-common-array-of-two-arrays,Medium,88.30733378891942,1387,78,False,"Array, Hash Table, Bit Manipulation"
2764,Maximum Number of Fish in a Grid,maximum-number-of-fish-in-a-grid,Medium,70.60004347214586,962,67,False,"Array, Depth-First Search, Breadth-First Search, Union-Find, Matrix"
2765,Make Array Empty,make-array-empty,Hard,27.16102685879792,572,35,False,"Array, Binary Search, Greedy, Binary Indexed Tree, Segment Tree, Sorting, Ordered Set"
2684,Determine the Winner of a Bowling Game,determine-the-winner-of-a-bowling-game,Easy,37.77703183972884,297,157,False,"Array, Simulation"
2685,First Completely Painted Row or Column,first-completely-painted-row-or-column,Medium,63.86634522047707,1111,33,False,"Array, Hash Table, Matrix"
2686,Minimum Cost of a Path With Special Roads,minimum-cost-of-a-path-with-special-roads,Medium,43.42752231624708,713,93,False,"Array, Graph Theory, Heap (Priority Queue), Shortest Path"
2687,Lexicographically Smallest Beautiful String,lexicographically-smallest-beautiful-string,Hard,38.40030066967336,227,28,False,"String, Greedy"
2823,The Knight’s Tour,the-knights-tour,Medium,72.72148541114059,58,16,True,"Array, Backtracking, Matrix"
2789,Counter II,counter-ii,Easy,81.25583677931952,900,37,False,
2796,Allow One Function Call,allow-one-function-call,Easy,86.58729541151142,595,82,False,
2809,Create Hello World Function,create-hello-world-function,Easy,81.91857823126654,1675,230,False,
2829,Find Latest Salaries,find-latest-salaries,Easy,75.2874180724186,20,18,True,Database
2830,Count Artist Occurrences On Spotify Ranking List,count-artist-occurrences-on-spotify-ranking-list,Easy,74.26340078097266,17,2,True,Database
2777,Find the Distinct Difference Array,find-the-distinct-difference-array,Easy,77.51886914054109,378,38,False,"Array, Hash Table"
2778,Frequency Tracker,frequency-tracker,Medium,31.371911914220128,347,31,False,"Hash Table, Design"
2779,Number of Adjacent Elements With the Same Color,number-of-adjacent-elements-with-the-same-color,Medium,59.87414050309504,402,119,False,Array
2780,Make Costs of Paths Equal in a Binary Tree,make-costs-of-paths-equal-in-a-binary-tree,Medium,58.69291898944372,669,16,False,"Array, Dynamic Programming, Greedy, Tree, Binary Tree"
2835,Split a Circular Linked List,split-a-circular-linked-list,Medium,77.58505670446965,46,7,True,"Linked List, Two Pointers"
2769,Array of Objects to Matrix,array-of-objects-to-matrix,Hard,68.62959719789843,134,73,True,
2771,Throttle,throttle,Medium,83.49535230256156,171,30,True,
2798,Chunk Array,chunk-array,Easy,84.56110520722635,416,14,False,
2727,Number of Senior Citizens,number-of-senior-citizens,Easy,81.22640506194502,795,59,False,"Array, String"
2728,Sum in a Matrix,sum-in-a-matrix,Medium,60.83621525243218,410,67,False,"Array, Sorting, Heap (Priority Queue), Matrix, Simulation"
2730,Maximum OR,maximum-or,Medium,43.30805892547661,428,50,False,"Array, Greedy, Bit Manipulation, Prefix Sum"
2784,Power of Heroes,power-of-heroes,Hard,31.809810815335677,342,16,False,"Array, Math, Dynamic Programming, Sorting, Prefix Sum"
2791,Find the Losers of the Circular Game,find-the-losers-of-the-circular-game,Easy,50.20373027259685,258,42,False,"Array, Hash Table, Simulation"
2792,Neighboring Bitwise XOR,neighboring-bitwise-xor,Medium,79.80863330265007,806,50,False,"Array, Bit Manipulation"
2794,Maximum Number of Moves in a Grid,maximum-number-of-moves-in-a-grid,Medium,58.76365201957632,956,28,False,"Array, Dynamic Programming, Matrix"
2793,Count the Number of Complete Components,count-the-number-of-complete-components,Medium,77.87120542153575,1302,32,False,"Depth-First Search, Breadth-First Search, Union-Find, Graph Theory"
2840,Immediate Food Delivery III,immediate-food-delivery-iii,Medium,70.43235704323571,16,1,True,Database
2841,Bikes Last Time Used ,bikes-last-time-used,Easy,80.64438276819115,23,3,True,Database
2842,Find Active Users,find-active-users,Medium,45.12186302162436,28,8,True,Database
2843,Extract Kth Character From The Rope Tree,extract-kth-character-from-the-rope-tree,Easy,73.29553714202646,41,29,True,"Tree, Depth-First Search, Binary Tree"
2772,Infinite Method Object,infinite-method-object,Easy,93.05496378355346,32,9,True,
2773,Immutability Helper,immutability-helper,Hard,40.15748031496063,11,8,True,
2776,Make Object Immutable,make-object-immutable,Medium,62.923203963666396,17,1,True,
2790,Call Function with Custom Context,call-function-with-custom-context,Medium,77.55975740278274,146,14,False,
2797,Event Emitter,event-emitter,Medium,75.17678804044414,295,38,False,
2805,Array Wrapper,array-wrapper,Easy,89.05214940098661,283,63,False,
2800,Minimum String Length After Removing Substrings,minimum-string-length-after-removing-substrings,Easy,77.19472168671759,1023,29,False,"String, Stack, Simulation"
2816,Lexicographically Smallest Palindrome,lexicographically-smallest-palindrome,Easy,81.5881318231314,416,32,False,"Two Pointers, String, Greedy"
2802,Find the Punishment Number of an Integer,find-the-punishment-number-of-an-integer,Medium,81.68608694721749,1186,249,False,"Math, Backtracking"
2803,Modify Graph Edge Weights,modify-graph-edge-weights,Hard,55.58797948351122,746,153,False,"Graph Theory, Heap (Priority Queue), Shortest Path"
2774,Differences Between Two Objects,differences-between-two-objects,Medium,74.56140350877193,146,31,True,
2853,Consecutive Transactions with Increasing Amounts,consecutive-transactions-with-increasing-amounts,Hard,35.10747805025734,53,6,True,Database
2729,Minimum Operations to Make Numbers Non-positive,minimum-operations-to-make-numbers-non-positive,Hard,44.12348552262304,50,5,True,"Array, Binary Search"
2820,Return Length of Arguments Passed,return-length-of-arguments-passed,Easy,94.482604448337,429,177,False,
2813,To Be Or Not To Be,to-be-or-not-to-be,Easy,63.371671869381466,938,225,False,
2804,Compact Object,compact-object,Medium,68.25016283033771,231,25,False,
2756,Buy Two Chocolates,buy-two-chocolates,Easy,68.34823890474021,1074,72,False,"Array, Greedy, Sorting"
2755,Extra Characters in a String,extra-characters-in-a-string,Medium,57.42103911666524,2648,138,False,"Array, Hash Table, String, Dynamic Programming, Trie"
2754,Maximum Strength of a Group,maximum-strength-of-a-group,Medium,25.799441576230116,387,68,False,"Array, Dynamic Programming, Backtracking, Greedy, Bit Manipulation, Sorting, Enumeration"
2827,Greatest Common Divisor Traversal,greatest-common-divisor-traversal,Hard,41.81204004008318,869,144,False,"Array, Math, Union-Find, Number Theory"
2819,Remove Trailing Zeros From a String,remove-trailing-zeros-from-a-string,Easy,79.71840564807992,345,13,False,String
2801,Difference of Number of Distinct Values on Diagonals,difference-of-number-of-distinct-values-on-diagonals,Medium,68.46117339977458,143,211,False,"Array, Hash Table, Matrix"
2817,Minimum Cost to Make All Characters Equal,minimum-cost-to-make-all-characters-equal,Medium,54.50026835927473,587,27,False,"String, Dynamic Programming, Greedy"
2818,Maximum Strictly Increasing Cells in a Matrix,maximum-strictly-increasing-cells-in-a-matrix,Hard,31.540727675304446,635,22,False,"Array, Hash Table, Binary Search, Dynamic Programming, Memoization, Sorting, Matrix, Ordered Set"
2865,Find Shortest Path with K Hops,find-shortest-path-with-k-hops,Hard,68.69613566861274,43,1,True,"Graph Theory, Heap (Priority Queue), Shortest Path"
2821,Timeout Cancellation,timeout-cancellation,Easy,89.57832864809609,324,375,False,
2825,Minimize String Length,minimize-string-length,Easy,79.40617737533871,383,109,False,"Hash Table, String"
2785,Semi-Ordered Permutation,semi-ordered-permutation,Easy,64.34951198899697,230,21,False,"Array, Simulation"
2838,Sum of Matrix After Queries,sum-of-matrix-after-queries,Medium,32.23097446321941,734,28,False,"Array, Hash Table"
2757,Count of Integers,count-of-integers,Hard,38.974469074839426,597,12,False,"Math, String, Dynamic Programming"
2874,Popularity Percentage,popularity-percentage,Hard,53.52572473230609,14,9,True,Database
2807,Execute Asynchronous Functions in Parallel,execute-asynchronous-functions-in-parallel,Medium,78.65896624618318,263,49,False,
2858,Join Two Arrays by ID,join-two-arrays-by-id,Medium,57.59046496110852,245,65,False,
2859,Add Two Promises,add-two-promises,Easy,91.68719036162909,368,33,False,
2860,Sort By,sort-by,Easy,83.0828741306477,235,49,False,
2862,Interval Cancellation,interval-cancellation,Easy,84.9780178002203,217,99,False,
2863,Calculator with Method Chaining,calculator-with-method-chaining,Easy,77.6965485787871,154,22,False,
2864,Is Object Empty,is-object-empty,Easy,82.00821548732173,226,16,False,
2875,Count Houses in a Circular Street,count-houses-in-a-circular-street,Easy,86.04417670682732,60,12,True,"Array, Interactive"
2824,Check if The Number is Fascinating,check-if-the-number-is-fascinating,Easy,53.22773659541934,265,15,False,"Hash Table, Math"
2786,Find the Longest Semi-Repetitive Substring,find-the-longest-semi-repetitive-substring,Medium,39.12273641851107,319,89,False,"String, Sliding Window"
2787,Movement of Robots,movement-of-robots,Medium,28.089027585597787,550,103,False,"Array, Brainteaser, Sorting, Prefix Sum"
2826,Find a Good Subset of the Matrix,find-a-good-subset-of-the-matrix,Hard,46.76520875847995,214,30,False,"Array, Hash Table, Bit Manipulation, Matrix"
2836,Neither Minimum nor Maximum,neither-minimum-nor-maximum,Easy,76.44379204627934,413,20,False,"Array, Sorting"
2828,Lexicographically Smallest String After Substring Operation,lexicographically-smallest-string-after-substring-operation,Medium,35.093827113262044,281,195,False,"String, Greedy"
2810,Collecting Chocolates,collecting-chocolates,Medium,35.13227513227513,315,557,False,"Array, Enumeration"
2839,Maximum Sum Queries,maximum-sum-queries,Hard,30.76621804457737,358,17,False,"Array, Binary Search, Stack, Binary Indexed Tree, Segment Tree, Sorting, Monotonic Stack"
2880,Find the Closest Marked Node,find-the-closest-marked-node,Medium,65.44626434264693,60,6,True,"Array, Graph Theory, Heap (Priority Queue), Shortest Path"
2885,Count Occurrences in Text,count-occurrences-in-text,Medium,54.30205239593954,29,48,True,Database
2857,Total Distance Traveled,total-distance-traveled,Easy,41.61735071295564,337,107,False,"Math, Simulation"
2845,Find the Value of the Partition,find-the-value-of-the-partition,Medium,65.03077975376198,330,26,False,"Array, Sorting"
2848,Special Permutations,special-permutations,Medium,29.685074114628446,593,66,False,"Array, Dynamic Programming, Bit Manipulation, Bitmask"
2808,Painting the Walls,painting-the-walls,Hard,49.138039286034626,1519,96,False,"Array, Dynamic Programming"
2890,Count Substrings Without Repeating Character,count-substrings-without-repeating-character,Medium,75.95944967414917,98,2,True,"Hash Table, String, Sliding Window"
2847,Find Maximum Number of String Pairs,find-maximum-number-of-string-pairs,Easy,82.56749311294766,479,19,False,"Array, Hash Table, String, Simulation"
2850,Construct the Longest New String,construct-the-longest-new-string,Medium,54.933557813721364,343,29,False,"Math, Dynamic Programming, Greedy, Brainteaser"
2854,Decremental String Concatenation,decremental-string-concatenation,Medium,27.91112631990614,382,33,False,"Array, String, Dynamic Programming"
2833,Count Zero Request Servers,count-zero-request-servers,Medium,36.120355720443015,407,58,False,"Array, Hash Table, Sliding Window, Sorting"
2831,Number of Beautiful Pairs,number-of-beautiful-pairs,Easy,52.58636407511879,246,43,False,"Array, Hash Table, Math, Counting, Number Theory"
2837,Minimum Operations to Make the Integer Zero,minimum-operations-to-make-the-integer-zero,Medium,58.180026869682045,773,377,False,"Bit Manipulation, Brainteaser, Enumeration"
2867,Ways to Split Array Into Good Subarrays,ways-to-split-array-into-good-subarrays,Medium,35.179005226609085,478,14,False,"Array, Math, Dynamic Programming"
2846,Robot Collisions,robot-collisions,Hard,61.59630728819665,1524,114,False,"Array, Stack, Sorting, Simulation"
2852,Customers with Maximum Number of Transactions on Consecutive Days,customers-with-maximum-number-of-transactions-on-consecutive-days,Hard,42.49164309591155,16,35,True,Database
2897,Count Houses in a Circular Street II,count-houses-in-a-circular-street-ii,Hard,61.50919467343057,27,3,True,
2770,Bind Function to Context,bind-function-to-context,Medium,86.18618618618619,17,0,True,
2795,Deep Merge of Two Objects,deep-merge-of-two-objects,Medium,65.4295532646048,15,4,True,
2806,Query Batching,query-batching,Hard,69.71098265895954,15,5,True,
2814,Generate Circular Array Values,generate-circular-array-values,Medium,75.92975206611571,11,2,True,
2822,Next Day,next-day,Easy,85.60371517027863,14,1,True,
2851,Convert JSON String to Object,convert-json-string-to-object,Hard,62.11734693877551,17,4,True,
2866,Longest Even Odd Subarray With Threshold,longest-even-odd-subarray-with-threshold,Easy,32.27499220510286,367,290,False,"Array, Sliding Window"
2873,Prime Pairs With Target Sum,prime-pairs-with-target-sum,Medium,37.8976122843478,417,34,False,"Array, Math, Enumeration, Number Theory"
2868,Continuous Subarrays,continuous-subarrays,Medium,57.98039817996813,1515,97,False,"Array, Queue, Sliding Window, Heap (Priority Queue), Ordered Set, Monotonic Queue"
2849,Sum of Imbalance Numbers of All Subarrays,sum-of-imbalance-numbers-of-all-subarrays,Hard,43.52168086118196,329,9,False,"Array, Hash Table, Enumeration"
2918,Is Array a Preorder of Some ‌Binary Tree,is-array-a-preorder-of-some-binary-tree,Medium,67.58021390374331,36,5,True,"Stack, Tree, Depth-First Search, Binary Tree"
2870,Longest Alternating Subarray,longest-alternating-subarray,Easy,35.4471111475477,252,188,False,"Array, Enumeration"
2834,Relocate Marbles,relocate-marbles,Medium,51.65606361829026,213,19,False,"Array, Hash Table, Sorting, Simulation"
2883,Partition String Into Minimum Beautiful Substrings,partition-string-into-minimum-beautiful-substrings,Medium,54.36605001306134,386,19,False,"Hash Table, String, Dynamic Programming, Backtracking"
2889,Number of Black Blocks,number-of-black-blocks,Medium,41.959836649057735,289,51,False,"Array, Hash Table, Enumeration"
2812,Find the Maximum Achievable Number,find-the-maximum-achievable-number,Easy,91.41070543670892,535,780,False,Math
2855,Maximum Number of Jumps to Reach the Last Index,maximum-number-of-jumps-to-reach-the-last-index,Medium,51.007782602296146,669,18,False,"Array, Dynamic Programming"
2869,Longest Non-decreasing Subarray From Two Arrays,longest-non-decreasing-subarray-from-two-arrays,Medium,31.273205769698187,654,24,False,"Array, Dynamic Programming"
2878,Apply Operations to Make All Array Elements Equal to Zero,apply-operations-to-make-all-array-elements-equal-to-zero,Medium,33.589049873625,451,33,False,"Array, Prefix Sum"
2944,Height of Special Binary Tree,height-of-special-binary-tree,Medium,74.76403378042721,18,43,True,"Tree, Depth-First Search, Breadth-First Search, Binary Tree"
2768,Array Upper Bound,array-upper-bound,Easy,82.43851749220644,23,2,True,
2781,Undefined to Null,undefined-to-null,Medium,72.17210270645386,15,1,True,
2782,Convert Callback Based Function to Promise Based Function,convert-callback-based-function-to-promise-based-function,Medium,90.56987788331072,19,12,True,
2799,Date Range Generator,date-range-generator,Medium,83.0546265328874,11,2,True,
2844,Sum of Squares of Special Elements ,sum-of-squares-of-special-elements,Easy,82.20991701830617,327,141,False,"Array, Enumeration"
2891,Maximum Beauty of an Array After Applying Operation,maximum-beauty-of-an-array-after-applying-operation,Medium,58.44785772029103,1283,48,False,"Array, Binary Search, Sliding Window, Sorting"
2888,Minimum Index of a Valid Split,minimum-index-of-a-valid-split,Medium,75.49693171366681,823,47,False,"Array, Hash Table, Sorting"
2884,Length of the Longest Valid Substring,length-of-the-longest-valid-substring,Hard,38.54713066624912,620,32,False,"Array, Hash Table, String, Sliding Window"
2995,Number of Unique Categories,number-of-unique-categories,Medium,83.99264029438822,35,4,True,"Union-Find, Interactive, Counting"
3002,Flight Occupancy and Waitlist Analysis,flight-occupancy-and-waitlist-analysis,Medium,38.83018867924528,21,8,True,Database
2892,Check if Array is Good,check-if-array-is-good,Easy,57.2598566994904,476,71,False,"Array, Hash Table, Sorting"
2887,Sort Vowels in a String,sort-vowels-in-a-string,Medium,83.46882677888212,1440,73,False,"String, Sorting"
2893,Visit Array Positions to Maximize Score,visit-array-positions-to-maximize-score,Medium,37.785331262636625,541,34,False,"Array, Dynamic Programming"
2882,Ways to Express an Integer as Sum of Powers,ways-to-express-an-integer-as-sum-of-powers,Medium,49.79837703909406,850,41,False,Dynamic Programming
2881,Split Strings by Separator,split-strings-by-separator,Easy,76.33934423159747,353,13,False,"Array, String"
2872,Largest Element in an Array after Merge Operations,largest-element-in-an-array-after-merge-operations,Medium,48.06703603873415,502,33,False,"Array, Greedy"
2919,Maximum Number of Groups With Increasing Length,maximum-number-of-groups-with-increasing-length,Hard,23.215829730628535,422,44,False,"Array, Math, Binary Search, Greedy, Sorting"
2905,Count Paths That Can Form a Palindrome in a Tree,count-paths-that-can-form-a-palindrome-in-a-tree,Hard,52.604558833595725,462,20,False,"Hash Table, Bit Manipulation, Tree, Depth-First Search"
3016,Count Nodes That Are Great Enough,count-nodes-that-are-great-enough,Hard,56.66795516041747,24,0,True,"Divide and Conquer, Tree, Depth-First Search, Binary Tree"
3003,Status of Flight Tickets,status-of-flight-tickets,Hard,79.86917071112049,13,21,True,
2861,Create Object from Two Arrays,create-object-from-two-arrays,Easy,65.1552145099407,11,3,True,
2898,Parallel Execution of Promises for Individual Results Retrieval,parallel-execution-of-promises-for-individual-results-retrieval,Medium,87.5776397515528,16,5,True,
2899,Repeat String,repeat-string,Easy,93.12779477524124,27,2,True,
2900,Partial Function with Placeholders,partial-function-with-placeholders,Easy,89.04313336638572,11,4,True,
2876,Number of Employees Who Met the Target,number-of-employees-who-met-the-target,Easy,87.88927576844388,617,78,False,Array
2856,Count Complete Subarrays in an Array,count-complete-subarrays-in-an-array,Medium,76.02930076916701,1151,28,False,"Array, Hash Table, Sliding Window"
2877,Shortest String That Contains Three Strings,shortest-string-that-contains-three-strings,Medium,31.9632727622344,376,298,False,"String, Greedy, Enumeration"
2921,Count Stepping Numbers in Range,count-stepping-numbers-in-range,Hard,29.109965551782267,363,11,False,"String, Dynamic Programming"
3030,Find The K-th Lucky Number,find-the-k-th-lucky-number,Medium,75.90648854961832,64,15,True,"Math, String, Bit Manipulation"
2901,Factorial Generator,factorial-generator,Easy,85.42842483324782,20,1,True,
2907,Array Prototype ForEach,array-prototype-foreach,Easy,89.8956617243273,9,10,True,
2908,Custom Interval,custom-interval,Medium,85.15376458112407,17,8,True,
2955,Account Balance After Rounded Purchase,account-balance-after-rounded-purchase,Easy,56.712514529252225,295,50,False,Math
2903,Insert Greatest Common Divisors in Linked List,insert-greatest-common-divisors-in-linked-list,Medium,91.42039118772792,1162,38,False,"Linked List, Math, Number Theory"
2920,Minimum Seconds to Equalize a Circular Array,minimum-seconds-to-equalize-a-circular-array,Medium,28.80573055488248,550,34,False,"Array, Hash Table"
2952,Minimum Time to Make Array Sum At Most x,minimum-time-to-make-array-sum-at-most-x,Hard,27.82807242429098,252,16,False,"Array, Dynamic Programming, Sorting"
2886,Faulty Keyboard,faulty-keyboard,Easy,80.34577007074948,515,16,False,"String, Simulation"
2916,Check if it is Possible to Split Array,check-if-it-is-possible-to-split-array,Medium,34.61836024187145,533,105,False,"Array, Dynamic Programming, Greedy"
2914,Find the Safest Path in a Grid,find-the-safest-path-in-a-grid,Medium,48.84531350564005,1856,327,False,"Array, Binary Search, Breadth-First Search, Union-Find, Heap (Priority Queue), Matrix"
2894,Maximum Elegance of a K-Length Subsequence,maximum-elegance-of-a-k-length-subsequence,Hard,28.988263064717067,325,5,False,"Array, Hash Table, Stack, Greedy, Sorting, Heap (Priority Queue)"
3043,Minimum Time Takes to Reach Destination Without Drowning,minimum-time-takes-to-reach-destination-without-drowning,Hard,54.201262039189636,25,2,True,"Array, Breadth-First Search, Matrix"
2902,Max Pair Sum in an Array,max-pair-sum-in-an-array,Easy,60.8975049714448,445,138,False,"Array, Hash Table"
2871,Double a Number Represented as a Linked List,double-a-number-represented-as-a-linked-list,Medium,61.2945455849695,1290,32,False,"Linked List, Math, Stack"
3000,Minimum Absolute Difference Between Elements With Constraint,minimum-absolute-difference-between-elements-with-constraint,Medium,37.832696255397465,776,78,False,"Array, Binary Search, Ordered Set"
3001,Apply Operations to Maximize Score,apply-operations-to-maximize-score,Hard,53.634304865137736,780,127,False,"Array, Math, Stack, Greedy, Sorting, Monotonic Stack, Number Theory"
3077,Minimum Relative Loss After Buying Chocolates,minimum-relative-loss-after-buying-chocolates,Hard,46.86112872542803,17,3,True,"Array, Binary Search, Sorting, Prefix Sum"
3078,Election Results,election-results,Medium,66.52238805970148,29,3,True,
2909,Delay the Resolution of Each Promise,delay-the-resolution-of-each-promise,Medium,75.30201342281879,18,5,True,
2925,Inversion of Object,inversion-of-object,Easy,61.78571428571429,17,1,True,
2912,Deep Object Filter,deep-object-filter,Medium,57.58697261287935,17,3,True,
2917,Count Pairs Whose Sum is Less than Target,count-pairs-whose-sum-is-less-than-target,Easy,87.77609778612468,855,90,False,"Array, Two Pointers, Binary Search, Sorting"
3018,Make String a Subsequence Using Cyclic Increments,make-string-a-subsequence-using-cyclic-increments,Medium,65.72551092741887,884,72,False,"Two Pointers, String"
2904,Sorting Three Groups,sorting-three-groups,Medium,43.196434256606175,529,93,False,"Array, Binary Search, Dynamic Programming"
3017,Number of Beautiful Integers in the Range,number-of-beautiful-integers-in-the-range,Hard,22.896232898107076,412,37,False,"Math, Dynamic Programming"
2977,Check if a String Is an Acronym of Words,check-if-a-string-is-an-acronym-of-words,Easy,83.06262015064134,375,13,False,"Array, String"
2811,Determine the Minimum Sum of a k-avoiding Array,determine-the-minimum-sum-of-a-k-avoiding-array,Medium,60.97496551521733,352,13,False,"Math, Greedy"
2979,Maximize the Profit as the Salesman,maximize-the-profit-as-the-salesman,Medium,38.48567245346162,723,22,False,"Array, Hash Table, Binary Search, Dynamic Programming, Sorting"
2832,Find the Longest Equal Subarray,find-the-longest-equal-subarray,Medium,38.32318727020674,764,20,False,"Array, Hash Table, Binary Search, Sliding Window"
3088,Maximal Range That Each Element Is Maximum in It,maximal-range-that-each-element-is-maximum-in-it,Medium,75.37887619491724,80,8,True,"Array, Stack, Monotonic Stack"
3019,Furthest Point From Origin,furthest-point-from-origin,Easy,77.10596569132767,448,70,False,"String, Counting"
3026,Find the Minimum Possible Sum of a Beautiful Array,find-the-minimum-possible-sum-of-a-beautiful-array,Medium,34.93040937509818,320,59,False,"Math, Greedy"
3025,Minimum Operations to Form Subsequence With Target Sum,minimum-operations-to-form-subsequence-with-target-sum,Hard,32.648745922843325,557,128,False,"Array, Greedy, Bit Manipulation"
3032,Maximize Value of Function in a Ball Passing Game,maximize-value-of-function-in-a-ball-passing-game,Hard,31.277991404659577,322,93,False,"Array, Dynamic Programming, Bit Manipulation"
3097,Total Traveled Distance,total-traveled-distance,Easy,77.14723926380368,18,4,True,Database
3101,Maximum Coins Heroes Can Collect,maximum-coins-heroes-can-collect,Medium,68.78352490421456,74,7,True,"Array, Two Pointers, Binary Search, Sorting, Prefix Sum"
2999,Check if Strings Can be Made Equal With Operations I,check-if-strings-can-be-made-equal-with-operations-i,Easy,61.91814234036768,445,46,False,String
2978,Check if Strings Can be Made Equal With Operations II,check-if-strings-can-be-made-equal-with-operations-ii,Medium,74.06728341383176,580,18,False,"Hash Table, String, Sorting"
2954,Maximum Sum of Almost Unique Subarray,maximum-sum-of-almost-unique-subarray,Medium,41.35519517634796,324,140,False,"Array, Hash Table, Sliding Window"
3057,Count K-Subsequences of a String With Maximum Beauty,count-k-subsequences-of-a-string-with-maximum-beauty,Hard,30.495527188662173,361,37,False,"Hash Table, Math, String, Greedy, Sorting, Combinatorics"
2998,  Count Symmetric Integers,count-symmetric-integers,Easy,83.0293523233279,660,65,False,"Math, Enumeration"
3046,Minimum Operations to Make a Special Number,minimum-operations-to-make-a-special-number,Medium,38.64132725391777,379,57,False,"Math, String, Greedy, Enumeration"
2915,Count of Interesting Subarrays,count-of-interesting-subarrays,Medium,58.016410320406834,971,272,False,"Array, Hash Table, Prefix Sum"
3079,Minimum Edge Weight Equilibrium Queries in a Tree,minimum-edge-weight-equilibrium-queries-in-a-tree,Hard,46.774779685654586,370,10,False,"Array, Dynamic Programming, Bit Manipulation, Tree, Depth-First Search"
3111,Smallest Number With Given Digit Product,smallest-number-with-given-digit-product,Medium,43.670502725620835,21,1,True,"Math, Greedy"
3034,Points That Intersect With Cars,points-that-intersect-with-cars,Easy,73.473993744264,382,37,False,"Array, Hash Table, Prefix Sum"
3056,Determine if a Cell Is Reachable at a Given Time,determine-if-a-cell-is-reachable-at-a-given-time,Medium,37.14008812936371,841,770,False,Math
3092,Minimum Moves to Spread Stones Over Grid,minimum-moves-to-spread-stones-over-grid,Medium,45.79694567602669,560,77,False,"Array, Dynamic Programming, Backtracking, Bit Manipulation, Matrix, Bitmask"
3024,String Transformation,string-transformation,Hard,27.42528126065381,184,49,False,"Math, String, Dynamic Programming, String Matching"
3148,Sum of Remoteness of All Cells,sum-of-remoteness-of-all-cells,Medium,70.69667738478029,59,16,True,"Array, Hash Table, Depth-First Search, Breadth-First Search, Union-Find, Matrix"
3155,Highest Salaries Difference,highest-salaries-difference,Easy,73.38087444470423,19,1,True,Database
3156,Rolling Average Steps,rolling-average-steps,Medium,68.85975463074332,30,3,True,Database
3045,Minimum Right Shifts to Sort the Array,minimum-right-shifts-to-sort-the-array,Easy,57.50886770310007,249,12,False,Array
3081,Minimum Array Length After Pair Removals,minimum-array-length-after-pair-removals,Medium,27.74047912571219,427,108,False,"Array, Hash Table, Two Pointers, Binary Search, Greedy, Counting"
2953,Count Pairs of Points With Distance k,count-pairs-of-points-with-distance-k,Medium,33.16338742879027,284,45,False,"Array, Hash Table, Bit Manipulation"
3105,Minimum Edge Reversals So Every Node Is Reachable,minimum-edge-reversals-so-every-node-is-reachable,Hard,59.81985835828699,452,12,False,"Dynamic Programming, Depth-First Search, Breadth-First Search, Graph Theory"
3093,Sum of Values at Indices With K Set Bits,sum-of-values-at-indices-with-k-set-bits,Easy,86.20475269411439,326,50,False,"Array, Bit Manipulation"
3104,Happy Students,happy-students,Medium,51.15434196648307,184,311,False,"Array, Sorting, Enumeration"
3095,Maximum Number of Alloys,maximum-number-of-alloys,Medium,41.22286428236764,307,58,False,"Array, Binary Search"
3047,Maximum Element-Sum of a Complete Subset of Indices,maximum-element-sum-of-a-complete-subset-of-indices,Hard,43.19174275506153,236,59,False,"Array, Math, Number Theory"
3158,Maximum Length of Semi-Decreasing Subarrays,maximum-length-of-semi-decreasing-subarrays,Medium,70.05166835675311,137,17,True,"Array, Stack, Sorting, Monotonic Stack"
3055,Maximum Odd Binary Number,maximum-odd-binary-number,Easy,82.91136130725928,844,34,False,"Math, String, Greedy"
3114,Beautiful Towers I,beautiful-towers-i,Medium,44.69282316231009,379,60,False,"Array, Stack, Monotonic Stack"
3113,Beautiful Towers II,beautiful-towers-ii,Medium,36.66550697746337,488,32,False,"Array, Stack, Monotonic Stack"
3112,Count Valid Paths in a Tree,count-valid-paths-in-a-tree,Hard,36.50057937427578,290,9,False,"Math, Dynamic Programming, Tree, Depth-First Search, Number Theory"
3173,The Wording Game,the-wording-game,Hard,56.22825330549757,10,6,True,"Array, Math, Two Pointers, String, Greedy, Game Theory"
3044,Minimum Operations to Collect Elements,minimum-operations-to-collect-elements,Easy,62.53691258855984,215,27,False,"Array, Hash Table, Bit Manipulation"
3094,Minimum Number of Operations to Make Array Empty,minimum-number-of-operations-to-make-array-empty,Medium,62.157453957154,1449,71,False,"Array, Hash Table, Greedy, Counting"
3080,Split Array Into Maximum Number of Subarrays,split-array-into-maximum-number-of-subarrays,Medium,42.577428159993126,247,32,False,"Array, Greedy, Bit Manipulation"
3058,Maximum Number of K-Divisible Components,maximum-number-of-k-divisible-components,Hard,74.0011923045833,955,41,False,"Tree, Depth-First Search"
3154,Maximum Value of an Ordered Triplet I,maximum-value-of-an-ordered-triplet-i,Easy,58.164247389975365,694,40,False,Array
3152,Maximum Value of an Ordered Triplet II,maximum-value-of-an-ordered-triplet-ii,Medium,56.387587491533075,831,20,False,Array
3141,Minimum Size Subarray in Infinite Array,minimum-size-subarray-in-infinite-array,Medium,32.331679487023194,424,33,False,"Array, Hash Table, Sliding Window, Prefix Sum"
3140,Count Visited Nodes in a Directed Graph,count-visited-nodes-in-a-directed-graph,Hard,31.039195895365463,366,7,False,"Dynamic Programming, Depth-First Search, Graph Theory, Topological Sort, Memoization"
3062,Create a DataFrame from List,create-a-dataframe-from-list,Easy,80.93048915042294,294,13,False,
3076,Get the Size of a DataFrame,get-the-size-of-a-dataframe,Easy,84.83197739073722,158,14,False,
3065,Display the First Three Rows,display-the-first-three-rows,Easy,92.98570615691996,124,26,False,
3074,Select Data,select-data,Easy,78.39360711934437,137,8,False,
3066,Create a New Column,create-a-new-column,Easy,90.14087651537139,110,6,False,
3071,Drop Duplicate Rows,drop-duplicate-rows,Easy,85.12312561796833,136,6,False,
3075,Drop Missing Data,drop-missing-data,Easy,64.62984276759471,104,7,False,
3067,Modify Columns,modify-columns,Easy,92.26521712425527,96,7,False,
3068,Rename Columns,rename-columns,Easy,85.25715422621613,84,3,False,
3069,Change Data Type,change-data-type,Easy,87.31291416932172,90,9,False,
3070,Fill Missing Data,fill-missing-data,Easy,72.57612083433229,91,3,False,
3064,Reshape Data: Concatenate,reshape-data-concatenate,Easy,90.43115713769988,92,7,False,
3072,Reshape Data: Pivot,reshape-data-pivot,Easy,83.0358595996311,138,16,False,
3073,Reshape Data: Melt,reshape-data-melt,Easy,85.8651847452594,114,4,False,
3063,Method Chaining,method-chaining,Easy,76.1124497991968,111,6,False,
3177,Minimizing Array After Replacing Pairs With Their Product,minimizing-array-after-replacing-pairs-with-their-product,Medium,40.820270560446644,29,1,True,"Array, Dynamic Programming, Greedy"
3160,Calculate Orders Within Each Interval,calculate-orders-within-each-interval,Medium,67.16826265389876,24,3,True,Database
3172,Divisible and Non-divisible Sums Difference,divisible-and-non-divisible-sums-difference,Easy,91.05365074502768,680,37,False,Math
3151,Minimum Processing Time,minimum-processing-time,Medium,70.5039142661701,287,50,False,"Array, Greedy, Sorting"
3033,Apply Operations to Make Two Strings Equal,apply-operations-to-make-two-strings-equal,Medium,27.800506526397818,398,76,False,"String, Dynamic Programming"
3153,Apply Operations on Array to Maximize Sum of Squares,apply-operations-on-array-to-maximize-sum-of-squares,Hard,44.81543881145657,196,4,False,"Array, Hash Table, Greedy, Bit Manipulation"
3182,Maximum Linear Stock Score,maximum-linear-stock-score,Medium,61.85476815398076,23,5,True,"Array, Hash Table"
3164,Last Visited Integers,last-visited-integers,Easy,62.45604992360511,167,236,False,"Array, Simulation"
3143,Longest Unequal Adjacent Groups Subsequence I,longest-unequal-adjacent-groups-subsequence-i,Easy,66.9307123050566,490,279,False,"Array, String, Dynamic Programming, Greedy"
3142,Longest Unequal Adjacent Groups Subsequence II,longest-unequal-adjacent-groups-subsequence-ii,Medium,51.444828262041256,578,169,False,"Array, String, Dynamic Programming"
3091,Count of Sub-Multisets With Bounded Sum,count-of-sub-multisets-with-bounded-sum,Hard,22.554731318979552,163,27,False,"Array, Hash Table, Dynamic Programming, Sliding Window"
3165,Find Indices With Index and Value Difference I,find-indices-with-index-and-value-difference-i,Easy,60.32529299094244,170,18,False,"Array, Two Pointers"
3150,Shortest and Lexicographically Smallest Beautiful String,shortest-and-lexicographically-smallest-beautiful-string,Medium,41.24664766509122,205,12,False,"String, Sliding Window"
3170,Find Indices With Index and Value Difference II,find-indices-with-index-and-value-difference-ii,Medium,32.79401077731006,305,11,False,"Array, Two Pointers"
3031,Construct Product Matrix,construct-product-matrix,Medium,51.71945079642371,600,53,False,"Array, Matrix, Prefix Sum"
3187,Maximum Profitable Triplets With Increasing Prices I,maximum-profitable-triplets-with-increasing-prices-i,Medium,55.99657338663621,23,1,True,"Array, Binary Indexed Tree, Segment Tree"
3176,Minimum Sum of Mountain Triplets I,minimum-sum-of-mountain-triplets-i,Easy,67.68724079043669,209,15,False,Array
3186,Minimum Sum of Mountain Triplets II,minimum-sum-of-mountain-triplets-ii,Medium,54.767401305409315,253,11,False,Array
3166,Minimum Number of Groups to Create a Valid Assignment,minimum-number-of-groups-to-create-a-valid-assignment,Medium,25.347009974207207,400,189,False,"Array, Hash Table, Greedy"
2879,Minimum Changes to Make K Semi-palindromes,minimum-changes-to-make-k-semi-palindromes,Hard,36.15652640042884,132,108,False,"Two Pointers, String, Dynamic Programming"
3198,Number of Ways to Reach Destination in the Grid,number-of-ways-to-reach-destination-in-the-grid,Hard,57.74038461538461,19,5,True,"Math, Dynamic Programming, Combinatorics"
3163,Subarrays Distinct Element Sum of Squares I,subarrays-distinct-element-sum-of-squares-i,Easy,80.27704716815711,186,36,False,"Array, Hash Table, Segment Tree"
3174,Minimum Number of Changes to Make Binary String Beautiful,minimum-number-of-changes-to-make-binary-string-beautiful,Medium,76.39206871192886,685,117,False,String
3106,Length of the Longest Subsequence That Sums to Target,length-of-the-longest-subsequence-that-sums-to-target,Medium,39.99898605830165,311,34,False,"Array, Dynamic Programming"
3139,Subarrays Distinct Element Sum of Squares II,subarrays-distinct-element-sum-of-squares-ii,Hard,23.436140384801316,158,12,False,"Array, Hash Table, Binary Indexed Tree, Segment Tree"
3183,Find the K-or of an Array,find-the-k-or-of-an-array,Easy,72.93675666988106,255,280,False,"Array, Bit Manipulation"
3171,Minimum Equal Sum of Two Arrays After Replacing Zeros,minimum-equal-sum-of-two-arrays-after-replacing-zeros,Medium,50.17708787293945,608,55,False,"Array, Greedy"
3178,Minimum Increment Operations to Make Array Beautiful,minimum-increment-operations-to-make-array-beautiful,Medium,34.924078091106296,353,22,False,"Array, Dynamic Programming"
3179,Maximum Points After Collecting Coins From All Nodes,maximum-points-after-collecting-coins-from-all-nodes,Hard,36.76217216514581,251,19,False,"Array, Dynamic Programming, Bit Manipulation, Tree, Depth-First Search, Memoization"
3204,Maximum Profitable Triplets With Increasing Prices II,maximum-profitable-triplets-with-increasing-prices-ii,Hard,46.29097182288672,8,1,True,"Array, Binary Indexed Tree, Segment Tree"
3205,Market Analysis III,market-analysis-iii,Medium,42.29022704837118,20,6,True,Database
3188,Find Champion I,find-champion-i,Easy,73.54409542314335,189,56,False,"Array, Matrix"
3189,Find Champion II,find-champion-ii,Medium,70.3643762138167,603,49,False,Graph Theory
3191,Maximum Score After Applying Operations on a Tree,maximum-score-after-applying-operations-on-a-tree,Medium,47.42150642589881,370,78,False,"Dynamic Programming, Tree, Depth-First Search"
3184,Maximum Balanced Subsequence Sum,maximum-balanced-subsequence-sum,Hard,26.11807680916181,303,10,False,"Array, Binary Search, Dynamic Programming, Binary Indexed Tree, Segment Tree"
3216,Distribute Candies Among Children III,distribute-candies-among-children-iii,Hard,57.19902639955065,25,7,True,"Math, Combinatorics"
3199,Distribute Candies Among Children I,distribute-candies-among-children-i,Easy,76.54520538318282,156,75,False,"Math, Combinatorics, Enumeration"
3201,Distribute Candies Among Children II,distribute-candies-among-children-ii,Medium,55.6381784549225,569,176,False,"Math, Combinatorics, Enumeration"
3200,Number of Strings Which Can Be Rearranged to Contain Substring,number-of-strings-which-can-be-rearranged-to-contain-substring,Medium,57.314728682170546,192,76,False,"Math, Dynamic Programming, Combinatorics"
3107,Maximum Spending After Buying Items,maximum-spending-after-buying-items,Hard,61.32207096798522,120,37,False,"Array, Greedy, Sorting, Heap (Priority Queue), Matrix"
3193,Maximum Strong Pair XOR I,maximum-strong-pair-xor-i,Easy,76.23845298066226,198,28,False,"Array, Hash Table, Bit Manipulation, Trie, Sliding Window"
3202,High-Access Employees,high-access-employees,Medium,47.60136180748994,230,22,False,"Array, Hash Table, String, Sorting"
3190,Minimum Operations to Maximize Last Elements in Arrays,minimum-operations-to-maximize-last-elements-in-arrays,Medium,44.129927721945464,206,16,False,"Array, Enumeration"
3197,Maximum Strong Pair XOR II,maximum-strong-pair-xor-ii,Hard,33.07163531114327,212,2,False,"Array, Hash Table, Bit Manipulation, Trie, Sliding Window"
3222,Number of Equal Numbers Blocks,number-of-equal-numbers-blocks,Medium,62.50627825213461,24,8,True,"Array, Binary Search, Interactive"
3207,Make Three Strings Equal,make-three-strings-equal,Easy,45.0827195838888,327,43,False,String
3195,Separate Black and White Balls,separate-black-and-white-balls,Medium,63.90059922208691,891,43,False,"Two Pointers, String, Greedy"
3192,Maximum Xor Product,maximum-xor-product,Medium,30.101080901612132,282,74,False,"Math, Greedy, Bit Manipulation"
3181,Find Building Where Alice and Bob Can Meet,find-building-where-alice-and-bob-can-meet,Hard,52.39894446443565,868,59,False,"Array, Binary Search, Stack, Binary Indexed Tree, Segment Tree, Heap (Priority Queue), Monotonic Stack"
3232,Maximum GCD-Sum of a Subarray,maximum-gcd-sum-of-a-subarray,Hard,38.882863340563986,17,3,True,"Array, Math, Binary Search, Number Theory"
3194,Find Words Containing Character,find-words-containing-character,Easy,90.38919601116305,716,55,False,"Array, String"
3214,Maximize Area of Square Hole in Grid,maximize-area-of-square-hole-in-grid,Medium,61.96720702193426,642,279,False,"Array, Sorting"
3209,Minimum Number of Coins for Fruits,minimum-number-of-coins-for-fruits,Medium,49.36176991855348,320,89,False,"Array, Dynamic Programming, Queue, Heap (Priority Queue), Monotonic Queue"
3211,Find Maximum Non-decreasing Array Length,find-maximum-non-decreasing-array-length,Hard,19.05796304443467,216,25,False,"Array, Binary Search, Dynamic Programming, Stack, Queue, Monotonic Stack, Prefix Sum, Monotonic Queue"
3215,Matrix Similarity After Cyclic Shifts,matrix-similarity-after-cyclic-shifts,Easy,74.36057814216888,476,92,False,"Array, Math, Matrix, Simulation"
3210,Count Beautiful Substrings I,count-beautiful-substrings-i,Medium,61.41913363438702,180,18,False,"Hash Table, Math, String, Enumeration, Number Theory, Prefix Sum"
3219,Make Lexicographically Smallest Array by Swapping Elements,make-lexicographically-smallest-array-by-swapping-elements,Medium,60.283920731957494,981,79,False,"Array, Union-Find, Sorting"
3208,Count Beautiful Substrings II,count-beautiful-substrings-ii,Hard,27.730403410954413,220,9,False,"Hash Table, Math, String, Number Theory, Prefix Sum"
3237,Number of Divisible Substrings,number-of-divisible-substrings,Medium,74.62098838354007,31,6,True,"Hash Table, String, Counting, Prefix Sum"
3221,Find the Peaks,find-the-peaks,Easy,75.36080993753141,229,18,False,"Array, Enumeration"
3231,Minimum Number of Coins to be Added,minimum-number-of-coins-to-be-added,Medium,58.2980694330407,438,66,False,"Array, Greedy, Sorting"
3223,Count Complete Substrings,count-complete-substrings,Hard,30.685911016949152,266,41,False,"Hash Table, String, Sliding Window"
3224,Count the Number of Infection Sequences,count-the-number-of-infection-sequences,Hard,37.89109079552552,155,33,False,"Array, Math, Combinatorics"
3247,Number of Same-End Substrings,number-of-same-end-substrings,Medium,61.681923760076515,86,18,True,"Array, Hash Table, String, Counting, Prefix Sum"
3206,Find Common Elements Between Two Arrays,find-common-elements-between-two-arrays,Easy,84.59646272682687,314,110,False,"Array, Hash Table"
3230,Remove Adjacent Almost-Equal Characters,remove-adjacent-almost-equal-characters,Medium,53.79438023392622,210,25,False,"String, Dynamic Programming, Greedy"
3225,Length of Longest Subarray With at Most K Frequency,length-of-longest-subarray-with-at-most-k-frequency,Medium,56.68542618960305,1203,37,False,"Array, Hash Table, Sliding Window"
3217,Number of Possible Sets of Closing Branches,number-of-possible-sets-of-closing-branches,Hard,51.390882986360374,211,17,False,"Bit Manipulation, Graph Theory, Heap (Priority Queue), Enumeration, Shortest Path"
3220,Count Tested Devices After Test Operations,count-tested-devices-after-test-operations,Easy,78.95158616115839,182,19,False,"Array, Simulation, Counting"
3234,Double Modular Exponentiation,double-modular-exponentiation,Medium,48.1997741619,125,23,False,"Array, Math, Simulation"
3213,Count Subarrays Where Max Element Appears at Least K Times,count-subarrays-where-max-element-appears-at-least-k-times,Medium,62.40173030799101,1725,82,False,"Array, Sliding Window"
3212,Count the Number of Good Partitions,count-the-number-of-good-partitions,Hard,49.84576301941571,324,5,False,"Array, Hash Table, Math, Combinatorics"
3254,Number of Divisible Triplet Sums,number-of-divisible-triplet-sums,Medium,67.58467443269814,34,6,True,"Array, Hash Table"
3227,Find Missing and Repeated Values,find-missing-and-repeated-values,Easy,83.11946638302061,1055,50,False,"Array, Hash Table, Math, Matrix"
3241,Divide Array Into Arrays With Max Difference,divide-array-into-arrays-with-max-difference,Medium,79.02692081833945,1171,222,False,"Array, Greedy, Sorting"
3229,Minimum Cost to Make Array Equalindromic,minimum-cost-to-make-array-equalindromic,Medium,23.582596391934914,247,101,False,"Array, Math, Binary Search, Greedy, Sorting"
3196,Apply Operations to Maximize Frequency Score,apply-operations-to-maximize-frequency-score,Hard,39.244596300973036,303,10,False,"Array, Binary Search, Sliding Window, Sorting, Prefix Sum"
3268,Minimum Number of Coins for Fruits II,minimum-number-of-coins-for-fruits-ii,Hard,47.75070290534208,21,0,True,"Array, Dynamic Programming, Queue, Heap (Priority Queue), Monotonic Queue"
3252,Count the Number of Incremovable Subarrays I,count-the-number-of-incremovable-subarrays-i,Easy,56.761792322308104,204,128,False,"Array, Two Pointers, Binary Search, Enumeration"
3262,Find Polygon With the Largest Perimeter,find-polygon-with-the-largest-perimeter,Medium,65.55512351224397,841,71,False,"Array, Greedy, Sorting, Prefix Sum"
3248,Count the Number of Incremovable Subarrays II,count-the-number-of-incremovable-subarrays-ii,Hard,40.40079600600496,246,20,False,"Array, Two Pointers, Binary Search"
3218,Find Number of Coins to Place in Tree Nodes,find-number-of-coins-to-place-in-tree-nodes,Hard,37.652125681098894,203,22,False,"Dynamic Programming, Tree, Depth-First Search, Sorting, Heap (Priority Queue)"
3226,Minimum Number Game,minimum-number-game,Easy,85.58708362388028,362,25,False,"Array, Sorting, Heap (Priority Queue), Simulation"
3250,Maximum Square Area by Removing Fences From a Field,maximum-square-area-by-removing-fences-from-a-field,Medium,49.54612972437696,460,162,False,"Array, Hash Table, Enumeration"
3235,Minimum Cost to Convert String I,minimum-cost-to-convert-string-i,Medium,63.184697433527795,1349,94,False,"Array, String, Graph Theory, Shortest Path"
3238,Minimum Cost to Convert String II,minimum-cost-to-convert-string-ii,Hard,59.60841321037569,389,116,False,"Array, String, Dynamic Programming, Graph Theory, Trie, Shortest Path"
3253,Symmetric Coordinates,symmetric-coordinates,Medium,40.96612296110414,15,3,True,Database
3273,Most Expensive Item That Can Not Be Bought,most-expensive-item-that-can-not-be-bought,Medium,80.11782032400589,25,28,True,"Math, Dynamic Programming, Number Theory"
3246,Check if Bitwise OR Has Trailing Zeros,check-if-bitwise-or-has-trailing-zeros,Easy,71.47204578767362,142,11,False,"Array, Bit Manipulation"
3267,Find Longest Special Substring That Occurs Thrice I,find-longest-special-substring-that-occurs-thrice-i,Medium,61.82097400935383,738,75,False,"Hash Table, String, Binary Search, Sliding Window, Counting"
3266,Find Longest Special Substring That Occurs Thrice II,find-longest-special-substring-that-occurs-thrice-ii,Medium,39.274891644230884,409,33,False,"Hash Table, String, Binary Search, Sliding Window, Counting"
3203,Palindrome Rearrangement Queries,palindrome-rearrangement-queries,Hard,25.114614782511463,101,27,False,"Array, Hash Table, String, Prefix Sum"
3281,Find Peak Calling Hours for Each City,find-peak-calling-hours-for-each-city,Medium,61.32424825951711,12,5,True,Database
3282,Calculate Compressed Mean,calculate-compressed-mean,Easy,86.34252539912917,14,6,True,Database
3283,Find Third Transaction,find-third-transaction,Medium,53.78368836059786,16,9,True,Database
3284,Find Expensive Cities,find-expensive-cities,Easy,77.25028484618306,11,12,True,Database
3285,Manager of the Largest Department,manager-of-the-largest-department,Medium,80.794479043932,8,1,True,Database
3286,Class Performance,class-performance,Medium,88.58250753985352,16,3,True,Database
3287,Loan Types,loan-types,Easy,64.25130469690887,19,8,True,Database
3288,Top Three Wineries ,top-three-wineries,Hard,54.22595332953899,14,8,True,Database
3294,Number of Self-Divisible Permutations,number-of-self-divisible-permutations,Medium,72.02840382834208,23,0,True,"Array, Math, Dynamic Programming, Backtracking, Bit Manipulation, Number Theory, Bitmask"
3300,Friday Purchases I,friday-purchases-i,Medium,81.14067055393586,15,4,True,Database
3301,Friday Purchases II ,friday-purchases-ii,Hard,74.34085349279695,14,4,True,Database
3302,Viewers Turned Streamers,viewers-turned-streamers,Hard,42.93384467881112,10,6,True,Database
3236,Smallest Missing Integer Greater Than Sequential Prefix Sum,smallest-missing-integer-greater-than-sequential-prefix-sum,Easy,35.730999688907524,187,313,False,"Array, Hash Table, Sorting"
3249,Minimum Number of Operations to Make Array XOR Equal to K,minimum-number-of-operations-to-make-array-xor-equal-to-k,Medium,85.47332350371342,626,61,False,"Array, Bit Manipulation"
3239,Minimum Number of Operations to Make X and Y Equal,minimum-number-of-operations-to-make-x-and-y-equal,Medium,48.77121611257461,291,23,False,"Dynamic Programming, Breadth-First Search, Memoization"
3243,Count the Number of Powerful Integers,count-the-number-of-powerful-integers,Hard,46.24741185561842,567,78,False,"Math, String, Dynamic Programming"
3251,Maximum Area of Longest Diagonal Rectangle,maximum-area-of-longest-diagonal-rectangle,Easy,45.91164804079665,502,42,False,Array
3270,Minimum Moves to Capture The Queen,minimum-moves-to-capture-the-queen,Medium,22.540326475417753,187,210,False,"Math, Enumeration"
3228,Maximum Size of a Set After Removals,maximum-size-of-a-set-after-removals,Medium,46.59854144038304,335,30,False,"Array, Hash Table, Greedy"
3233,Maximize the Number of Partitions After Operations,maximize-the-number-of-partitions-after-operations,Hard,53.39570742290407,447,88,False,"String, Dynamic Programming, Bit Manipulation, Bitmask"
3304,Maximum Subtree of the Same Color,maximum-subtree-of-the-same-color,Medium,58.70417339174545,25,0,True,"Array, Dynamic Programming, Tree, Depth-First Search"
3242,Count Elements With Maximum Frequency,count-elements-with-maximum-frequency,Easy,79.8202767804517,1112,98,False,"Array, Hash Table, Counting"
3245,Find Beautiful Indices in the Given Array I,find-beautiful-indices-in-the-given-array-i,Medium,41.019069437805946,209,50,False,"Two Pointers, String, Binary Search, Rolling Hash, String Matching, Hash Function"
3240,Maximum Number That Sum of the Prices Is Less Than or Equal to K,maximum-number-that-sum-of-the-prices-is-less-than-or-equal-to-k,Medium,38.929230059935456,351,131,False,"Math, Binary Search, Dynamic Programming, Bit Manipulation"
3303,Find Beautiful Indices in the Given Array II,find-beautiful-indices-in-the-given-array-ii,Hard,28.152570377529067,213,16,False,"Two Pointers, String, Binary Search, Rolling Hash, String Matching, Hash Function"
3315,Maximum Number of Intersections on the Chart,maximum-number-of-intersections-on-the-chart,Hard,45.230549023617215,29,5,True,"Array, Hash Table, Math, Binary Indexed Tree, Geometry, Sweep Line, Sorting"
3263,Divide an Array Into Subarrays With Minimum Cost I,divide-an-array-into-subarrays-with-minimum-cost-i,Easy,80.60225911127978,531,27,False,"Array, Sorting, Enumeration"
3291,Find if Array Can Be Sorted,find-if-array-can-be-sorted,Medium,66.38876063584196,714,64,False,"Array, Bit Manipulation, Sorting"
3244,Minimize Length of Array Using Operations,minimize-length-of-array-using-operations,Medium,35.92867338117926,200,43,False,"Array, Math, Greedy, Number Theory"
3260,Divide an Array Into Subarrays With Minimum Cost II,divide-an-array-into-subarrays-with-minimum-cost-ii,Hard,54.73040062959231,552,63,False,"Array, Hash Table, Sliding Window, Heap (Priority Queue)"
3275,Minimum Number of Pushes to Type Word I,minimum-number-of-pushes-to-type-word-i,Easy,67.25468155225711,202,38,False,"Math, String, Greedy"
3271,Count the Number of Houses at a Certain Distance I,count-the-number-of-houses-at-a-certain-distance-i,Medium,57.923778541868266,221,46,False,"Breadth-First Search, Graph Theory, Prefix Sum"
3276,Minimum Number of Pushes to Type Word II,minimum-number-of-pushes-to-type-word-ii,Medium,79.99048601997086,783,80,False,"Hash Table, String, Greedy, Sorting, Counting"
3310,Count the Number of Houses at a Certain Distance II,count-the-number-of-houses-at-a-certain-distance-ii,Hard,23.766555854572317,92,27,False,"Graph Theory, Prefix Sum"
3323,Maximum Number of Removal Queries That Can Be Processed I,maximum-number-of-removal-queries-that-can-be-processed-i,Hard,44.97001998667555,7,3,True,"Array, Dynamic Programming"
3312,Number of Changing Keys,number-of-changing-keys,Easy,80.80518210255322,166,18,False,String
3299,Find the Maximum Number of Elements in Subset,find-the-maximum-number-of-elements-in-subset,Medium,42.246241692263645,475,57,False,"Array, Hash Table, Enumeration"
3279,Alice and Bob Playing Flower Game,alice-and-bob-playing-flower-game,Medium,59.99115044247788,521,278,False,Math
3261,Minimize OR of Remaining Elements Using Operations,minimize-or-of-remaining-elements-using-operations,Hard,30.685601685126045,97,16,False,"Array, Greedy, Bit Manipulation"
3333,Find Pattern in Infinite Stream I,find-pattern-in-infinite-stream-i,Medium,57.388888888888886,15,2,True,"Array, Sliding Window, Rolling Hash, String Matching, Interactive, Hash Function"
3321,Type of Triangle,type-of-triangle,Easy,44.02778767931687,468,69,False,"Array, Math, Sorting"
3278,Find the Number of Ways to Place People I,find-the-number-of-ways-to-place-people-i,Medium,64.00621922777921,484,182,False,"Array, Math, Geometry, Sorting, Enumeration"
3265,Maximum Good Subarray Sum,maximum-good-subarray-sum,Medium,22.055768537632296,492,26,False,"Array, Hash Table, Prefix Sum"
3277,Find the Number of Ways to Place People II,find-the-number-of-ways-to-place-people-ii,Hard,64.42337705703439,357,64,False,"Array, Math, Geometry, Sorting, Enumeration"
3311,Ant on the Boundary,ant-on-the-boundary,Easy,74.57531252396656,175,55,False,"Array, Simulation, Prefix Sum"
3297,Minimum Time to Revert Word to Initial State I,minimum-time-to-revert-word-to-initial-state-i,Medium,42.66334199375752,184,34,False,"String, Rolling Hash, String Matching, Hash Function"
3272,Find the Grid of Region Average,find-the-grid-of-region-average,Medium,43.67990943503025,92,137,False,"Array, Matrix"
3296,Minimum Time to Revert Word to Initial State II,minimum-time-to-revert-word-to-initial-state-ii,Hard,35.49770290964778,161,22,False,"String, Rolling Hash, String Matching, Hash Function"
3343,Count Numbers With Unique Digits II,count-numbers-with-unique-digits-ii,Easy,87.1984786307677,37,4,True,"Hash Table, Math, Dynamic Programming"
3330,Modify the Matrix,modify-the-matrix,Easy,69.19728870215187,156,9,False,"Array, Matrix"
3269,Number of Subarrays That Match a Pattern I,number-of-subarrays-that-match-a-pattern-i,Medium,68.73554643789632,130,20,False,"Array, Rolling Hash, String Matching, Hash Function"
3317,Maximum Palindromes After Operations,maximum-palindromes-after-operations,Medium,47.03321410321921,272,12,False,"Array, Hash Table, String, Greedy, Sorting, Counting"
3290,Number of Subarrays That Match a Pattern II,number-of-subarrays-that-match-a-pattern-ii,Hard,33.928946815219675,174,6,False,"Array, Rolling Hash, String Matching, Hash Function"
3352,Find Pattern in Infinite Stream II,find-pattern-in-infinite-stream-ii,Hard,67.7059097254537,7,3,True,"Array, Sliding Window, Rolling Hash, String Matching, Interactive, Hash Function"
3320,Maximum Number of Operations With the Same Score I,maximum-number-of-operations-with-the-same-score-i,Easy,53.034481897939564,97,28,False,"Array, Simulation"
3308,Apply Operations to Make String Empty,apply-operations-to-make-string-empty,Medium,57.79468342530857,168,8,False,"Array, Hash Table, Sorting, Counting"
3318,Maximum Number of Operations With the Same Score II,maximum-number-of-operations-with-the-same-score-ii,Medium,34.32745059157909,194,16,False,"Array, Dynamic Programming, Memoization"
3298,Maximize Consecutive Elements in an Array After Modification,maximize-consecutive-elements-in-an-array-after-modification,Hard,34.03850655430712,181,9,False,"Array, Dynamic Programming, Sorting"
3309,Count Prefix and Suffix Pairs I,count-prefix-and-suffix-pairs-i,Easy,77.78708503799999,615,47,False,"Array, String, Trie, Rolling Hash, String Matching, Hash Function"
3329,Find the Length of the Longest Common Prefix,find-the-length-of-the-longest-common-prefix,Medium,62.27870285311666,1095,58,False,"Array, Hash Table, String, Trie"
3314,Most Frequent Prime,most-frequent-prime,Medium,46.18708814821889,104,70,False,"Array, Hash Table, Math, Matrix, Counting, Enumeration, Number Theory"
3305,Count Prefix and Suffix Pairs II,count-prefix-and-suffix-pairs-ii,Hard,28.646045202336595,260,12,False,"Array, String, Trie, Rolling Hash, String Matching, Hash Function"
3324,Split the Array,split-the-array,Easy,61.50665331234798,180,16,False,"Array, Hash Table, Counting"
3325,Find the Largest Area of Square Inside Two Rectangles,find-the-largest-area-of-square-inside-two-rectangles,Medium,67.04040132815518,441,86,False,"Array, Math, Geometry"
3292,Earliest Second to Mark Indices I,earliest-second-to-mark-indices-i,Medium,37.15011087187069,205,101,False,"Array, Binary Search"
3289,Earliest Second to Mark Indices II,earliest-second-to-mark-indices-ii,Hard,22.71042000996071,84,21,False,"Array, Binary Search, Greedy, Heap (Priority Queue)"
3255,Pizza Toppings Cost Analysis,pizza-toppings-cost-analysis,Medium,68.97880539499036,17,1,True,Database
3256,Find Candidates for Data Scientist Position,find-candidates-for-data-scientist-position,Easy,75.49045252419566,15,0,True,Database
3257,Maximize Items,maximize-items,Hard,74.74676912329724,7,12,True,Database
3258,Classifying Triangles by Lengths,classifying-triangles-by-lengths,Easy,51.29008016032064,9,1,True,Database
3259,Binary Tree Nodes,binary-tree-nodes,Medium,78.5659064553537,19,2,True,Database
3339,Top Percentile Fraud,top-percentile-fraud,Medium,57.289425781896405,10,6,True,Database
3340,Snaps Analysis,snaps-analysis,Medium,59.027443428021186,5,2,True,Database
3357,Employees Project Allocation,employees-project-allocation,Hard,67.57109313853378,5,4,True,Database
3358,Friends With No Mutual Friends,friends-with-no-mutual-friends,Medium,48.89296075736754,20,3,True,Database
3365,Find All Unique Email Domains,find-all-unique-email-domains,Easy,70.33158813263525,13,8,True,Database
3366,User Activities within Time Bounds,user-activities-within-time-bounds,Hard,41.81120747164776,5,20,True,Database
3369,Calculate Trapping Rain Water,calculate-trapping-rain-water,Hard,82.29311141932502,14,6,True,Database
3368,Winner of the Linked List Game,winner-of-the-linked-list-game,Easy,77.52673116089613,32,5,True,Linked List
3359,Linked List Frequency,linked-list-frequency,Easy,85.48332960393824,49,21,True,"Hash Table, Linked List, Counting"
3370,Guess the Number Using Bitwise Questions I,guess-the-number-using-bitwise-questions-i,Medium,88.8106706187477,12,11,True,"Bit Manipulation, Interactive"
3331,Minimum Operations to Exceed Threshold Value I,minimum-operations-to-exceed-threshold-value-i,Easy,86.83344305464121,178,17,False,Array
3332,Minimum Operations to Exceed Threshold Value II,minimum-operations-to-exceed-threshold-value-ii,Medium,45.836179519443945,637,70,False,"Array, Heap (Priority Queue), Simulation"
3326,Count Pairs of Connectable Servers in a Weighted Tree Network,count-pairs-of-connectable-servers-in-a-weighted-tree-network,Medium,56.08451634202707,243,29,False,"Array, Tree, Depth-First Search"
3307,Find the Maximum Sum of Node Values,find-the-maximum-sum-of-node-values,Hard,69.41425934241381,928,133,False,"Array, Dynamic Programming, Greedy, Bit Manipulation, Tree, Sorting"
3347,Distribute Elements Into Two Arrays I,distribute-elements-into-two-arrays-i,Easy,74.16612485739171,127,30,False,"Array, Simulation"
3338,Count Submatrices with Top-Left Element and Sum Less Than k,count-submatrices-with-top-left-element-and-sum-less-than-k,Medium,74.85622282260671,469,22,False,"Array, Matrix, Prefix Sum"
3335,Minimum Operations to Write the Letter Y on a Grid,minimum-operations-to-write-the-letter-y-on-a-grid,Medium,64.64076931059532,150,34,False,"Array, Hash Table, Matrix, Counting"
3350,Distribute Elements Into Two Arrays II,distribute-elements-into-two-arrays-ii,Hard,30.920496789455896,161,14,False,"Array, Binary Indexed Tree, Segment Tree, Simulation"
3378,Maximum Increasing Triplet Value,maximum-increasing-triplet-value,Medium,35.97194388777555,22,8,True,"Array, Ordered Set"
3334,Apple Redistribution into Boxes,apple-redistribution-into-boxes,Easy,78.58800800260039,410,24,False,"Array, Greedy, Sorting"
3351,Maximize Happiness of Selected Children,maximize-happiness-of-selected-children,Medium,58.70475411859698,947,100,False,"Array, Greedy, Sorting"
3356,Shortest Uncommon Substring in an Array,shortest-uncommon-substring-in-an-array,Medium,51.0189412594673,175,32,False,"Array, Hash Table, String, Trie"
3313,Maximum Strength of K Disjoint Subarrays,maximum-strength-of-k-disjoint-subarrays,Hard,28.05595543593916,180,76,False,"Array, Dynamic Programming, Prefix Sum"
3385,Match Alphanumerical Pattern in Matrix I,match-alphanumerical-pattern-in-matrix-i,Medium,65.28768426058012,11,5,True,"Array, Hash Table, String, Matrix"
3367,Find the Sum of Encrypted Integers,find-the-sum-of-encrypted-integers,Easy,75.1015216579537,139,20,False,"Array, Math"
3306,Mark Elements on Array by Performing Queries,mark-elements-on-array-by-performing-queries,Medium,49.511456982274105,132,28,False,"Array, Hash Table, Sorting, Heap (Priority Queue), Simulation"
3354,Replace Question Marks in String to Minimize Its Value,replace-question-marks-in-string-to-minimize-its-value,Medium,29.3289852045816,206,33,False,"Hash Table, String, Greedy, Sorting, Heap (Priority Queue), Counting"
3345,Find the Sum of the Power of All Subsequences,find-the-sum-of-the-power-of-all-subsequences,Hard,38.582411400712544,169,4,False,"Array, Dynamic Programming"
3353,Existence of a Substring in a String and Its Reverse,existence-of-a-substring-in-a-string-and-its-reverse,Easy,66.60054893096847,116,1,False,"Hash Table, String"
3337,Count Substrings Starting and Ending with Given Character,count-substrings-starting-and-ending-with-given-character,Medium,50.264124577877055,152,9,False,"Math, String, Counting"
3360,Minimum Deletions to Make String K-Special,minimum-deletions-to-make-string-k-special,Medium,67.14493356734033,686,53,False,"Hash Table, String, Greedy, Sorting, Counting"
3327,Minimum Moves to Pick K Ones,minimum-moves-to-pick-k-ones,Hard,21.767842293205497,61,54,False,"Array, Greedy, Sliding Window, Prefix Sum"
3392,Find Trending Hashtags,find-trending-hashtags,Medium,61.82432432432432,8,6,True,Database
3393,Make String Anti-palindrome,make-string-anti-palindrome,Hard,46.49243466299862,8,3,True,"String, Greedy, Sorting, Counting Sort"
3400,Find Bursty Behavior,find-bursty-behavior,Medium,38.15266951022209,11,21,True,Database
3349,Maximum Length Substring With Two Occurrences,maximum-length-substring-with-two-occurrences,Easy,65.76232364817503,265,23,False,"Hash Table, String, Sliding Window"
3328,Apply Operations to Make Sum of Array Greater Than or Equal to k,apply-operations-to-make-sum-of-array-greater-than-or-equal-to-k,Medium,44.45443082123789,175,19,False,"Math, Greedy, Enumeration"
3363,Most Frequent IDs,most-frequent-ids,Medium,43.09614429918914,280,38,False,"Array, Hash Table, Heap (Priority Queue), Ordered Set"
3376,Longest Common Suffix Queries,longest-common-suffix-queries,Hard,52.658171513092874,438,34,False,"Array, String, Trie"
3401,Guess the Number Using Bitwise Questions II,guess-the-number-using-bitwise-questions-ii,Medium,82.88023512123439,15,4,True,"Bit Manipulation, Interactive"
3381,Shortest Subarray With OR at Least K I,shortest-subarray-with-or-at-least-k-i,Easy,44.790103293016685,144,24,False,"Array, Bit Manipulation, Sliding Window"
3355,Minimum Levels to Gain More Points,minimum-levels-to-gain-more-points,Medium,40.48589409409698,90,32,False,"Array, Prefix Sum"
3380,Shortest Subarray With OR at Least K II,shortest-subarray-with-or-at-least-k-ii,Medium,50.233213633719174,763,73,False,"Array, Bit Manipulation, Sliding Window"
3316,Find the Sum of Subsequence Powers,find-the-sum-of-subsequence-powers,Hard,25.41463245732489,148,6,False,"Array, Dynamic Programming, Sorting"
3371,Harshad Number,harshad-number,Easy,83.4147837936176,227,13,False,Math
3336,Water Bottles II,water-bottles-ii,Medium,78.14878366036588,538,104,False,"Math, Simulation"
3374,Count Alternating Subarrays,count-alternating-subarrays,Medium,57.55879198982519,248,10,False,"Array, Math"
3344,Minimize Manhattan Distances,minimize-manhattan-distances,Hard,33.06263446562225,187,15,False,"Array, Math, Geometry, Sorting, Ordered Set"
3409,Find Trending Hashtags II ,find-trending-hashtags-ii,Hard,66.8929712460064,11,2,True,Database
3410,Find Longest Self-Contained Substring,find-longest-self-contained-substring,Hard,58.481545228533186,19,6,True,"Hash Table, String, Sorting"
3372,Longest Strictly Increasing or Strictly Decreasing Subarray,longest-strictly-increasing-or-strictly-decreasing-subarray,Easy,64.93038241724521,667,34,False,Array
3346,Lexicographically Smallest String After Operations With Constraint,lexicographically-smallest-string-after-operations-with-constraint,Medium,62.933677244762045,165,28,False,"String, Greedy"
3387,Minimum Operations to Make Median of Array Equal to K,minimum-operations-to-make-median-of-array-equal-to-k,Medium,48.04374240583232,168,187,False,"Array, Greedy, Sorting"
3348,Minimum Cost Walk in Weighted Graph,minimum-cost-walk-in-weighted-graph,Hard,68.22603410348029,795,43,False,"Array, Bit Manipulation, Union-Find, Graph Theory"
3417,Find the Index of Permutation,find-the-index-of-permutation,Medium,37.2253864930838,16,5,True,"Array, Binary Search, Divide and Conquer, Binary Indexed Tree, Segment Tree, Merge Sort, Ordered Set"
3379,Score of a String,score-of-a-string,Easy,91.35774528281104,866,52,False,String
3390,Minimum Rectangles to Cover Points,minimum-rectangles-to-cover-points,Medium,63.97867950481431,111,8,False,"Array, Greedy, Sorting"
3389,Minimum Time to Visit Disappearing Nodes,minimum-time-to-visit-disappearing-nodes,Medium,38.004145378694865,223,25,False,"Array, Graph Theory, Heap (Priority Queue), Shortest Path"
3382,Find the Number of Subarrays Where Boundary Elements Are Maximum,find-the-number-of-subarrays-where-boundary-elements-are-maximum,Hard,33.573375285280626,268,6,False,"Array, Binary Search, Stack, Monotonic Stack"
3361,Latest Time You Can Obtain After Replacing Characters,latest-time-you-can-obtain-after-replacing-characters,Easy,35.37160253328948,120,51,False,"String, Enumeration"
3373,Maximum Prime Difference,maximum-prime-difference,Medium,59.18193819784744,132,16,False,"Array, Math, Number Theory"
3375,Kth Smallest Amount With Single Denomination Combination,kth-smallest-amount-with-single-denomination-combination,Hard,20.315641844510907,256,19,False,"Array, Math, Binary Search, Bit Manipulation, Combinatorics, Number Theory"
3364,Minimum Sum of Values by Dividing Array,minimum-sum-of-values-by-dividing-array,Hard,28.32243170450173,149,4,False,"Array, Binary Search, Dynamic Programming, Bit Manipulation, Segment Tree, Queue"
3424,Friday Purchase III ,friday-purchase-iii,Medium,55.0098231827112,6,7,True,Database
3425,Maximum Number of Potholes That Can Be Fixed,maximum-number-of-potholes-that-can-be-fixed,Medium,53.43598880122169,21,3,True,"String, Greedy, Sorting"
3408,Count the Number of Special Characters I,count-the-number-of-special-characters-i,Easy,77.26295639621547,392,12,False,"Hash Table, String"
3405,Count the Number of Special Characters II,count-the-number-of-special-characters-ii,Medium,60.41341374321363,462,24,False,"Hash Table, String"
3404,Minimum Number of Operations to Satisfy Conditions,minimum-number-of-operations-to-satisfy-conditions,Medium,42.30590912922532,300,13,False,"Array, Dynamic Programming, Matrix"
3386,Find Edges in Shortest Paths,find-edges-in-shortest-paths,Hard,46.86406709761127,324,5,False,"Depth-First Search, Breadth-First Search, Graph Theory, Heap (Priority Queue), Shortest Path"
3432,Find Longest Calls,find-longest-calls,Medium,64.24038080126934,7,5,True,Database
3433,Maximum Number That Makes Result of Bitwise AND Zero,maximum-number-that-makes-result-of-bitwise-and-zero,Medium,70.01514386673398,12,2,True,"String, Greedy, Sorting"
3440,Server Utilization Time,server-utilization-time,Medium,60.896255371393494,11,16,True,Database
3398,Make a Square with the Same Color,make-a-square-with-the-same-color,Easy,53.267108505655635,94,12,False,"Array, Matrix, Enumeration"
3388,Right Triangles,right-triangles,Medium,48.89241141297805,136,24,False,"Array, Hash Table, Math, Combinatorics, Counting"
3406,Find All Possible Stable Binary Arrays I,find-all-possible-stable-binary-arrays-i,Medium,53.61417874940525,502,188,False,"Dynamic Programming, Prefix Sum"
3407,Find All Possible Stable Binary Arrays II,find-all-possible-stable-binary-arrays-ii,Hard,58.854615578830064,266,30,False,"Dynamic Programming, Prefix Sum"
3397,Find the Integer Added to Array I,find-the-integer-added-to-array-i,Easy,82.98772910841876,173,12,False,Array
3399,Find the Integer Added to Array II,find-the-integer-added-to-array-ii,Medium,33.08597240146928,181,44,False,"Array, Two Pointers, Sorting, Enumeration"
3394,Minimum Array End,minimum-array-end,Medium,55.45411961689107,823,100,False,Bit Manipulation
3362,Find the Median of the Uniqueness Array,find-the-median-of-the-uniqueness-array,Hard,30.4019688269073,179,13,False,"Array, Hash Table, Binary Search, Sliding Window"
3441,Equalize Strings by Adding or Removing Characters at Ends,equalize-strings-by-adding-or-removing-characters-at-ends,Medium,56.47146587094368,16,2,True,"String, Binary Search, Dynamic Programming, Sliding Window, Hash Function"
3396,Valid Word,valid-word,Easy,50.884390602624144,483,170,False,String
3384,Minimum Number of Operations to Make Word K-Periodic,minimum-number-of-operations-to-make-word-k-periodic,Medium,60.86166842661035,123,13,False,"Hash Table, String, Counting"
3395,Minimum Length of Anagram Concatenation,minimum-length-of-anagram-concatenation,Medium,39.88386841523442,205,104,False,"Hash Table, String, Counting"
3402,Minimum Cost to Equalize Array,minimum-cost-to-equalize-array,Hard,18.972899962640458,150,24,False,"Array, Greedy, Enumeration"
3448,Consecutive Available Seats II,consecutive-available-seats-ii,Medium,55.54739162380602,13,2,True,Database
3449,Maximum Hamming Distances,maximum-hamming-distances,Hard,49.550898203592816,15,2,True,"Array, Bit Manipulation, Breadth-First Search"
3415,Check if Grid Satisfies Conditions,check-if-grid-satisfies-conditions,Easy,45.66184059494758,118,6,False,"Array, Matrix"
3419,Maximum Points Inside the Square,maximum-points-inside-the-square,Medium,39.7650551161149,178,24,False,"Array, Hash Table, String, Binary Search, Sorting"
3403,Minimum Substring Partition of Equal Character Frequency,minimum-substring-partition-of-equal-character-frequency,Medium,40.45565045285373,179,36,False,"Hash Table, String, Dynamic Programming, Counting"
3411,Find Products of Elements of Big Array,find-products-of-elements-of-big-array,Hard,25.01736245080639,62,18,False,"Array, Binary Search, Bit Manipulation"
3412,Permutation Difference between Two Strings,permutation-difference-between-two-strings,Easy,87.91281323151311,197,17,False,"Hash Table, String"
3383,Taking Maximum Energy From the Mystic Dungeon,taking-maximum-energy-from-the-mystic-dungeon,Medium,61.02206924134058,594,40,False,"Array, Dynamic Programming, Prefix Sum"
3391,Maximum Difference Score in a Grid,maximum-difference-score-in-a-grid,Medium,48.26136274739889,292,23,False,"Array, Dynamic Programming, Matrix"
3431,Find the Minimum Cost Array Permutation,find-the-minimum-cost-array-permutation,Hard,25.99102077750322,153,8,False,"Array, Dynamic Programming, Bit Manipulation, Bitmask"
3457,Invalid Tweets II,invalid-tweets-ii,Easy,85.06215610352558,18,3,True,Database
3429,Special Array I,special-array-i,Easy,81.62613494967414,589,33,False,Array
3427,Special Array II,special-array-ii,Medium,45.800485592017054,920,67,False,"Array, Binary Search, Prefix Sum"
3416,Sum of Digit Differences of All Pairs,sum-of-digit-differences-of-all-pairs,Medium,43.18900580760163,230,20,False,"Array, Hash Table, Math, Counting"
3414,Find Number of Ways to Reach the K-th Stair,find-number-of-ways-to-reach-the-k-th-stair,Hard,37.94684416309812,205,14,False,"Math, Dynamic Programming, Bit Manipulation, Memoization, Combinatorics"
3458,Maximum Number of Upgradable Servers,maximum-number-of-upgradable-servers,Medium,43.69562553608626,21,2,True,"Array, Math, Binary Search"
3465,Employee Task Duration and Concurrent Tasks,employee-task-duration-and-concurrent-tasks,Hard,39.912381830758584,13,3,True,Database
3467,Find the Level of Tree with Minimum Sum,find-the-level-of-tree-with-minimum-sum,Medium,69.54377311960542,19,3,True,"Tree, Depth-First Search, Breadth-First Search, Binary Tree"
3428,Find the XOR of Numbers Which Appear Twice,find-the-xor-of-numbers-which-appear-twice,Easy,79.1331173240721,176,14,False,"Array, Hash Table, Bit Manipulation"
3420,Find Occurrences of an Element in an Array,find-occurrences-of-an-element-in-an-array,Medium,73.5686942747771,191,26,False,"Array, Hash Table"
3434,Find the Number of Distinct Colors Among the Balls,find-the-number-of-distinct-colors-among-the-balls,Medium,54.15475762336507,769,95,False,"Array, Hash Table, Simulation"
3435,Block Placement Queries,block-placement-queries,Hard,41.45453863325142,330,47,False,"Array, Binary Search, Binary Indexed Tree, Segment Tree, Ordered Set"
3446,Find the Number of Good Pairs I,find-the-number-of-good-pairs-i,Easy,86.52543181601298,175,16,False,"Array, Hash Table"
3451,String Compression III,string-compression-iii,Medium,67.09603638556112,637,54,False,String
3444,Find the Number of Good Pairs II,find-the-number-of-good-pairs-ii,Medium,26.760538292320163,259,40,False,"Array, Hash Table"
3423,Maximum Sum of Subsequence With Non-adjacent Elements,maximum-sum-of-subsequence-with-non-adjacent-elements,Hard,15.874063906312442,160,32,False,"Array, Divide and Conquer, Dynamic Programming, Segment Tree"
3473,Calculate Parking Fees and Duration,calculate-parking-fees-and-duration,Medium,53.270321361058606,15,5,True,Database
3474,Better Compression of String,better-compression-of-string,Medium,75.26158445440957,19,4,True,"Hash Table, String, Sorting, Counting"
3426,Minimum Number of Chairs in a Waiting Room,minimum-number-of-chairs-in-a-waiting-room,Easy,79.45776623263225,161,16,False,"String, Simulation"
3430,Count Days Without Meetings,count-days-without-meetings,Medium,48.19842676221627,793,20,False,"Array, Sorting"
3445,Lexicographically Minimum String After Removing Stars,lexicographically-minimum-string-after-removing-stars,Medium,50.96409532304909,599,89,False,"Hash Table, String, Stack, Greedy, Heap (Priority Queue)"
3436,Find Subarray With Bitwise OR Closest to K,find-subarray-with-bitwise-or-closest-to-k,Hard,31.277430380238474,214,8,False,"Array, Binary Search, Bit Manipulation, Segment Tree"
3481,Second Day Verification,second-day-verification,Easy,67.05123854767561,11,1,True,Database
3472,Bitwise OR of Adjacent Elements,bitwise-or-of-adjacent-elements,Easy,94.76177208135971,25,2,True,"Array, Bit Manipulation"
3447,Clear Digits,clear-digits,Easy,82.79077829779858,711,27,False,"String, Stack, Simulation"
3413,Find The First Player to win K Games in a Row,find-the-first-player-to-win-k-games-in-a-row,Medium,40.3730085367843,142,16,False,"Array, Simulation"
3456,Find the Maximum Length of a Good Subsequence I,find-the-maximum-length-of-a-good-subsequence-i,Medium,32.945566886294664,170,101,False,"Array, Hash Table, Dynamic Programming"
3452,Find the Maximum Length of a Good Subsequence II,find-the-maximum-length-of-a-good-subsequence-ii,Hard,25.416028586013272,145,10,False,"Array, Hash Table, Dynamic Programming"
3450,Find the Child Who Has the Ball After K Seconds,find-the-child-who-has-the-ball-after-k-seconds,Easy,62.12811140832704,187,11,False,"Math, Simulation"
3422,Find the N-th Value After K Seconds,find-the-n-th-value-after-k-seconds,Medium,54.037409019755714,128,21,False,"Array, Math, Simulation, Combinatorics, Prefix Sum"
3442,Maximum Total Reward Using Operations I,maximum-total-reward-using-operations-i,Medium,31.037233256851373,221,18,False,"Array, Dynamic Programming, Bit Manipulation, Sorting"
3443,Maximum Total Reward Using Operations II,maximum-total-reward-using-operations-ii,Hard,22.00765483646486,134,32,False,"Array, Dynamic Programming, Bit Manipulation, Sorting"
3488,Find Top Scoring Students,find-top-scoring-students,Medium,50.12658227848101,17,3,True,Database
3489,The Number of Ways to Make the Sum,the-number-of-ways-to-make-the-sum,Medium,50.790177486019935,21,1,True,"Array, Dynamic Programming"
3421,Count Pairs That Form a Complete Day I,count-pairs-that-form-a-complete-day-i,Easy,78.26462552234008,170,12,False,"Array, Hash Table, Counting"
3418,Count Pairs That Form a Complete Day II,count-pairs-that-form-a-complete-day-ii,Medium,43.849502487562184,198,12,False,"Array, Hash Table, Counting"
3437,Maximum Total Damage With Spell Casting,maximum-total-damage-with-spell-casting,Medium,45.09602823327549,760,65,False,"Array, Hash Table, Two Pointers, Binary Search, Dynamic Programming, Sorting, Counting"
3438,Peaks in Array,peaks-in-array,Hard,27.762039660056658,142,10,False,"Array, Binary Indexed Tree, Segment Tree"
3503,Find Top Scoring Students II,find-top-scoring-students-ii,Hard,39.80139996744262,8,8,True,Database
3504,Minimum Moves to Get a Peaceful Board,minimum-moves-to-get-a-peaceful-board,Medium,75.76326914044152,61,13,True,"Array, Greedy, Sorting, Counting Sort"
3476,Find Minimum Operations to Make All Elements Divisible by Three,find-minimum-operations-to-make-all-elements-divisible-by-three,Easy,90.84013148696673,531,34,False,"Array, Math"
3475,Minimum Operations to Make Binary Array Elements Equal to One I,minimum-operations-to-make-binary-array-elements-equal-to-one-i,Medium,80.4191880584875,685,36,False,"Array, Bit Manipulation, Queue, Sliding Window, Prefix Sum"
3477,Minimum Operations to Make Binary Array Elements Equal to One II,minimum-operations-to-make-binary-array-elements-equal-to-one-ii,Medium,65.25155613108289,159,9,False,"Array, Dynamic Programming, Greedy"
3460,Count the Number of Inversions,count-the-number-of-inversions,Hard,31.451114730162296,193,37,False,"Array, Dynamic Programming"
3471,Minimum Average of Smallest and Largest Elements,minimum-average-of-smallest-and-largest-elements,Easy,85.42152678283438,217,19,False,"Array, Two Pointers, Sorting"
3461,Find the Minimum Area to Cover All Ones I,find-the-minimum-area-to-cover-all-ones-i,Medium,78.16496074358999,496,32,False,"Array, Matrix"
3464,Maximize Total Cost of Alternating Subarrays,maximize-total-cost-of-alternating-subarrays,Medium,29.837953968870707,197,29,False,"Array, Dynamic Programming"
3459,Find the Minimum Area to Cover All Ones II,find-the-minimum-area-to-cover-all-ones-ii,Hard,63.512829498111586,403,69,False,"Array, Matrix, Enumeration"
3505,Find Cities in Each State,find-cities-in-each-state,Easy,79.394898160965,9,2,True,Database
3506,Count Triplets with Even XOR Set Bits I,count-triplets-with-even-xor-set-bits-i,Easy,83.11468472280998,9,4,True,"Array, Bit Manipulation"
3469,Maximum Height of a Triangle,maximum-height-of-a-triangle,Easy,44.52237742867318,168,31,False,"Array, Enumeration"
3490,Find the Maximum Length of Valid Subsequence I,find-the-maximum-length-of-valid-subsequence-i,Medium,54.89112909417564,642,56,False,"Array, Dynamic Programming"
3491,Find the Maximum Length of Valid Subsequence II,find-the-maximum-length-of-valid-subsequence-ii,Medium,57.12677124095566,659,54,False,"Array, Dynamic Programming"
3439,Find Minimum Diameter After Merging Two Trees,find-minimum-diameter-after-merging-two-trees,Hard,57.030462699029684,706,40,False,"Tree, Depth-First Search, Breadth-First Search, Graph Theory"
3512,Bitwise User Permissions Analysis,bitwise-user-permissions-analysis,Medium,92.80033486814567,9,3,True,Database
3513,Maximum Array Hopping Score I,maximum-array-hopping-score-i,Medium,77.090395480226,28,1,True,"Array, Dynamic Programming, Stack, Greedy, Monotonic Stack"
3463,Alternating Groups I,alternating-groups-i,Easy,69.20914491580163,175,10,False,"Array, Sliding Window"
3264,Maximum Points After Enemy Battles,maximum-points-after-enemy-battles,Medium,33.46362579144592,130,43,False,"Array, Greedy"
3483,Alternating Groups II,alternating-groups-ii,Medium,60.03335206905665,772,74,False,"Array, Sliding Window"
3466,Number of Subarrays With AND Value of K,number-of-subarrays-with-and-value-of-k,Hard,35.552951735141605,174,8,False,"Array, Binary Search, Bit Manipulation, Segment Tree"
3468,Find the Encrypted String,find-the-encrypted-string,Easy,68.29632394103378,115,10,False,String
3453,Generate Binary Strings Without Adjacent Zeros,generate-binary-strings-without-adjacent-zeros,Medium,88.50734200465176,315,53,False,"String, Backtracking, Bit Manipulation"
3492,Count Submatrices With Equal Frequency of X and Y,count-submatrices-with-equal-frequency-of-x-and-y,Medium,69.65785752564939,423,51,False,"Array, Matrix, Prefix Sum"
3482,Construct String with Minimum Cost,construct-string-with-minimum-cost,Hard,19.005664835321245,173,31,False,"Array, String, Dynamic Programming, Suffix Array"
3520,Year on Year Growth Rate,year-on-year-growth-rate,Hard,51.70957635199564,5,1,True,Database
3521,Count Triplets with Even XOR Set Bits II,count-triplets-with-even-xor-set-bits-ii,Medium,61.81419166057059,17,3,True,"Array, Bit Manipulation"
3484,Lexicographically Smallest String After a Swap,lexicographically-smallest-string-after-a-swap,Easy,54.74303495891477,102,32,False,"String, Greedy"
3501,Delete Nodes From Linked List Present in Array,delete-nodes-from-linked-list-present-in-array,Medium,69.3938528995585,1099,50,False,"Array, Hash Table, Linked List"
3494,Minimum Cost for Cutting Cake I,minimum-cost-for-cutting-cake-i,Medium,58.629356568364614,205,8,False,"Array, Two Pointers, Dynamic Programming, Greedy, Sorting"
3500,Minimum Cost for Cutting Cake II,minimum-cost-for-cutting-cake-ii,Hard,55.37024532973216,128,18,False,"Array, Greedy, Sorting"
3530,Odd and Even Transactions,odd-and-even-transactions,Medium,68.37734278828648,76,40,False,Database
3529,Maximum Array Hopping Score II,maximum-array-hopping-score-ii,Medium,59.82098458478369,17,3,True,"Array, Stack, Greedy, Monotonic Stack"
3511,Find the Winning Player in Coin Game,find-the-winning-player-in-coin-game,Easy,53.54850294025228,133,16,False,"Math, Simulation, Game Theory"
3455,Minimum Length of String After Operations,minimum-length-of-string-after-operations,Medium,75.0782468117058,730,53,False,"Hash Table, String, Counting"
3498,Minimum Array Changes to Make Differences Equal,minimum-array-changes-to-make-differences-equal,Medium,24.744011272898074,262,28,False,"Array, Hash Table, Prefix Sum"
3470,Maximum Score From Grid Operations,maximum-score-from-grid-operations,Hard,64.33950322272311,197,24,False,"Array, Dynamic Programming, Matrix, Prefix Sum"
3508,Number of Bit Changes to Make Two Integers Equal,number-of-bit-changes-to-make-two-integers-equal,Easy,63.599327861123534,103,7,False,Bit Manipulation
3462,Vowels Game in a String,vowels-game-in-a-string,Medium,77.09084297729716,555,117,False,"Math, String, Brainteaser, Game Theory"
3493,Maximum Number of Operations to Move Ones to the End,maximum-number-of-operations-to-move-ones-to-the-end,Medium,67.10737008411974,533,39,False,"String, Greedy, Counting"
3454,Minimum Operations to Make Array Equal to Target,minimum-operations-to-make-array-equal-to-target,Hard,41.72945031926754,301,12,False,"Array, Dynamic Programming, Stack, Greedy, Monotonic Stack"
3539,Customer Purchasing Behavior Analysis,customer-purchasing-behavior-analysis,Medium,36.57262277951933,9,4,True,Database
3545,Minimum Number of Increasing Subsequence to Be Removed,minimum-number-of-increasing-subsequence-to-be-removed,Hard,47.1281296023564,8,1,True,"Array, Binary Search"
3515,Find if Digit Game Can Be Won,find-if-digit-game-can-be-won,Easy,81.68728939765155,210,14,False,"Array, Math"
3507,Find the Count of Numbers Which Are Not Special,find-the-count-of-numbers-which-are-not-special,Medium,28.12466446676163,202,27,False,"Array, Math, Number Theory"
3479,Count the Number of Substrings With Dominant Ones,count-the-number-of-substrings-with-dominant-ones,Medium,41.96818236841938,642,171,False,"String, Enumeration"
3478,Check if the Rectangle Corner Is Reachable,check-if-the-rectangle-corner-is-reachable,Hard,25.18748463240718,123,42,False,"Array, Math, Depth-First Search, Breadth-First Search, Union-Find, Geometry"
3549,CEO Subordinate Hierarchy,ceo-subordinate-hierarchy,Hard,69.91834980661797,6,0,True,Database
3538,Alt and Tab Simulation,alt-and-tab-simulation,Medium,53.40008343763037,15,6,True,"Array, Hash Table, Simulation"
3519,Find the Number of Winning Players,find-the-number-of-winning-players,Easy,60.633624926894214,105,28,False,"Array, Hash Table, Counting"
3526,Minimum Number of Flips to Make Binary Grid Palindromic I,minimum-number-of-flips-to-make-binary-grid-palindromic-i,Medium,75.0194404931247,84,10,False,"Array, Two Pointers, Matrix"
3524,Minimum Number of Flips to Make Binary Grid Palindromic II,minimum-number-of-flips-to-make-binary-grid-palindromic-ii,Medium,25.682783734574144,143,57,False,"Array, Two Pointers, Matrix"
3532,Time Taken to Mark All Nodes,time-taken-to-mark-all-nodes,Hard,28.43536307391729,144,7,False,"Dynamic Programming, Tree, Depth-First Search, Graph Theory"
3516,Design Neighbor Sum Service,design-neighbor-sum-service,Easy,76.66385578590635,117,19,False,"Array, Hash Table, Design, Matrix, Simulation"
3517,Shortest Distance After Road Addition Queries I,shortest-distance-after-road-addition-queries-i,Medium,61.89654719015436,643,29,False,"Array, Breadth-First Search, Graph Theory"
3514,Shortest Distance After Road Addition Queries II,shortest-distance-after-road-addition-queries-ii,Hard,26.882670927821035,211,6,False,"Array, Greedy, Graph Theory, Ordered Set"
3527,Alternating Groups III,alternating-groups-iii,Hard,19.35525550746172,64,10,False,"Array, Binary Indexed Tree, Ordered Set"
3554,Premier League Table Ranking,premier-league-table-ranking,Easy,78.69512686266613,12,0,True,Database
3537,Number of Subsequences with Odd Sum,number-of-subsequences-with-odd-sum,Medium,47.264309764309765,13,2,True,"Array, Math, Dynamic Programming, Combinatorics"
3533,Snake in Matrix,snake-in-matrix,Easy,82.38943366019612,181,5,False,"Array, String, Simulation"
3486,Count the Number of Good Nodes,count-the-number-of-good-nodes,Medium,55.477483791834594,181,51,False,"Tree, Depth-First Search"
3535,Find the Count of Monotonic Pairs I,find-the-count-of-monotonic-pairs-i,Hard,47.606419148646815,156,13,False,"Array, Math, Dynamic Programming, Combinatorics, Prefix Sum"
3536,Find the Count of Monotonic Pairs II,find-the-count-of-monotonic-pairs-ii,Hard,24.81299359260915,105,6,False,"Array, Math, Dynamic Programming, Combinatorics, Prefix Sum"
3564,Premier League Table Ranking II,premier-league-table-ranking-ii,Medium,55.97630087583719,11,12,True,Database
3480,Construct String with Minimum Cost (Easy),construct-string-with-minimum-cost-easy,Medium,59.15789473684211,11,2,True,
3522,Find the Power of K-Size Subarrays I,find-the-power-of-k-size-subarrays-i,Medium,62.09345585921473,681,58,False,"Array, Sliding Window"
3523,Find the Power of K-Size Subarrays II,find-the-power-of-k-size-subarrays-ii,Medium,31.755664149266995,165,12,False,"Array, Sliding Window"
3550,Maximum Value Sum by Placing Three Rooks I,maximum-value-sum-by-placing-three-rooks-i,Hard,16.848234096861916,111,11,False,"Array, Dynamic Programming, Matrix, Enumeration"
3542,Maximum Value Sum by Placing Three Rooks II,maximum-value-sum-by-placing-three-rooks-ii,Hard,27.02279945015879,61,10,False,"Array, Dynamic Programming, Matrix, Enumeration"
3543,Count Substrings That Satisfy K-Constraint I,count-substrings-that-satisfy-k-constraint-i,Easy,79.2011709478348,190,37,False,"String, Sliding Window"
3525,Maximum Energy Boost From Two Drinks,maximum-energy-boost-from-two-drinks,Medium,50.19922523519645,183,14,False,"Array, Dynamic Programming"
3552,Find the Largest Palindrome Divisible by K,find-the-largest-palindrome-divisible-by-k,Hard,17.15614689815566,109,70,False,"Math, String, Dynamic Programming, Greedy, Number Theory"
3546,Count Substrings That Satisfy K-Constraint II,count-substrings-that-satisfy-k-constraint-ii,Hard,23.77774328728853,149,12,False,"Array, String, Binary Search, Sliding Window, Prefix Sum"
3574,Find Overlapping Shifts,find-overlapping-shifts,Medium,58.272262935820564,11,5,True,Database
3577,Convert Doubly Linked List to Array I,convert-doubly-linked-list-to-array-i,Easy,94.94171112428373,21,6,True,"Array, Linked List, Doubly-Linked List"
3555,Final Array State After K Multiplication Operations I,final-array-state-after-k-multiplication-operations-i,Easy,86.9187784383407,564,13,False,"Array, Math, Heap (Priority Queue), Simulation"
3534,Count Almost Equal Pairs I,count-almost-equal-pairs-i,Medium,38.43272944042713,160,26,False,"Array, Hash Table, Sorting, Counting, Enumeration"
3556,Final Array State After K Multiplication Operations II,final-array-state-after-k-multiplication-operations-ii,Hard,13.531711555169418,180,24,False,"Array, Heap (Priority Queue), Simulation"
3544,Count Almost Equal Pairs II,count-almost-equal-pairs-ii,Hard,27.40500976875747,81,24,False,"Array, Hash Table, Sorting, Counting, Enumeration"
3585,Find Overlapping Shifts II,find-overlapping-shifts-ii,Hard,55.77081615828524,8,7,True,Database
3586,Constructing Two Increasing Arrays,constructing-two-increasing-arrays,Hard,61.9102416570771,12,1,True,"Array, Dynamic Programming"
3568,Find the Key of the Numbers,find-the-key-of-the-numbers,Easy,76.65063155821869,111,16,False,Math
3540,Hash Divided String,hash-divided-string,Medium,83.3695105071096,110,15,False,"String, Simulation"
3548,Find the Count of Good Integers,find-the-count-of-good-integers,Hard,69.28920803413466,473,112,False,"Hash Table, Math, Combinatorics, Enumeration"
3531,Minimum Amount of Damage Dealt to Bob,minimum-amount-of-damage-dealt-to-bob,Hard,39.98263747592306,167,25,False,"Array, Greedy, Sorting"
3553,Check if Two Chessboard Squares Have the Same Color,check-if-two-chessboard-squares-have-the-same-color,Easy,72.42097500697572,147,5,False,"Math, String"
3495,K-th Nearest Obstacle Queries,k-th-nearest-obstacle-queries,Medium,49.17662771285476,117,17,False,"Array, Heap (Priority Queue)"
3563,Select Cells in Grid With Maximum Score,select-cells-in-grid-with-maximum-score,Hard,15.916540987897445,230,6,False,"Array, Dynamic Programming, Bit Manipulation, Matrix, Bitmask"
3551,Maximum XOR Score Subarray Queries,maximum-xor-score-subarray-queries,Hard,44.406024281542955,110,17,False,"Array, Dynamic Programming"
3589,Find Candidates for Data Scientist Position II,find-candidates-for-data-scientist-position-ii,Medium,43.25728065294008,12,5,True,Database
3590,Maximum Total Area Occupied by Pistons,maximum-total-area-occupied-by-pistons,Hard,40.56316590563166,5,3,True,"Array, Hash Table, String, Simulation, Counting, Prefix Sum"
3567,Convert Date to Binary,convert-date-to-binary,Easy,88.88996083122697,161,11,False,"Math, String"
3485,Maximize Score of Numbers in Ranges,maximize-score-of-numbers-in-ranges,Medium,35.87299237658205,226,50,False,"Array, Binary Search, Greedy, Sorting"
3528,Reach End of Array With Max Score,reach-end-of-array-with-max-score,Medium,33.827987510644334,231,16,False,"Array, Greedy"
3560,Maximum Number of Moves to Kill All Pawns,maximum-number-of-moves-to-kill-all-pawns,Hard,34.15555454421335,149,12,False,"Array, Math, Bit Manipulation, Breadth-First Search, Game Theory, Bitmask"
3602,Sum of Consecutive Subarrays,sum-of-consecutive-subarrays,Medium,42.857142857142854,12,3,True,"Array, Two Pointers, Dynamic Programming"
3582,Find Indices of Stable Mountains,find-indices-of-stable-mountains,Easy,87.09464566362338,106,40,False,Array
3558,Find a Safe Walk Through a Grid,find-a-safe-walk-through-a-grid,Medium,33.657326302122705,243,14,False,"Array, Breadth-First Search, Graph Theory, Heap (Priority Queue), Matrix, Shortest Path"
3575,Find the Maximum Sequence Value of Array,find-the-maximum-sequence-value-of-array,Hard,21.85265554409306,91,9,False,"Array, Dynamic Programming, Bit Manipulation"
3571,Length of the Longest Increasing Path,length-of-the-longest-increasing-path,Hard,19.63529898482004,105,2,False,"Array, Binary Search, Sorting"
3581,The Two Sneaky Numbers of Digitville,the-two-sneaky-numbers-of-digitville,Easy,89.77868747601381,535,22,False,"Array, Hash Table, Math"
3518,Maximum Multiplication Score,maximum-multiplication-score,Medium,41.409509322536266,190,14,False,"Array, Dynamic Programming"
3559,Minimum Number of Valid Strings to Form Target I,minimum-number-of-valid-strings-to-form-target-i,Medium,22.108016661690904,181,17,False,"Array, String, Binary Search, Dynamic Programming, Greedy, Trie, Segment Tree, Rolling Hash, String Matching, Hash Function"
3557,Minimum Number of Valid Strings to Form Target II,minimum-number-of-valid-strings-to-form-target-ii,Hard,20.889560617510526,87,10,False,"Array, String, Binary Search, Dynamic Programming, Greedy, Segment Tree, Rolling Hash, String Matching, Hash Function"
3609,Calculate Product Final Price,calculate-product-final-price,Medium,79.01493319360755,10,1,True,Database
3615,Convert Doubly Linked List to Array II,convert-doubly-linked-list-to-array-ii,Medium,82.92134831460675,10,5,True,"Array, Linked List, Doubly-Linked List"
3541,Report Spam Message,report-spam-message,Medium,48.74188244282416,101,25,False,"Array, Hash Table, String"
3496,Minimum Number of Seconds to Make Mountain Height Zero,minimum-number-of-seconds-to-make-mountain-height-zero,Medium,58.34330607450746,615,94,False,"Array, Math, Binary Search, Greedy, Heap (Priority Queue)"
3573,Count Substrings That Can Be Rearranged to Contain a String I,count-substrings-that-can-be-rearranged-to-contain-a-string-i,Medium,43.30362826225334,125,27,False,"Hash Table, String, Sliding Window"
3572,Count Substrings That Can Be Rearranged to Contain a String II,count-substrings-that-can-be-rearranged-to-contain-a-string-ii,Hard,56.226247783126425,91,7,False,"Hash Table, String, Sliding Window"
3623,Sum of Consecutive Subsequences,sum-of-consecutive-subsequences,Hard,44.4184231069477,7,1,True,"Array, Hash Table, Dynamic Programming"
3606,Minimum Element After Replacement With Digit Sum,minimum-element-after-replacement-with-digit-sum,Easy,89.58749066646871,279,7,False,"Array, Math"
3510,Maximize the Total Height of Unique Towers,maximize-the-total-height-of-unique-towers,Medium,37.65039149532116,134,8,False,"Array, Greedy, Sorting"
3584,Find the Lexicographically Smallest Valid Sequence,find-the-lexicographically-smallest-valid-sequence,Medium,22.165615852285523,162,33,False,"Two Pointers, String, Dynamic Programming, Greedy"
3580,Find the Occurrence of First Almost Equal Substring,find-the-occurrence-of-first-almost-equal-substring,Hard,15.814842516413197,77,9,False,"String, String Matching"
3600,Find the K-th Character in String Game I,find-the-k-th-character-in-string-game-i,Easy,81.67096340089664,655,139,False,"Math, Bit Manipulation, Recursion, Simulation"
3570,Count of Substrings Containing Every Vowel and K Consonants I,count-of-substrings-containing-every-vowel-and-k-consonants-i,Medium,41.98788304504346,146,14,False,"Hash Table, String, Sliding Window"
3569,Count of Substrings Containing Every Vowel and K Consonants II,count-of-substrings-containing-every-vowel-and-k-consonants-ii,Medium,40.664343426157245,1005,150,False,"Hash Table, String, Sliding Window"
3601,Find the K-th Character in String Game II,find-the-k-th-character-in-string-game-ii,Hard,48.414794883153675,536,31,False,"Math, Bit Manipulation, Recursion"
3624,Find Top Performing Driver,find-top-performing-driver,Medium,49.159663865546214,7,2,True,Database
3579,Maximum Possible Number by Binary Concatenation,maximum-possible-number-by-binary-concatenation,Medium,65.60876085515991,118,7,False,"Array, Bit Manipulation, Enumeration"
3561,Remove Methods From Project,remove-methods-from-project,Medium,50.725381948902296,160,59,False,"Depth-First Search, Breadth-First Search, Graph Theory"
3578,Construct 2D Grid Matching Graph Layout,construct-2d-grid-matching-graph-layout,Hard,30.068497535369055,84,12,False,"Array, Hash Table, Graph Theory, Matrix"
3583,Sorted GCD Pair Queries,sorted-gcd-pair-queries,Hard,23.241224794622852,103,5,False,"Array, Hash Table, Math, Binary Search, Combinatorics, Counting, Number Theory, Prefix Sum"
3497,Find the Last Marked Nodes in Tree,find-the-last-marked-nodes-in-tree,Hard,56.53621981681932,7,1,True,"Tree, Depth-First Search"
3605,Construct the Minimum Bitwise Array I,construct-the-minimum-bitwise-array-i,Easy,85.25080407438375,424,53,False,"Array, Bit Manipulation"
3611,Construct the Minimum Bitwise Array II,construct-the-minimum-bitwise-array-ii,Medium,66.62619265204916,361,26,False,"Array, Bit Manipulation"
3487,Find Maximum Removals From Source String,find-maximum-removals-from-source-string,Medium,39.5020059861173,167,20,False,"Array, Hash Table, Two Pointers, String, Dynamic Programming"
3604,Find the Number of Possible Ways for an Event,find-the-number-of-possible-ways-for-an-event,Hard,35.259891388673395,77,15,False,"Math, Dynamic Programming, Combinatorics"
3610,Find X-Sum of All K-Long Subarrays I,find-x-sum-of-all-k-long-subarrays-i,Easy,76.06796728824605,569,330,False,"Array, Hash Table, Sliding Window, Heap (Priority Queue)"
3509,K-th Largest Perfect Subtree Size in Binary Tree,k-th-largest-perfect-subtree-size-in-binary-tree,Medium,62.354701818405466,158,15,False,"Tree, Depth-First Search, Sorting, Binary Tree"
3588,Count The Number of Winning Sequences,count-the-number-of-winning-sequences,Hard,32.36555006947935,105,5,False,"String, Dynamic Programming"
3592,Find X-Sum of All K-Long Subarrays II,find-x-sum-of-all-k-long-subarrays-ii,Hard,41.19201079217567,451,51,False,"Array, Hash Table, Sliding Window, Heap (Priority Queue)"
3642,Premier League Table Ranking III,premier-league-table-ranking-iii,Medium,70.60342045821233,4,0,True,Database
3565,Minimize Connected Groups by Inserting Interval,minimize-connected-groups-by-inserting-interval,Medium,50.0655737704918,18,3,True,"Array, Binary Search, Sliding Window, Sorting"
3566,Find the Sequence of Strings Appeared on the Screen,find-the-sequence-of-strings-appeared-on-the-screen,Medium,80.43590404952282,143,12,False,"String, Simulation"
3502,Count Substrings With K-Frequency Characters I,count-substrings-with-k-frequency-characters-i,Medium,56.13707891362629,157,10,False,"Hash Table, String, Sliding Window"
3607,Minimum Division Operations to Make Array Non Decreasing,minimum-division-operations-to-make-array-non-decreasing,Medium,29.34209109507914,138,31,False,"Array, Math, Greedy, Number Theory"
3603,Check if DFS Strings Are Palindromes,check-if-dfs-strings-are-palindromes,Hard,20.774114631873253,80,14,False,"Array, Hash Table, String, Tree, Depth-First Search, Hash Function"
3650,Find Cities in Each State II,find-cities-in-each-state-ii,Medium,67.96028880866426,11,2,True,Database
3499,Count Substrings With K-Frequency Characters II,count-substrings-with-k-frequency-characters-ii,Hard,70.14627659574468,8,1,True,"Hash Table, String, Sliding Window"
3617,Find the Original Typed String I,find-the-original-typed-string-i,Easy,72.05756387921022,532,78,False,String
3576,Find Subtree Sizes After Changes,find-subtree-sizes-after-changes,Medium,53.849578629352834,108,37,False,"Array, Hash Table, String, Tree, Depth-First Search"
3587,Maximum Points Tourist Can Earn,maximum-points-tourist-can-earn,Medium,47.82925717757861,96,15,False,"Array, Dynamic Programming, Matrix"
3618,Find the Original Typed String II,find-the-original-typed-string-ii,Hard,45.46289113007499,505,78,False,"String, Dynamic Programming, Prefix Sum"
3593,Find the Maximum Factor Score of Array,find-the-maximum-factor-score-of-array,Medium,41.19754436128164,89,13,False,"Array, Math, Number Theory"
3629,Total Characters in String After Transformations I,total-characters-in-string-after-transformations-i,Medium,45.64391808804875,615,46,False,"Hash Table, Math, String, Dynamic Programming, Counting"
3608,Find the Number of Subsequences With Equal GCD,find-the-number-of-subsequences-with-equal-gcd,Hard,31.945324881141048,91,9,False,"Array, Math, Dynamic Programming, Number Theory"
3630,Total Characters in String After Transformations II,total-characters-in-string-after-transformations-ii,Hard,57.90955832924547,391,83,False,"Hash Table, Math, String, Dynamic Programming, Counting"
3660,Second Highest Salary II,second-highest-salary-ii,Medium,86.63967611336032,13,0,True,Database
3614,Find the Number of K-Even Arrays,find-the-number-of-k-even-arrays,Medium,61.116279069767444,7,3,True,Dynamic Programming
3636,Check Balanced String,check-balanced-string,Easy,82.90223319014106,145,3,False,String
3627,Find Minimum Time to Reach Last Room I,find-minimum-time-to-reach-last-room-i,Medium,55.441204947881,550,176,False,"Array, Graph Theory, Heap (Priority Queue), Matrix, Shortest Path"
3628,Find Minimum Time to Reach Last Room II,find-minimum-time-to-reach-last-room-ii,Medium,67.59765285927571,369,57,False,"Array, Graph Theory, Heap (Priority Queue), Matrix, Shortest Path"
3637,Count Number of Balanced Permutations,count-number-of-balanced-permutations,Hard,49.023143231160624,367,79,False,"Math, String, Dynamic Programming, Combinatorics"
3679,Maximum Sized Array,maximum-sized-array,Medium,51.38121546961326,8,3,True,"Binary Search, Bit Manipulation"
3626,Smallest Divisible Digit Product I,smallest-divisible-digit-product-i,Easy,64.53046295999229,74,12,False,"Math, Enumeration"
3622,Maximum Frequency of an Element After Performing Operations I,maximum-frequency-of-an-element-after-performing-operations-i,Medium,40.21124303988625,644,108,False,"Array, Binary Search, Sliding Window, Sorting, Prefix Sum"
3640,Maximum Frequency of an Element After Performing Operations II,maximum-frequency-of-an-element-after-performing-operations-ii,Hard,53.8533358652994,316,21,False,"Array, Binary Search, Sliding Window, Sorting, Prefix Sum"
3635,Smallest Divisible Digit Product II,smallest-divisible-digit-product-ii,Hard,14.779985805535842,59,18,False,"Math, String, Backtracking, Greedy, Number Theory"
3612,Adjacent Increasing Subarrays Detection I,adjacent-increasing-subarrays-detection-i,Easy,47.97910626515596,490,59,False,Array
3619,Adjacent Increasing Subarrays Detection II,adjacent-increasing-subarrays-detection-ii,Medium,58.87304912487059,493,22,False,"Array, Binary Search"
3646,Sum of Good Subsequences,sum-of-good-subsequences,Hard,31.1813289020065,161,9,False,"Array, Hash Table, Dynamic Programming"
3631,Count K-Reducible Numbers Less Than N,count-k-reducible-numbers-less-than-n,Hard,28.369636180188735,65,3,False,"Math, String, Dynamic Programming, Combinatorics"
3694,Minimum Total Operations,minimum-total-operations,Easy,63.42857142857142,15,1,True,Array
3616,Make Array Elements Equal to Zero,make-array-elements-equal-to-zero,Easy,68.30023792778368,563,166,False,"Array, Simulation, Prefix Sum"
3639,Zero Array Transformation I,zero-array-transformation-i,Medium,54.582517038713064,867,92,False,"Array, Prefix Sum"
3643,Zero Array Transformation II,zero-array-transformation-ii,Medium,43.6051076756729,1050,86,False,"Array, Two Pointers, Binary Search, Prefix Sum"
3658,Minimize the Maximum Adjacent Element Difference,minimize-the-maximum-adjacent-element-difference,Hard,19.912183251335765,65,14,False,"Array, Binary Search, Greedy"
3695,Books with NULL Ratings,books-with-null-ratings,Easy,82.83870967741936,9,0,True,Database
3652,Find Sorted Submatrices With Maximum Element at Most K,find-sorted-submatrices-with-maximum-element-at-most-k,Hard,51.90582959641256,7,3,True,"Array, Stack, Matrix, Monotonic Stack"
3625,Stone Removal Game,stone-removal-game,Easy,42.609749761884146,72,5,False,"Math, Simulation"
3591,Shift Distance Between Two Strings,shift-distance-between-two-strings,Medium,53.72746761677587,71,47,False,"Array, String, Prefix Sum"
3647,Zero Array Transformation III,zero-array-transformation-iii,Medium,54.73636511678951,701,128,False,"Array, Two Pointers, Greedy, Sorting, Heap (Priority Queue), Prefix Sum"
3648,Find the Maximum Number of Fruits Collected,find-the-maximum-number-of-fruits-collected,Hard,64.98531651076789,458,42,False,"Array, Dynamic Programming, Matrix"
3644,Minimum Positive Sum Subarray ,minimum-positive-sum-subarray,Easy,45.25482406883173,173,38,False,"Array, Sliding Window, Prefix Sum"
3595,Rearrange K Substrings to Form Target String,rearrange-k-substrings-to-form-target-string,Medium,56.884261113335995,89,7,False,"Hash Table, String, Sorting"
3654,Minimum Array Sum,minimum-array-sum,Medium,31.656670713366797,175,17,False,"Array, Dynamic Programming"
3675,Maximize Sum of Weights after Edge Removals,maximize-sum-of-weights-after-edge-removals,Hard,31.3537930118241,102,4,False,"Dynamic Programming, Tree, Depth-First Search, Sorting"
3703,First Letter Capitalization,first-letter-capitalization,Hard,87.3076923076923,6,1,True,Database
3710,Design an Array Statistics Tracker ,design-an-array-statistics-tracker,Hard,35.657989013613566,15,2,True,"Hash Table, Binary Search, Design, Queue, Heap (Priority Queue), Data Stream, Ordered Set"
3676,Smallest Number With All Set Bits,smallest-number-with-all-set-bits,Easy,80.30614243228842,376,15,False,"Math, Bit Manipulation"
3594,Identify the Largest Outlier in an Array,identify-the-largest-outlier-in-an-array,Medium,36.38860985260051,228,30,False,"Array, Hash Table, Counting, Enumeration"
3633,Maximize the Number of Target Nodes After Connecting Trees I,maximize-the-number-of-target-nodes-after-connecting-trees-i,Medium,69.43777699497825,448,269,False,"Tree, Depth-First Search, Breadth-First Search"
3645,Maximize the Number of Target Nodes After Connecting Trees II,maximize-the-number-of-target-nodes-after-connecting-trees-ii,Hard,73.09443139537301,380,44,False,"Tree, Depth-First Search, Breadth-First Search"
3711,First Letter Capitalization II,first-letter-capitalization-ii,Hard,43.52642318744014,35,20,False,Database
3621,Minimum Operations to Make Array Values Equal to K,minimum-operations-to-make-array-values-equal-to-k,Easy,73.2138757866743,410,534,False,"Array, Hash Table"
3649,Minimum Time to Break Locks I,minimum-time-to-break-locks-i,Medium,32.71370451122749,107,25,False,"Array, Dynamic Programming, Backtracking, Bit Manipulation, Breadth-First Search, Bitmask"
3655,Digit Operations to Make Two Integers Equal,digit-operations-to-make-two-integers-equal,Medium,30.904382118367224,137,43,False,"Math, Graph Theory, Heap (Priority Queue), Number Theory, Shortest Path"
3680,Count Connected Components in LCM Graph,count-connected-components-in-lcm-graph,Hard,31.471694000980765,84,2,False,"Array, Hash Table, Math, Union-Find, Number Theory"
3651,Transformed Array,transformed-array,Easy,70.56178159771869,458,48,False,"Array, Simulation"
3681,Maximum Area Rectangle With Point Constraints I,maximum-area-rectangle-with-point-constraints-i,Medium,51.92721518987342,84,20,False,"Array, Math, Binary Indexed Tree, Segment Tree, Geometry, Sorting, Enumeration"
3653,Maximum Subarray Sum With Length Divisible by K,maximum-subarray-sum-with-length-divisible-by-k,Medium,49.712779617490035,698,40,False,"Array, Hash Table, Prefix Sum"
3689,Maximum Area Rectangle With Point Constraints II,maximum-area-rectangle-with-point-constraints-ii,Hard,24.32472108044627,48,9,False,"Array, Math, Binary Indexed Tree, Segment Tree, Geometry, Sorting"
3718,Minimum Runes to Add to Cast Spell,minimum-runes-to-add-to-cast-spell,Hard,44.85175202156334,9,2,True,"Array, Depth-First Search, Breadth-First Search, Graph Theory, Topological Sort"
3719,Team Dominance by Pass Success,team-dominance-by-pass-success,Hard,72.58211678832117,5,0,True,Database
3693,Minimum Time to Break Locks II,minimum-time-to-break-locks-ii,Hard,45.73547589616811,5,1,True,"Array, Breadth-First Search, Graph Theory"
3632,Button with Longest Push Time,button-with-longest-push-time,Easy,41.22064687638458,80,74,False,Array
3613,Maximize Amount After Two Days of Conversions,maximize-amount-after-two-days-of-conversions,Medium,61.66999846224819,164,42,False,"Array, String, Depth-First Search, Breadth-First Search, Graph Theory"
3686,Count Beautiful Splits in an Array,count-beautiful-splits-in-an-array,Medium,19.05854811686672,108,25,False,"Array, Dynamic Programming"
3638,Minimum Operations to Make Character Frequencies Equal,minimum-operations-to-make-character-frequencies-equal,Hard,26.611570247933887,78,2,False,"Hash Table, String, Dynamic Programming, Counting, Enumeration"
3726,Longest Team Pass Streak,longest-team-pass-streak,Hard,40.544572920552035,3,10,True,Database
3735,Design a 3D Binary Matrix with Efficient Layer Tracking,design-a-3d-binary-matrix-with-efficient-layer-tracking,Medium,66.2287903667214,9,1,True,"Array, Hash Table, Design, Heap (Priority Queue), Matrix, Ordered Set"
3685,Count Subarrays of Length Three With a Condition,count-subarrays-of-length-three-with-a-condition,Easy,61.39807370083297,304,31,False,Array
3659,Count Paths With the Given XOR Value,count-paths-with-the-given-xor-value,Medium,40.75694678185422,93,8,False,"Array, Dynamic Programming, Bit Manipulation, Matrix"
3657,Check if Grid can be Cut into Sections,check-if-grid-can-be-cut-into-sections,Medium,68.25420610041895,630,38,False,"Array, Sorting"
3700,Subsequences with a Unique Middle Mode I,subsequences-with-a-unique-middle-mode-i,Hard,21.544313427158617,24,25,False,"Array, Hash Table, Math, Combinatorics"
3656,Minimum Number of Operations to Make Elements in Array Distinct,minimum-number-of-operations-to-make-elements-in-array-distinct,Easy,71.24708846780496,568,30,False,"Array, Hash Table"
3620,Maximum Number of Distinct Elements After Operations,maximum-number-of-distinct-elements-after-operations,Medium,52.25793511507797,566,22,False,"Array, Greedy, Sorting"
3690,Smallest Substring With Identical Characters I,smallest-substring-with-identical-characters-i,Hard,20.73327271754827,98,5,False,"Array, Binary Search, Enumeration"
3706,Smallest Substring With Identical Characters II,smallest-substring-with-identical-characters-ii,Hard,40.38970546826604,45,3,False,"String, Binary Search"
3740,Maximum Number of Matching Indices After Right Shifts,maximum-number-of-matching-indices-after-right-shifts,Medium,84.74155069582505,15,1,True,"Array, Two Pointers, Simulation"
3746,Find Circular Gift Exchange Chains,find-circular-gift-exchange-chains,Hard,50.78847199564981,3,3,True,Database
3691,Minimum Operations to Make Columns Strictly Increasing,minimum-operations-to-make-columns-strictly-increasing,Easy,72.73459147757059,68,5,False,"Array, Greedy, Matrix"
3683,Find the Lexicographically Largest String From the Box I,find-the-lexicographically-largest-string-from-the-box-i,Medium,40.93612600683293,491,131,False,"Two Pointers, String, Enumeration"
3699,Count Special Subsequences,count-special-subsequences,Medium,30.10322580645161,200,27,False,"Array, Hash Table, Math, Enumeration"
3682,Count the Number of Arrays with K Matching Adjacent Elements,count-the-number-of-arrays-with-k-matching-adjacent-elements,Hard,58.236817005041566,431,68,False,"Math, Combinatorics"
3749,Find the Lexicographically Largest String From the Box II,find-the-lexicographically-largest-string-from-the-box-ii,Hard,49.43019943019943,7,1,True,"Two Pointers, String"
3684,Substring Matching Pattern,substring-matching-pattern,Easy,28.956348487592827,124,52,False,"String, String Matching"
3678,Design Task Manager,design-task-manager,Medium,48.91754776919065,489,53,False,"Hash Table, Design, Heap (Priority Queue), Ordered Set"
3716,Longest Subsequence With Decreasing Adjacent Difference,longest-subsequence-with-decreasing-adjacent-difference,Medium,16.98877734526167,152,25,False,"Array, Dynamic Programming"
3688,Maximize Subarray Sum After Removing All Occurrences of One Element,maximize-subarray-sum-after-removing-all-occurrences-of-one-element,Hard,23.316735224074474,63,6,False,"Array, Hash Table, Divide and Conquer, Dynamic Programming, Segment Tree, Prefix Sum"
3702,Maximum Subarray With Equal Products,maximum-subarray-with-equal-products,Easy,46.97931856311837,111,45,False,"Array, Math, Sliding Window, Enumeration, Number Theory"
3634,Find Mirror Score of a String,find-mirror-score-of-a-string,Medium,35.934952552150826,128,9,False,"Hash Table, String, Stack, Simulation"
3715,Maximum Coins From K Consecutive Bags,maximum-coins-from-k-consecutive-bags,Medium,25.229845352606684,203,29,False,"Array, Binary Search, Greedy, Sliding Window, Sorting, Prefix Sum"
3562,Maximum Score of Non-overlapping Intervals,maximum-score-of-non-overlapping-intervals,Hard,31.74625402604677,56,7,False,"Array, Binary Search, Dynamic Programming, Sorting"
3757,Find Products with Three Consecutive Digits ,find-products-with-three-consecutive-digits,Easy,80.44633368756642,4,3,True,Database
3756,Subsequences with a Unique Middle Mode II,subsequences-with-a-unique-middle-mode-ii,Hard,15.349105597230237,2,2,True,"Array, Hash Table, Math, Combinatorics"
3708,Zigzag Grid Traversal With Skip,zigzag-grid-traversal-with-skip,Easy,65.44287800955179,88,11,False,"Array, Matrix, Simulation"
3677,Maximum Amount of Money Robot Can Earn,maximum-amount-of-money-robot-can-earn,Medium,47.78060747982888,496,33,False,"Array, Dynamic Programming, Matrix"
3720,Minimize the Maximum Edge Weight of Graph,minimize-the-maximum-edge-weight-of-graph,Medium,44.97816593886463,255,20,False,"Binary Search, Depth-First Search, Breadth-First Search, Graph Theory, Shortest Path"
3674,Count Non-Decreasing Subarrays After K Operations,count-non-decreasing-subarrays-after-k-operations,Hard,24.715356845320745,86,4,False,"Array, Stack, Segment Tree, Queue, Sliding Window, Monotonic Stack, Monotonic Queue"
3767,Find Students Who Improved,find-students-who-improved,Medium,49.0515167659547,108,10,False,Database
3698,Minimum Operations to Make Subarray Elements Equal,minimum-operations-to-make-subarray-elements-equal,Medium,46.27791563275434,9,5,True,"Array, Hash Table, Math, Sliding Window, Heap (Priority Queue)"
3747,Maximum Difference Between Adjacent Elements in a Circular Array,maximum-difference-between-adjacent-elements-in-a-circular-array,Easy,75.65241159285215,335,7,False,Array
3712,Minimum Cost to Make Arrays Identical,minimum-cost-to-make-arrays-identical,Medium,37.99534835488793,88,13,False,"Array, Greedy, Sorting"
3687,Longest Special Path,longest-special-path,Hard,22.981756407415613,128,18,False,"Array, Hash Table, Tree, Depth-First Search, Prefix Sum"
3739,Manhattan Distances of All Arrangements of Pieces,manhattan-distances-of-all-arrangements-of-pieces,Hard,35.60130776707608,41,11,False,"Math, Combinatorics"
3731,Sum of Variable Length Subarrays,sum-of-variable-length-subarrays,Easy,85.74930567363826,120,32,False,"Array, Prefix Sum"
3714,Maximum and Minimum Sums of at Most Size K Subsequences,maximum-and-minimum-sums-of-at-most-size-k-subsequences,Medium,22.005533886722006,156,37,False,"Array, Math, Dynamic Programming, Sorting, Combinatorics"
3737,Paint House IV,paint-house-iv,Medium,45.45599553375603,129,12,False,"Array, Dynamic Programming"
3725,Maximum and Minimum Sums of at Most Size K Subarrays,maximum-and-minimum-sums-of-at-most-size-k-subarrays,Hard,26.017112889870276,85,9,False,"Array, Math, Stack, Monotonic Stack"
3758,Minimum Unlocked Indices to Sort Nums,minimum-unlocked-indices-to-sort-nums,Medium,57.66932270916335,6,3,True,"Array, Hash Table"
3704,Count Partitions with Even Sum Difference,count-partitions-with-even-sum-difference,Easy,85.30153227084364,417,14,False,"Array, Math, Prefix Sum"
3721,Count Mentions Per User,count-mentions-per-user,Medium,50.79546788775391,395,251,False,"Array, Math, Sorting, Simulation"
3751,Maximum Frequency After Subarray Operation,maximum-frequency-after-subarray-operation,Medium,31.36713118692936,278,36,False,"Array, Hash Table, Dynamic Programming, Greedy, Enumeration, Prefix Sum"
3713,Frequencies of Shortest Supersequences,frequencies-of-shortest-supersequences,Hard,22.638580931263856,30,8,False,"Array, String, Bit Manipulation, Graph Theory, Topological Sort, Enumeration"
3782,Find Valid Emails,find-valid-emails,Easy,43.489037936427984,65,9,False,Database
3780,Permutations III,permutations-iii,Medium,86.3102998696219,17,2,True,"Array, Backtracking"
3736,Find Valid Pair of Adjacent Digits in String,find-valid-pair-of-adjacent-digits-in-string,Easy,61.03128274210447,92,8,False,"Hash Table, String, Counting"
3743,Reschedule Meetings for Maximum Free Time I,reschedule-meetings-for-maximum-free-time-i,Medium,53.998133778607205,652,55,False,"Array, Greedy, Sliding Window"
3741,Reschedule Meetings for Maximum Free Time II,reschedule-meetings-for-maximum-free-time-ii,Medium,60.35340062741415,469,26,False,"Array, Greedy, Enumeration"
3701,Minimum Cost Good Caption,minimum-cost-good-caption,Hard,21.072511570995374,42,7,False,"String, Dynamic Programming"
3753,Maximum Difference Between Even and Odd Frequency I,maximum-difference-between-even-and-odd-frequency-i,Easy,60.7480066274882,400,71,False,"Hash Table, String, Counting"
3754,Maximum Manhattan Distance After K Changes,maximum-manhattan-distance-after-k-changes,Medium,54.16571194108588,608,69,False,"Hash Table, Math, String, Counting"
3697,Minimum Increments for Target Multiples in an Array,minimum-increments-for-target-multiples-in-an-array,Hard,27.908779373368148,88,7,False,"Array, Math, Dynamic Programming, Bit Manipulation, Number Theory, Bitmask"
3761,Maximum Difference Between Even and Odd Frequency II,maximum-difference-between-even-and-odd-frequency-ii,Hard,48.62122360227984,396,105,False,"String, Sliding Window, Enumeration, Prefix Sum"
3748,Sort Matrix by Diagonals,sort-matrix-by-diagonals,Medium,84.67497473896935,516,103,False,"Array, Sorting, Matrix"
3760,Assign Elements to Groups with Constraints,assign-elements-to-groups-with-constraints,Medium,27.139699323931282,135,12,False,"Array, Hash Table"
3696,Count Substrings Divisible By Last Digit,count-substrings-divisible-by-last-digit,Hard,23.54772937905468,78,8,False,"String, Dynamic Programming"
3762,Maximize the Minimum Game Score,maximize-the-minimum-game-score,Hard,26.547308513161017,54,6,False,"Array, Binary Search, Greedy"
3787,Maximum Students on a Single Bench,maximum-students-on-a-single-bench,Easy,88.08193668528864,15,1,True,"Array, Hash Table"
3792,Find Invalid IP Addresses,find-invalid-ip-addresses,Hard,52.35648958941428,40,8,False,Database
3723,Sum of Good Numbers,sum-of-good-numbers,Easy,69.84477504003306,83,31,False,Array
3763,Separate Squares I,separate-squares-i,Medium,57.97775239876623,681,124,False,"Array, Binary Search"
3775,Separate Squares II,separate-squares-ii,Hard,59.28689323668234,275,66,False,"Array, Binary Search, Segment Tree, Sweep Line"
3692,Shortest Matching Substring,shortest-matching-substring,Hard,24.568527918781726,47,3,False,"Two Pointers, String, Binary Search, String Matching"
3709,Find Special Substring of Length K,find-special-substring-of-length-k,Easy,35.24777280556448,67,10,False,String
3779,Eat Pizzas!,eat-pizzas,Medium,33.51345001762011,113,16,False,"Array, Greedy, Sorting"
3771,Select K Disjoint Special Substrings,select-k-disjoint-special-substrings,Medium,19.375386621637436,145,15,False,"Hash Table, String, Dynamic Programming, Greedy, Sorting"
3733,Length of Longest V-Shaped Diagonal Segment,length-of-longest-v-shaped-diagonal-segment,Hard,56.17866906992419,376,66,False,"Array, Dynamic Programming, Memoization, Matrix"
3796,Longest Common Prefix After at Most One Removal,longest-common-prefix-after-at-most-one-removal,Medium,67.78309409888357,8,1,True,"Two Pointers, String"
3768,Check If Digits Are Equal in String After Operations I,check-if-digits-are-equal-in-string-after-operations-i,Easy,82.53741011246503,353,15,False,"Math, String, Simulation, Combinatorics, Number Theory"
3764,Maximum Sum With at Most K Elements,maximum-sum-with-at-most-k-elements,Medium,60.9175706282036,116,5,False,"Array, Greedy, Sorting, Heap (Priority Queue), Matrix"
3774,Check If Digits Are Equal in String After Operations II,check-if-digits-are-equal-in-string-after-operations-ii,Hard,14.477689201780722,112,56,False,"Math, String, Combinatorics, Number Theory"
3781,Maximize the Distance Between Points on a Square,maximize-the-distance-between-points-on-a-square,Hard,51.116381626489286,157,20,False,"Array, Math, Binary Search, Geometry, Sorting"
3803,Find Products with Valid Serial Numbers,find-products-with-valid-serial-numbers,Easy,29.22247281615785,59,29,False,Database
3806,Maximum Coin Collection ,maximum-coin-collection,Medium,52.94117647058824,18,10,True,"Array, Dynamic Programming"
3778,Transform Array by Parity,transform-array-by-parity,Easy,89.82543553086789,114,9,False,"Array, Sorting, Counting"
3785,Find the Number of Copy Arrays,find-the-number-of-copy-arrays,Medium,47.19208818019431,113,23,False,"Array, Math"
3776,Find Minimum Cost to Remove Array Elements,find-minimum-cost-to-remove-array-elements,Medium,21.90820973957725,153,11,False,"Array, Dynamic Programming"
3783,Permutations IV,permutations-iv,Hard,34.508391447620504,31,4,False,"Array, Math, Combinatorics, Enumeration"
3705,Find the Largest Almost Missing Integer,find-the-largest-almost-missing-integer,Easy,37.39151398264224,116,45,False,"Array, Hash Table"
3786,Longest Palindromic Subsequence After at Most K Operations,longest-palindromic-subsequence-after-at-most-k-operations,Medium,37.91537518921647,124,18,False,"String, Dynamic Programming"
3722,Sum of K Subarrays With Length at Least M,sum-of-k-subarrays-with-length-at-least-m,Medium,26.361257369864745,97,16,False,"Array, Dynamic Programming, Prefix Sum"
3770,Lexicographically Smallest Generated String,lexicographically-smallest-generated-string,Hard,53.51438358991292,272,40,False,"String, Greedy, String Matching"
3816,DNA Pattern Recognition ,dna-pattern-recognition,Medium,85.04837845504113,62,7,False,Database
3818,Maximize Profit from Task Assignment,maximize-profit-from-task-assignment,Medium,65.29169121979965,10,2,True,"Array, Greedy, Sorting, Heap (Priority Queue)"
3790,Fruits Into Baskets II,fruits-into-baskets-ii,Easy,70.28116465752669,521,65,False,"Array, Binary Search, Segment Tree, Simulation, Ordered Set"
3759,Choose K Elements With Maximum Sum,choose-k-elements-with-maximum-sum,Medium,34.045009593807926,189,9,False,"Array, Sorting, Heap (Priority Queue)"
3791,Fruits Into Baskets III,fruits-into-baskets-iii,Medium,39.3581922310757,609,85,False,"Array, Binary Search, Segment Tree, Ordered Set"
3789,Maximize Subarrays After Removing One Conflicting Pair,maximize-subarrays-after-removing-one-conflicting-pair,Hard,64.53398025690616,308,57,False,"Array, Segment Tree, Enumeration, Prefix Sum"
3825,Apply Substitutions,apply-substitutions,Medium,77.76101103461285,62,5,True,"Array, Hash Table, String, Depth-First Search, Breadth-First Search, Graph Theory, Topological Sort"
3828,Analyze Organization Hierarchy,analyze-organization-hierarchy,Hard,61.03460050079672,70,3,False,Database
3799,Unique 3-Digit Even Numbers,unique-3-digit-even-numbers,Easy,70.02571288244302,135,34,False,"Array, Hash Table, Recursion, Enumeration"
3797,Design Spreadsheet,design-spreadsheet,Medium,74.01039584166334,332,31,False,"Array, Hash Table, String, Design, Matrix"
3784,Longest Common Prefix of K Strings After Removal,longest-common-prefix-of-k-strings-after-removal,Hard,24.24960505529226,63,5,False,"Array, String, Trie"
3798,Longest Special Path II,longest-special-path-ii,Hard,19.7178002894356,35,6,False,"Array, Hash Table, Tree, Depth-First Search, Prefix Sum"
3788,Maximum Unique Subarray Sum After Deletion,maximum-unique-subarray-sum-after-deletion,Easy,40.512343397524944,483,79,False,"Array, Hash Table, Greedy"
3750,Closest Equal Element Queries,closest-equal-element-queries,Medium,51.46971171994517,510,35,False,"Array, Hash Table, Binary Search"
3795,Zero Array Transformation IV,zero-array-transformation-iv,Medium,31.443111595783353,145,24,False,"Array, Dynamic Programming"
3801,Count Beautiful Numbers,count-beautiful-numbers,Hard,24.35334107113248,59,3,False,Dynamic Programming
3836,Phone Number Prefix,phone-number-prefix,Easy,70.09803921568627,11,1,True,"Array, String, Trie, Sorting"
3817,Maximum Containers on a Ship,maximum-containers-on-a-ship,Easy,75.45495280632525,67,13,False,Math
3809,Properties Graph,properties-graph,Medium,49.01804276804277,100,16,False,"Array, Hash Table, Depth-First Search, Breadth-First Search, Union-Find, Graph Theory"
3794,Find the Minimum Amount of Time to Brew Potions,find-the-minimum-amount-of-time-to-brew-potions,Medium,62.67649523973265,511,363,False,"Array, Simulation, Prefix Sum"
3744,Minimum Operations to Make Array Elements Zero,minimum-operations-to-make-array-elements-zero,Hard,60.34319410021449,387,54,False,"Array, Math, Bit Manipulation"
3839,Maximize Score After Pair Deletions,maximize-score-after-pair-deletions,Medium,52.46763754045307,11,4,True,"Array, Greedy"
3848,Analyze Subscription Conversion ,analyze-subscription-conversion,Medium,74.49228736391578,72,6,False,Database
3811,Reverse Degree of a String,reverse-degree-of-a-string,Easy,88.81353823181733,88,5,False,"String, Simulation"
3805,Maximize Active Section with Trade I,maximize-active-section-with-trade-i,Medium,31.846015407238333,73,30,False,"String, Enumeration"
3765,Minimum Cost to Divide Array Into Subarrays,minimum-cost-to-divide-array-into-subarrays,Hard,28.2239634345413,86,11,False,"Array, Dynamic Programming, Prefix Sum"
3804,Maximize Active Section with Trade II,maximize-active-section-with-trade-ii,Hard,21.301641199773627,28,10,False,"Array, String, Binary Search, Segment Tree"
3832,Minimum Cost to Reach Every Position,minimum-cost-to-reach-every-position,Easy,83.49072613652245,71,84,False,Array
3793,Longest Palindrome After Substring Concatenation I,longest-palindrome-after-substring-concatenation-i,Medium,43.949280302292514,87,6,False,"Two Pointers, String, Dynamic Programming, Enumeration"
3808,Longest Palindrome After Substring Concatenation II,longest-palindrome-after-substring-concatenation-ii,Hard,18.187876526096925,94,6,False,"Two Pointers, String, Dynamic Programming"
3717,Minimum Operations to Make Elements Within K Subarrays Equal,minimum-operations-to-make-elements-within-k-subarrays-equal,Hard,28.632856962185404,66,3,False,"Array, Hash Table, Math, Dynamic Programming, Sliding Window, Heap (Priority Queue)"
3814,Find Time Required to Eliminate Bacterial Strains,find-time-required-to-eliminate-bacterial-strains,Hard,61.46067415730337,4,1,True,"Array, Math, Greedy, Heap (Priority Queue)"
3773,Minimum Pair Removal to Sort Array I,minimum-pair-removal-to-sort-array-i,Easy,65.19048805850858,501,95,False,"Array, Hash Table, Linked List, Heap (Priority Queue), Simulation, Doubly-Linked List, Ordered Set"
3827,Implement Router,implement-router,Medium,39.039808793092995,492,117,False,"Array, Hash Table, Binary Search, Design, Queue, Ordered Set"
3777,Maximum Product of Subsequences With an Alternating Sum Equal to K,maximum-product-of-subsequences-with-an-alternating-sum-equal-to-k,Hard,13.504556752278377,59,6,False,"Array, Hash Table, Dynamic Programming"
3772,Minimum Pair Removal to Sort Array II,minimum-pair-removal-to-sort-array-ii,Hard,38.982478017399615,415,39,False,"Array, Hash Table, Linked List, Heap (Priority Queue), Simulation, Doubly-Linked List, Ordered Set"
3855,Make a Positive Array,make-a-positive-array,Medium,36.34351482957061,7,7,True,"Array, Greedy, Prefix Sum"
3846,Minimum Operations to Make Array Sum Divisible by K,minimum-operations-to-make-array-sum-divisible-by-k,Easy,92.33973670131283,351,40,False,"Array, Math"
3824,Number of Unique XOR Triplets I,number-of-unique-xor-triplets-i,Medium,26.841984832635983,52,11,False,"Array, Math, Bit Manipulation"
3820,Number of Unique XOR Triplets II,number-of-unique-xor-triplets-ii,Medium,32.644564037826946,46,10,False,"Array, Math, Bit Manipulation, Enumeration"
3829,Shortest Path in a Weighted Tree,shortest-path-in-a-weighted-tree,Hard,42.559421288322426,66,2,False,"Array, Tree, Depth-First Search, Binary Indexed Tree, Segment Tree"
3830,Find Closest Person,find-closest-person,Easy,88.97913050498528,438,47,False,Math
3812,Smallest Palindromic Rearrangement I,smallest-palindromic-rearrangement-i,Medium,63.83722161437193,87,3,False,"String, Sorting, Counting Sort"
3813,Smallest Palindromic Rearrangement II,smallest-palindromic-rearrangement-ii,Hard,14.751443458667794,73,7,False,"Hash Table, Math, String, Combinatorics, Counting"
3810,Count Numbers with Non-Decreasing Digits ,count-numbers-with-non-decreasing-digits,Hard,38.95625812039844,62,3,False,"Math, String, Dynamic Programming"
3861,Minimum Threshold for Inversion Pairs Count,minimum-threshold-for-inversion-pairs-count,Medium,54.67791411042945,3,1,True,"Array, Binary Search, Divide and Conquer, Binary Indexed Tree, Segment Tree, Merge Sort"
3865,Find Product Recommendation Pairs,find-product-recommendation-pairs,Medium,62.00835363731292,92,5,False,Database
3732,Calculate Score After Performing Instructions,calculate-score-after-performing-instructions,Medium,57.17921969538911,48,10,False,"Array, Hash Table, String, Simulation"
3738,Make Array Non-decreasing,make-array-non-decreasing,Medium,57.42939286318281,96,9,False,"Array, Stack, Greedy, Monotonic Stack"
3831,Find X Value of Array I,find-x-value-of-array-i,Medium,37.66313675961009,88,31,False,"Array, Math, Dynamic Programming"
3840,Find X Value of Array II,find-x-value-of-array-ii,Hard,31.542594013814274,30,9,False,"Array, Math, Segment Tree"
3862,Range XOR Queries with Subarray Reversals,range-xor-queries-with-subarray-reversals,Hard,62.42603550295858,3,2,True,"Array, Tree, Binary Search Tree, Binary Tree"
3707,Find the Most Common Response,find-the-most-common-response,Medium,74.91864831038798,63,7,False,"Array, Hash Table, String, Counting"
3729,Unit Conversion I,unit-conversion-i,Medium,54.06544764715182,46,24,False,"Depth-First Search, Breadth-First Search, Graph Theory"
3821,Count Cells in Overlapping Horizontal and Vertical Substrings,count-cells-in-overlapping-horizontal-and-vertical-substrings,Medium,27.599176779504646,64,15,False,"Array, String, Rolling Hash, String Matching, Matrix, Hash Function"
3826,Maximum Profit from Valid Topological Order in DAG,maximum-profit-from-valid-topological-order-in-dag,Hard,30.323818661549534,70,5,False,"Array, Dynamic Programming, Bit Manipulation, Graph Theory, Topological Sort, Bitmask"
3819,Count Covered Buildings,count-covered-buildings,Medium,58.88867214713669,450,28,False,"Array, Hash Table, Sorting"
3838,Path Existence Queries in a Graph I,path-existence-queries-in-a-graph-i,Medium,55.67753167617758,118,5,False,"Array, Hash Table, Binary Search, Union-Find, Graph Theory"
3841,Concatenated Divisibility,concatenated-divisibility,Hard,31.120352250489237,49,7,False,"Array, Dynamic Programming, Bit Manipulation, Bitmask"
3852,Path Existence Queries in a Graph II,path-existence-queries-in-a-graph-ii,Hard,27.04346270792345,54,2,False,"Array, Two Pointers, Binary Search, Dynamic Programming, Greedy, Bit Manipulation, Graph Theory, Sorting"
3752,Unit Conversion II,unit-conversion-ii,Medium,66.14420062695925,5,8,True,"Array, Math, Depth-First Search, Breadth-First Search, Graph Theory"
3859,Maximum Product of Two Digits,maximum-product-of-two-digits,Easy,69.31740201025309,72,3,False,"Math, Sorting"
3822,Fill a Special Grid,fill-a-special-grid,Medium,70.98987366823894,118,9,False,"Array, Divide and Conquer, Matrix"
3833,Merge Operations for Minimum Travel Time,merge-operations-for-minimum-travel-time,Hard,31.385137181273095,73,10,False,"Array, Dynamic Programming, Prefix Sum"
3851,Find Sum of Array Product of Magical Sequences,find-sum-of-array-product-of-magical-sequences,Hard,61.751741623344145,222,158,False,"Array, Math, Dynamic Programming, Bit Manipulation, Combinatorics, Bitmask"
3880,Minimum Time to Visit All Houses,minimum-time-to-visit-all-houses,Medium,69.19328641039525,8,2,True,"Array, Prefix Sum"
3872,Find Most Frequent Vowel and Consonant,find-most-frequent-vowel-and-consonant,Easy,89.26381635486217,435,15,False,"Hash Table, String, Counting"
3834,Minimum Operations to Convert All Elements to Zero,minimum-operations-to-convert-all-elements-to-zero,Medium,53.04289176186895,623,64,False,"Array, Hash Table, Stack, Greedy, Monotonic Stack"
3856,Maximum Weighted K-Edge Path,maximum-weighted-k-edge-path,Medium,20.199385262476746,91,10,False,"Hash Table, Dynamic Programming, Graph Theory"
3858,Subtree Inversion Sum,subtree-inversion-sum,Hard,44.24076070973434,47,7,False,"Array, Dynamic Programming, Tree, Depth-First Search"
3871,Minimum Deletions for At Most K Distinct Characters,minimum-deletions-for-at-most-k-distinct-characters,Easy,73.2250270765642,98,6,False,"Hash Table, String, Greedy, Sorting, Counting"
3849,Equal Sum Grid Partition I,equal-sum-grid-partition-i,Medium,52.884926803990155,401,18,False,"Array, Matrix, Enumeration, Prefix Sum"
3845,Maximum Sum of Edge Values in a Graph,maximum-sum-of-edge-values-in-a-graph,Hard,36.92795179471196,56,32,False,"Math, Greedy, Graph Theory"
3850,Equal Sum Grid Partition II,equal-sum-grid-partition-ii,Hard,39.43067487481049,339,75,False,"Array, Hash Table, Matrix, Enumeration, Prefix Sum"
3883,Multiply Two Polynomials,multiply-two-polynomials,Hard,58.32147937411095,6,1,True,"Array, Math"
3869,Smallest Index With Digit Sum Equal to Index,smallest-index-with-digit-sum-equal-to-index,Easy,80.37033961637465,77,3,False,"Array, Math"
3847,Minimum Swaps to Sort by Digit Sum,minimum-swaps-to-sort-by-digit-sum,Medium,50.67835205419162,153,6,False,"Array, Hash Table, Sorting"
3837,Grid Teleportation Traversal,grid-teleportation-traversal,Medium,23.803781674454438,145,13,False,"Array, Hash Table, Breadth-First Search, Matrix"
3853,Minimum Weighted Subgraph With the Required Paths II,minimum-weighted-subgraph-with-the-required-paths-ii,Hard,50.47159924544121,55,4,False,"Array, Dynamic Programming, Bit Manipulation, Tree, Depth-First Search"
3891,Find Category Recommendation Pairs,find-category-recommendation-pairs,Hard,63.670004353504574,37,6,False,Database
3890,Smallest Subarray to Sort in Every Sliding Window,smallest-subarray-to-sort-in-every-sliding-window,Medium,58.58873841767641,7,1,True,"Array, Two Pointers, Stack, Greedy, Sorting, Monotonic Stack"
3815,Sum of Largest Prime Substrings,sum-of-largest-prime-substrings,Medium,38.131646938652885,60,11,False,"Hash Table, Math, String, Sorting, Number Theory"
3857,Find Maximum Number of Non Intersecting Substrings,find-maximum-number-of-non-intersecting-substrings,Medium,31.024246335392274,85,3,False,"Hash Table, String, Dynamic Programming, Greedy"
3844,Number of Ways to Assign Edge Weights I,number-of-ways-to-assign-edge-weights-i,Medium,64.06906236875263,331,18,False,"Math, Tree, Depth-First Search"
3842,Number of Ways to Assign Edge Weights II,number-of-ways-to-assign-edge-weights-ii,Hard,72.6395173453997,264,14,False,"Array, Math, Dynamic Programming, Bit Manipulation, Tree, Depth-First Search"
3879,Find Minimum Log Transportation Cost,find-minimum-log-transportation-cost,Easy,42.49903676633703,63,18,False,Math
3860,Resulting String After Adjacent Removals,resulting-string-after-adjacent-removals,Medium,57.060238497364246,93,3,False,"String, Stack, Simulation"
3854,Maximum Profit from Trading Stocks with Discounts,maximum-profit-from-trading-stocks-with-discounts,Hard,56.50208815677239,378,55,False,"Array, Dynamic Programming, Tree, Depth-First Search"
3867,Lexicographically Smallest String After Adjacent Removals,lexicographically-smallest-string-after-adjacent-removals,Hard,17.738939547450187,52,4,False,"String, Dynamic Programming"
3898,Seasonal Sales Analysis,seasonal-sales-analysis,Medium,62.55328451196852,72,4,False,Database
3899,Sequential Grid Path Cover,sequential-grid-path-cover,Medium,60.051325919589395,5,1,True,"Array, Recursion, Matrix"
3843,Partition Array into Two Equal Product Subsets,partition-array-into-two-equal-product-subsets,Medium,35.23732187243145,91,21,False,"Array, Bit Manipulation, Recursion, Enumeration"
3884,Minimum Absolute Difference in Sliding Submatrix,minimum-absolute-difference-in-sliding-submatrix,Medium,78.75598323865049,307,42,False,"Array, Sorting, Matrix"
3870,Minimum Moves to Clean the Classroom,minimum-moves-to-clean-the-classroom,Medium,26.929510844485467,131,16,False,"Array, Hash Table, Bit Manipulation, Breadth-First Search, Matrix"
3878,Maximize Count of Distinct Primes After Split,maximize-count-of-distinct-primes-after-split,Hard,19.06054675168887,27,7,False,"Array, Hash Table, Math, Segment Tree, Number Theory, Ordered Set"
3910,Find Books with No Available Copies,find-books-with-no-available-copies,Easy,54.11931199651644,65,15,False,Database
3911,Find the Shortest Superstring II,find-the-shortest-superstring-ii,Easy,48.25014343086632,8,2,True,String
3894,Maximize Y‑Sum by Picking a Triplet of Distinct X‑Values,maximize-ysum-by-picking-a-triplet-of-distinct-xvalues,Medium,63.45964813737487,71,3,False,"Array, Hash Table, Greedy, Sorting, Heap (Priority Queue)"
3892,Best Time to Buy and Sell Stock V,best-time-to-buy-and-sell-stock-v,Medium,60.574422097666414,428,65,False,"Array, Dynamic Programming"
3888,Maximize Subarray GCD Score,maximize-subarray-gcd-score,Hard,25.35662069783064,49,4,False,"Array, Math, Enumeration, Number Theory"
3875,Maximum Good Subtree Score,maximum-good-subtree-score,Hard,45.65592374035406,58,8,False,"Array, Dynamic Programming, Bit Manipulation, Tree, Depth-First Search, Bitmask"
3876,Transform Array to All Equal Elements,transform-array-to-all-equal-elements,Medium,33.35327422283944,102,9,False,"Array, Greedy"
3864,Count the Number of Computer Unlocking Permutations,count-the-number-of-computer-unlocking-permutations,Medium,58.938707073216165,359,133,False,"Array, Math, Brainteaser, Combinatorics"
3835,Count Partitions With Max-Min Difference at Most K,count-partitions-with-max-min-difference-at-most-k,Medium,58.491809038605126,533,138,False,"Array, Dynamic Programming, Queue, Sliding Window, Prefix Sum, Monotonic Queue"
3866,Minimum Steps to Convert String with Operations,minimum-steps-to-convert-string-with-operations,Hard,44.03963858933256,46,3,False,"String, Dynamic Programming"
3921,Find Consistently Improving Employees,find-consistently-improving-employees,Medium,56.767874632713024,51,2,False,Database
3924,Count Odd Letters from Number,count-odd-letters-from-number,Easy,84.80941704035875,8,2,True,"Hash Table, String, Simulation, Counting"
3893,Generate Tag for Video Caption,generate-tag-for-video-caption,Easy,32.56477596173596,72,30,False,"String, Simulation"
3885,Count Special Triplets,count-special-triplets,Medium,47.112160175906624,562,23,False,"Array, Hash Table, Counting"
3755,Maximum Product of First and Last Elements of a Subsequence,maximum-product-of-first-and-last-elements-of-a-subsequence,Medium,31.690065043900788,120,1,False,"Array, Two Pointers"
3900,Find Weighted Median Node in Tree,find-weighted-median-node-in-tree,Hard,26.86854939321765,72,6,False,"Array, Binary Search, Dynamic Programming, Bit Manipulation, Tree, Depth-First Search"
3932,Find COVID Recovery Patients,find-covid-recovery-patients,Medium,42.92101341281669,62,9,False,Database
3904,Minimum Adjacent Swaps to Alternate Parity,minimum-adjacent-swaps-to-alternate-parity,Medium,42.56779882824297,95,16,False,"Array, Greedy"
3868,Find Maximum Area of a Triangle,find-maximum-area-of-a-triangle,Medium,29.682494142399463,53,13,False,"Array, Hash Table, Math, Greedy, Geometry, Enumeration"
3907,Count Prime-Gap Balanced Subarrays,count-prime-gap-balanced-subarrays,Medium,23.62715237779319,95,10,False,"Array, Math, Queue, Sliding Window, Number Theory, Monotonic Queue"
3906,Kth Smallest Path XOR Sum,kth-smallest-path-xor-sum,Hard,30.316742081447963,29,11,False,"Array, Tree, Depth-First Search, Ordered Set"
3914,Check if Any Element Has Prime Frequency,check-if-any-element-has-prime-frequency,Easy,62.57788421029291,74,2,False,"Array, Hash Table, Math, Counting, Number Theory"
3903,Inverse Coin Change,inverse-coin-change,Medium,52.37996926111991,177,20,False,"Array, Dynamic Programming"
3909,Minimum Increments to Equalize Leaf Paths,minimum-increments-to-equalize-leaf-paths,Medium,41.342888533759485,151,14,False,"Array, Dynamic Programming, Tree, Depth-First Search"
3896,Minimum Time to Transport All Individuals,minimum-time-to-transport-all-individuals,Hard,28.64158415841584,42,6,False,"Array, Bit Manipulation, Graph Theory, Heap (Priority Queue), Shortest Path, Bitmask"
3935,Once Twice,once-twice,Medium,76.06093579978237,9,3,True,"Array, Bit Manipulation"
3925,Minimum Cost Path with Alternating Directions I,minimum-cost-path-with-alternating-directions-i,Medium,70.48710601719198,10,8,True,"Math, Brainteaser"
3905,Partition String ,partition-string,Medium,59.2798112731643,74,8,False,"Hash Table, String, Trie, Simulation"
3800,Longest Common Prefix Between Adjacent Strings After Removals,longest-common-prefix-between-adjacent-strings-after-removals,Medium,32.643389433140754,88,5,False,"Array, String"
3913,Partition Array to Minimize XOR,partition-array-to-minimize-xor,Medium,41.54708329795364,115,7,False,"Array, Dynamic Programming, Bit Manipulation, Prefix Sum"
3902,Maximize Spanning Tree Stability with Upgrades,maximize-spanning-tree-stability-with-upgrades,Hard,66.21461932361713,376,18,False,"Binary Search, Greedy, Union-Find, Graph Theory, Minimum Spanning Tree"
3942,Find Drivers with Improved Fuel Efficiency,find-drivers-with-improved-fuel-efficiency,Medium,47.21530802738021,43,8,False,Database
3912,Hexadecimal and Hexatrigesimal Conversion,hexadecimal-and-hexatrigesimal-conversion,Easy,81.0410647957078,53,0,False,"Math, String"
3927,Minimum Cost Path with Alternating Directions II,minimum-cost-path-with-alternating-directions-ii,Medium,44.96120450766673,74,12,False,"Array, Dynamic Programming, Matrix"
3916,Minimum Time to Reach Destination in Directed Graph,minimum-time-to-reach-destination-in-directed-graph,Medium,45.91008662750175,110,4,False,"Graph Theory, Heap (Priority Queue), Shortest Path"
3920,Minimum Stability Factor of Array,minimum-stability-factor-of-array,Hard,20.801422995207272,41,2,False,"Array, Math, Binary Search, Greedy, Segment Tree, Number Theory"
3934,Coupon Code Validator,coupon-code-validator,Easy,64.76463065586748,338,107,False,"Array, Hash Table, String, Sorting"
3863,Power Grid Maintenance,power-grid-maintenance,Medium,56.13473909935668,545,58,False,"Array, Hash Table, Depth-First Search, Breadth-First Search, Union-Find, Graph Theory, Heap (Priority Queue), Ordered Set"
3908,Minimum Time for K Connected Components,minimum-time-for-k-connected-components,Medium,45.581511555277956,131,6,False,"Binary Search, Union-Find, Graph Theory, Sorting"
3922,Minimum Moves to Reach Target in Grid,minimum-moves-to-reach-target-in-grid,Hard,15.276560866001526,57,3,False,Math
3949,Minimum Number of Primes to Sum to Target,minimum-number-of-primes-to-sum-to-target,Medium,59.87326597020037,16,1,True,"Array, Math, Dynamic Programming, Number Theory"
3943,Find Overbooked Employees,find-overbooked-employees,Medium,44.013882925432945,48,10,False,Database
3931,Process String with Special Operations I,process-string-with-special-operations-i,Medium,71.40542867500453,268,29,False,"String, Simulation"
3881,Minimize Maximum Component Cost,minimize-maximum-component-cost,Medium,43.66926873665418,128,9,False,"Binary Search, Union-Find, Graph Theory, Sorting"
3939,Process String with Special Operations II,process-string-with-special-operations-ii,Hard,39.78190046018663,429,23,False,"String, Simulation"
3930,Longest Palindromic Path in Graph,longest-palindromic-path-in-graph,Hard,22.48604172788716,58,5,False,"String, Dynamic Programming, Bit Manipulation, Graph Theory, Bitmask"
3960,Number of Student Replacements,number-of-student-replacements,Medium,85.58847077662129,5,3,True,"Array, Simulation"
3961,Find Students with Study Spiral Pattern,find-students-with-study-spiral-pattern,Hard,28.268395543526154,38,13,False,
3936,Split Array by Prime Indices,split-array-by-prime-indices,Medium,49.55569413048562,57,3,False,"Array, Math, Number Theory"
3823,Count Islands With Total Value Divisible by K,count-islands-with-total-value-divisible-by-k,Medium,56.22421446601097,69,2,False,"Array, Depth-First Search, Breadth-First Search, Union-Find, Matrix"
3919,Network Recovery Pathways,network-recovery-pathways,Hard,30.162607981862955,143,12,False,"Array, Binary Search, Dynamic Programming, Graph Theory, Topological Sort, Heap (Priority Queue), Shortest Path"
3937,Number of Integers With Popcount-Depth Equal to K I,number-of-integers-with-popcount-depth-equal-to-k-i,Hard,22.992283509574165,54,5,False,"Math, Dynamic Programming, Bit Manipulation, Combinatorics"
3918,Check Divisibility by Digit Sum and Product,check-divisibility-by-digit-sum-and-product,Easy,69.65337488753467,59,0,False,Math
3886,Count Number of Trapezoids I,count-number-of-trapezoids-i,Medium,48.14949759932635,399,51,False,"Array, Hash Table, Math, Geometry"
3941,Number of Integers With Popcount-Depth Equal to K II,number-of-integers-with-popcount-depth-equal-to-k-ii,Hard,59.527545327754524,36,9,False,"Array, Divide and Conquer, Binary Indexed Tree, Segment Tree"
3897,Count Number of Trapezoids II,count-number-of-trapezoids-ii,Hard,39.86300151232097,265,98,False,"Array, Hash Table, Math, Geometry"
3971,Find Stores with Inventory Imbalance,find-stores-with-inventory-imbalance,Medium,49.27681799919647,49,9,False,
3766,Maximum Median Sum of Subsequences of Size 3,maximum-median-sum-of-subsequences-of-size-3,Medium,65.10991256026803,83,3,False,"Array, Math, Greedy, Sorting, Game Theory"
3948,Maximum Number of Subsequences After One Inserting,maximum-number-of-subsequences-after-one-inserting,Medium,32.03417087486044,141,5,False,"String, Dynamic Programming, Greedy, Prefix Sum"
3933,Minimum Jumps to Reach End via Prime Teleportation,minimum-jumps-to-reach-end-via-prime-teleportation,Medium,44.599847693754946,392,55,False,"Array, Hash Table, Math, Breadth-First Search, Number Theory"
3882,Partition Array for Maximum XOR and AND,partition-array-for-maximum-xor-and-and,Hard,17.864086878171385,33,8,False,"Array, Math, Greedy, Bit Manipulation, Enumeration"
3969,Sort Threats by Severity and Exploitability,sort-threats-by-severity-and-exploitability,Medium,64.56456456456456,5,1,True,"Array, Sorting"
3929,Subarrays with XOR at Least K,subarrays-with-xor-at-least-k,Hard,44.61756373937677,4,2,True,"Array, Bit Manipulation, Trie, Prefix Sum"
3965,Earliest Finish Time for Land and Water Rides I,earliest-finish-time-for-land-and-water-rides-i,Easy,72.95239864666654,374,63,False,"Array, Two Pointers, Binary Search, Greedy, Sorting"
3958,Minimum Removals to Balance Array,minimum-removals-to-balance-array,Medium,47.850595335181865,614,28,False,"Array, Binary Search, Sliding Window, Sorting"
3967,Earliest Finish Time for Land and Water Rides II,earliest-finish-time-for-land-and-water-rides-ii,Medium,64.29573446193352,320,17,False,"Array, Two Pointers, Binary Search, Greedy, Sorting"
3955,Threshold Majority Queries,threshold-majority-queries,Hard,22.249054540483893,45,10,False,"Array, Hash Table, Binary Search, Divide and Conquer, Counting, Prefix Sum"
3952,Trionic Array I,trionic-array-i,Easy,49.53537170263789,476,40,False,Array
3954,Maximum Balanced Shipments,maximum-balanced-shipments,Medium,61.490747441331536,84,11,False,"Array, Dynamic Programming, Stack, Greedy, Monotonic Stack"
3944,Minimum Time to Activate String,minimum-time-to-activate-string,Medium,49.21539466551768,123,6,False,"Array, Binary Search"
3956,Trionic Array II,trionic-array-ii,Hard,47.33414418398939,391,38,False,"Array, Dynamic Programming"
3992,Longest Semi-Repeating Subarray,longest-semi-repeating-subarray,Medium,63.43154246100519,6,1,True,"Array, Hash Table, Sliding Window"
3996,Find Books with Polarized Opinions,find-books-with-polarized-opinions,Medium,43.342437053387705,53,13,False,
3973,Flip Square Submatrix Vertically,flip-square-submatrix-vertically,Easy,79.37892232216693,287,28,False,"Array, Two Pointers, Matrix"
3950,Maximum K to Sort a Permutation,maximum-k-to-sort-a-permutation,Medium,37.46343431626374,102,36,False,"Array, Bit Manipulation"
3959,Maximum Total from Optimal Activation Order,maximum-total-from-optimal-activation-order,Medium,33.394515824016906,81,55,False,"Array, Two Pointers, Greedy, Sorting, Heap (Priority Queue)"
3951,Next Special Palindrome Number,next-special-palindrome-number,Hard,28.21686240631348,67,5,False,"Backtracking, Bit Manipulation"
3987,Maximum Weight in Two Bags,maximum-weight-in-two-bags,Medium,57.7897160399079,6,3,True,"Array, Dynamic Programming"
3945,Minimum Sensors to Cover Grid,minimum-sensors-to-cover-grid,Medium,68.74466662054014,53,9,False,Math
3963,Number of Perfect Pairs,number-of-perfect-pairs,Medium,34.321127939835236,104,12,False,"Array, Math, Two Pointers, Sorting"
3887,Minimum Cost Path with Edge Reversals,minimum-cost-path-with-edge-reversals,Medium,61.77832664402594,465,25,False,"Graph Theory, Heap (Priority Queue), Shortest Path"
3889,Minimum Cost Path with Teleportations,minimum-cost-path-with-teleportations,Hard,45.41765785359886,426,34,False,"Array, Dynamic Programming, Matrix"
3980,Best Time to Buy and Sell Stock using Strategy,best-time-to-buy-and-sell-stock-using-strategy,Medium,59.741182865385824,361,43,False,"Array, Sliding Window, Prefix Sum"
3974,XOR After Range Multiplication Queries I,xor-after-range-multiplication-queries-i,Medium,73.30134419375453,241,119,False,"Array, Divide and Conquer, Simulation, Prefix Sum"
3966,Minimum Sum After Divisible Sum Deletions,minimum-sum-after-divisible-sum-deletions,Medium,46.456705220381366,156,12,False,"Array, Hash Table, Dynamic Programming, Prefix Sum"
3975,XOR After Range Multiplication Queries II,xor-after-range-multiplication-queries-ii,Hard,47.721256840343976,267,44,False,"Array, Divide and Conquer, Prefix Sum"
4006,Determine if a Simple Graph Exists,determine-if-a-simple-graph-exists,Medium,47.519294377067254,9,7,True,"Array, Binary Search, Graph Theory, Sorting, Prefix Sum"
4025,Find Loyal Customers,find-loyal-customers,Medium,61.18442376255962,48,1,False,
3995,GCD of Odd and Even Sums,gcd-of-odd-and-even-sums,Easy,85.07567336468577,110,16,False,"Math, Number Theory"
3979,Partition Array Into K-Distinct Groups,partition-array-into-k-distinct-groups,Medium,47.20259706975353,117,73,False,"Array, Hash Table, Counting"
3981,Jump Game IX,jump-game-ix,Medium,46.280469537271564,455,39,False,"Array, Dynamic Programming"
3982,Maximum Walls Destroyed by Robots,maximum-walls-destroyed-by-robots,Hard,47.98877875444174,343,31,False,"Array, Binary Search, Dynamic Programming, Sorting"
4017,Filter Characters by Frequency,filter-characters-by-frequency,Easy,86.36613523914238,9,0,True,"Hash Table, String, Counting"
3994,Find The Least Frequent Digit,find-the-least-frequent-digit,Easy,69.72679424381636,54,2,False,"Array, Hash Table, Math, Counting"
3877,Two-Letter Card Game,two-letter-card-game,Medium,12.85967867762615,128,60,False,"Array, Hash Table, String, Counting, Enumeration"
3938,Twisted Mirror Path Count,twisted-mirror-path-count,Medium,48.358694611924584,86,5,False,"Array, Dynamic Programming, Matrix"
3983,Minimum Operations to Equalize Binary String,minimum-operations-to-equalize-binary-string,Hard,45.076101938473265,310,37,False,"Math, String, Breadth-First Search, Union-Find, Ordered Set"
4029,Sort Array By Absolute Value,sort-array-by-absolute-value,Easy,86.62644544997487,8,1,True,"Array, Math, Two Pointers, Sorting"
4008,Restore Finishing Order,restore-finishing-order,Easy,91.34214420231369,129,6,False,"Array, Hash Table"
3947,Balanced K-Factor Decomposition,balanced-k-factor-decomposition,Medium,40.37375367413982,124,12,False,"Math, Backtracking, Number Theory"
3915,Maximum Product of Two Integers With No Common Bits,maximum-product-of-two-integers-with-no-common-bits,Medium,15.29150357193608,105,21,False,"Array, Dynamic Programming, Bit Manipulation"
3989,Sum of Beautiful Subsequences,sum-of-beautiful-subsequences,Hard,31.59285052660469,38,5,False,"Array, Math, Binary Indexed Tree, Number Theory"
4036,Sum of Weighted Modes in Subarrays,sum-of-weighted-modes-in-subarrays,Medium,53.55029585798816,7,1,True,"Array, Hash Table, Sliding Window, Counting, Ordered Set"
4043,Find Zombie Sessions,find-zombie-sessions,Hard,48.90176354491628,33,3,False,
3998,Minimum Operations to Equalize Array,minimum-operations-to-equalize-array,Easy,60.608706902128205,61,12,False,"Array, Bit Manipulation, Brainteaser"
3999,Minimum Operations to Transform String,minimum-operations-to-transform-string,Medium,62.04342884488844,74,7,False,"String, Greedy"
4000,Count Bowl Subarrays,count-bowl-subarrays,Medium,48.43757334877243,192,5,False,"Array, Stack, Monotonic Stack"
4023,Count Binary Palindromic Numbers,count-binary-palindromic-numbers,Hard,33.80692471147035,84,4,False,"Math, Bit Manipulation"
4011,Smallest Absent Positive Greater Than Average,smallest-absent-positive-greater-than-average,Easy,34.450878433408214,65,6,False,"Array, Hash Table"
3953, Minimum Discards to Balance Inventory,minimum-discards-to-balance-inventory,Medium,35.31504589048159,85,18,False,"Array, Hash Table, Sliding Window, Simulation, Counting"
3991,Generate Schedule,generate-schedule,Medium,24.826221523162005,50,25,False,"Array, Math, Greedy"
3990,Maximum XOR of Subsequences,maximum-xor-of-subsequences,Hard,51.5224306953191,66,10,False,"Array, Math, Greedy, Bit Manipulation"
4050,Minimum Index Sum of Common Elements,minimum-index-sum-of-common-elements,Medium,76.7578125,6,1,True,"Array, Hash Table"
4012,Earliest Time to Finish One Task,earliest-time-to-finish-one-task,Easy,84.7603112572915,53,4,False,Array
3997,Maximize Sum of At Most K Distinct Elements,maximize-sum-of-at-most-k-distinct-elements,Easy,77.04076261769694,56,4,False,"Array, Hash Table, Greedy, Sorting"
3873,Subsequence Sum After Capping Elements,subsequence-sum-after-capping-elements,Medium,25.42312247113392,167,16,False,"Array, Two Pointers, Dynamic Programming, Sorting"
4027,Number of Stable Subsequences,number-of-stable-subsequences,Hard,60.19565217391304,89,3,False,"Array, Dynamic Programming"
4060,Library Late Fee Calculator,library-late-fee-calculator,Easy,94.36853002070393,5,3,True,"Array, Simulation"
4009,Bitwise OR of Even Numbers in an Array,bitwise-or-of-even-numbers-in-an-array,Easy,85.20345252774352,42,4,False,"Array, Bit Manipulation, Simulation"
4005,Maximum Total Subarray Value I,maximum-total-subarray-value-i,Medium,71.9096015192481,288,90,False,"Array, Greedy"
3928,Split and Merge Array Transformation,split-and-merge-array-transformation,Medium,58.88778779009473,102,12,False,"Array, Hash Table, Breadth-First Search"
4007,Maximum Total Subarray Value II,maximum-total-subarray-value-ii,Hard,41.703254424478345,343,11,False,"Array, Greedy, Segment Tree, Heap (Priority Queue)"
4053,Majority Frequency Characters,majority-frequency-characters,Easy,67.17831136021061,57,17,False,"Hash Table, String, Counting"
4041,Climbing Stairs II,climbing-stairs-ii,Medium,64.23617837356166,96,12,False,"Array, Dynamic Programming"
4021,Distinct Points Reachable After Substring Removal,distinct-points-reachable-after-substring-removal,Medium,54.162810734914004,66,1,False,"Hash Table, String, Sliding Window, Prefix Sum"
4010,Maximize Alternating Sum Using Swaps,maximize-alternating-sum-using-swaps,Hard,64.73659231134314,61,4,False,"Array, Greedy, Union-Find, Sorting"
4066,Maximum Distance Between Unequal Words in Array I,maximum-distance-between-unequal-words-in-array-i,Easy,82.6487252124646,6,1,True,"Array, String"
4039,Compute Decimal Representation,compute-decimal-representation,Easy,64.86657274271744,51,2,False,"Array, Math"
4015,Split Array With Minimum Difference,split-array-with-minimum-difference,Medium,33.597001821019774,103,16,False,"Array, Prefix Sum"
3962,Number of ZigZag Arrays I,number-of-zigzag-arrays-i,Hard,50.75181949214371,339,36,False,"Dynamic Programming, Prefix Sum"
3964,Number of ZigZag Arrays II,number-of-zigzag-arrays-ii,Hard,67.65882586612945,160,25,False,"Math, Dynamic Programming"
4058,Compute Alternating Sum,compute-alternating-sum,Easy,90.09914240149884,73,2,False,"Array, Simulation"
4033,Longest Subsequence With Non-Zero Bitwise XOR,longest-subsequence-with-non-zero-bitwise-xor,Medium,37.47046131716839,98,9,False,"Array, Bit Manipulation"
4019,Remove K-Balanced Substrings,remove-k-balanced-substrings,Medium,32.91575067890857,132,11,False,"String, Stack, Simulation"
4049,Count No-Zero Pairs That Sum to N,count-no-zero-pairs-that-sum-to-n,Hard,14.947606605069632,56,3,False,"Math, Dynamic Programming"
4091,Find Golden Hour Customers,find-golden-hour-customers,Medium,34.1143620250091,35,3,False,
4070,Maximum Distance Between Unequal Words in Array II,maximum-distance-between-unequal-words-in-array-ii,Medium,72.44444444444444,5,2,True,"Array, String"
4052,Equal Score Substrings,equal-score-substrings,Easy,56.883945584260196,42,3,False,"String, Prefix Sum"
4003,Longest Fibonacci Subarray,longest-fibonacci-subarray,Medium,69.57994856513042,54,2,False,Array
4059,Design Exam Scores Tracker,design-exam-scores-tracker,Medium,44.302076833942415,61,1,False,"Array, Binary Search, Design, Prefix Sum"
4035,Maximum Partition Factor,maximum-partition-factor,Hard,31.991915562542104,83,7,False,"Array, Binary Search, Depth-First Search, Breadth-First Search, Union-Find, Graph Theory"
4081,Maximum Transactions Without Negative Balance,maximum-transactions-without-negative-balance,Medium,46.13555291319857,10,1,True,"Array, Greedy, Heap (Priority Queue)"
4068,Sum of Elements With Frequency Divisible by K,sum-of-elements-with-frequency-divisible-by-k,Easy,78.14575247951703,60,3,False,"Array, Hash Table, Counting"
4055,Longest Balanced Substring I,longest-balanced-substring-i,Medium,69.65199876203087,426,36,False,"Hash Table, String, Counting, Enumeration"
4056,Longest Balanced Substring II,longest-balanced-substring-ii,Medium,41.8755968110857,579,137,False,"Hash Table, String, Prefix Sum"
3957,Sum of Perfect Square Ancestors,sum-of-perfect-square-ancestors,Hard,42.74717067846269,70,3,False,"Array, Hash Table, Math, Tree, Depth-First Search, Counting, Number Theory"
4103,Find Churn Risk Customers,find-churn-risk-customers,Medium,46.549686872267515,33,2,False,
4108,Minimum Operations to Make the Array Beautiful,minimum-operations-to-make-the-array-beautiful,Medium,36.98347107438016,8,2,True,"Array, Dynamic Programming"
4080,Smallest Missing Multiple of K,smallest-missing-multiple-of-k,Easy,63.32079912004707,61,4,False,"Array, Hash Table"
4045,Longest Balanced Subarray I,longest-balanced-subarray-i,Medium,65.6590808800353,487,42,False,"Array, Hash Table, Divide and Conquer, Segment Tree, Prefix Sum"
4020,Lexicographically Smallest Permutation Greater Than Target,lexicographically-smallest-permutation-greater-than-target,Medium,26.877075735039423,115,7,False,"Hash Table, String, Greedy, Counting, Enumeration"
4047,Longest Balanced Subarray II,longest-balanced-subarray-ii,Hard,33.77106636424638,349,65,False,"Array, Hash Table, Divide and Conquer, Segment Tree, Prefix Sum"
4073,Lexicographically Smallest String After Reverse,lexicographically-smallest-string-after-reverse,Medium,54.88331150567877,42,7,False,"Two Pointers, Binary Search, Enumeration"
4084,Maximize Sum of Squares of Digits,maximize-sum-of-squares-of-digits,Medium,59.01349534385738,65,2,False,"Math, Greedy"
4042,Minimum Operations to Transform Array,minimum-operations-to-transform-array,Medium,40.131668806512415,90,7,False,"Array, Greedy"
4069,Count Ways to Choose Coprime Integers from Rows,count-ways-to-choose-coprime-integers-from-rows,Hard,48.50132236262122,67,4,False,"Array, Math, Dynamic Programming, Matrix, Combinatorics, Number Theory"
4051,Remove Zeros in Decimal Representation,remove-zeros-in-decimal-representation,Easy,76.50219973918402,49,2,False,"Math, Simulation"
4078,Maximum Alternating Sum of Squares,maximum-alternating-sum-of-squares,Medium,61.63970680030676,72,1,False,"Array, Greedy, Sorting"
4083,Stable Subarrays With Equal Boundary and Interior Sum,stable-subarrays-with-equal-boundary-and-interior-sum,Medium,26.438797308930905,181,3,False,"Array, Hash Table, Prefix Sum"
4063,Count Distinct Subarrays Divisible by K in Sorted Array,count-distinct-subarrays-divisible-by-k-in-sorted-array,Hard,28.116806798661965,61,3,False,"Array, Hash Table, Prefix Sum"
4109,Maximum Calories Burnt from Jumps,maximum-calories-burnt-from-jumps,Medium,72.71111111111111,5,1,True,"Array, Two Pointers, Greedy, Sorting"
4107,Find Missing Elements,find-missing-elements,Easy,83.24636914494565,88,4,False,"Array, Hash Table, Sorting"
4101,Maximum Product of Three Elements After One Replacement,maximum-product-of-three-elements-after-one-replacement,Medium,47.68562030075188,82,8,False,"Array, Math, Greedy, Sorting"
4048,Minimum Time to Complete All Deliveries,minimum-time-to-complete-all-deliveries,Medium,35.43880959611297,180,15,False,"Math, Binary Search"
4037,Lexicographically Smallest Palindromic Permutation Greater Than Target,lexicographically-smallest-palindromic-permutation-greater-than-target,Hard,25.477768639024628,40,5,False,"Two Pointers, String, Enumeration"
4106,Lexicographically Smallest String After Reverse II,lexicographically-smallest-string-after-reverse-ii,Hard,48.01136363636363,2,1,True,"String, Binary Search, Rolling Hash, Suffix Array, Hash Function"
4116,Minimum Moves to Equal Array Elements III,minimum-moves-to-equal-array-elements-iii,Easy,82.0431708224786,42,2,False,"Array, Math"
4074,Count Subarrays With Majority Element I,count-subarrays-with-majority-element-i,Medium,75.65956229437849,315,12,False,"Array, Hash Table, Divide and Conquer, Segment Tree, Merge Sort, Counting, Prefix Sum"
4098,Longest Non-Decreasing Subarray After Replacing at Most One Element,longest-non-decreasing-subarray-after-replacing-at-most-one-element,Medium,22.494598876566325,105,8,False,"Array, Dynamic Programming"
4075,Count Subarrays With Majority Element II,count-subarrays-with-majority-element-ii,Hard,65.19386518156743,305,9,False,"Array, Hash Table, Divide and Conquer, Segment Tree, Merge Sort, Prefix Sum"
4115,Minimum Distance Between Three Equal Elements I,minimum-distance-between-three-equal-elements-i,Easy,73.43226183165376,310,24,False,"Array, Hash Table"
4119,Minimum Distance Between Three Equal Elements II,minimum-distance-between-three-equal-elements-ii,Medium,74.73863401884586,301,9,False,"Array, Hash Table"
3986,Maximum Path Score in a Grid,maximum-path-score-in-a-grid,Medium,53.74412539296897,267,12,False,"Array, Dynamic Programming, Matrix"
4030,Maximize Cyclic Partition Score,maximize-cyclic-partition-score,Hard,13.997329989077228,52,7,False,"Array, Dynamic Programming"
4113,Find Kth Character in Expanded String,find-kth-character-in-expanded-string,Medium,57.21649484536082,5,3,True,String
4112,Maximize Expression of Three Elements,maximize-expression-of-three-elements,Easy,72.85881654824034,52,1,False,"Array, Greedy, Sorting, Enumeration"
4090,Minimum String Length After Balanced Removals,minimum-string-length-after-balanced-removals,Medium,78.47133757961784,61,8,False,"String, Stack, Counting"
4054,Count Distinct Integers After Removing Zeros,count-distinct-integers-after-removing-zeros,Medium,23.058138040358166,126,10,False,"Math, Dynamic Programming"
4110,Count Stable Subarrays,count-stable-subarrays,Hard,32.95377736182603,66,2,False,"Array, Binary Search, Prefix Sum"
4140,Evaluate Valid Expressions,evaluate-valid-expressions,Hard,69.68449931412894,4,1,True,"Hash Table, Math, String, Divide and Conquer, Stack"
4126,Minimum Number of Flips to Reverse Binary String,minimum-number-of-flips-to-reverse-binary-string,Easy,76.73162608578244,40,1,False,"Math, Two Pointers, String, Bit Manipulation"
4057,Total Waviness of Numbers in Range I,total-waviness-of-numbers-in-range-i,Medium,87.48582438084553,282,15,False,"Math, Dynamic Programming, Enumeration"
4077,Lexicographically Smallest Negated Permutation that Sums to Target,lexicographically-smallest-negated-permutation-that-sums-to-target,Medium,31.43521864835562,75,7,False,"Array, Math, Two Pointers, Greedy, Sorting"
4128,Total Waviness of Numbers in Range II,total-waviness-of-numbers-in-range-ii,Hard,56.62185354691075,245,23,False,"Math, Dynamic Programming"
4135,Concatenate Non-Zero Digits and Multiply by Sum I,concatenate-non-zero-digits-and-multiply-by-sum-i,Easy,56.01320797252317,46,0,False,Math
3946,Find Maximum Balanced XOR Subarray Length,find-maximum-balanced-xor-subarray-length,Medium,51.07837980010521,113,6,False,"Array, Hash Table, Bit Manipulation, Prefix Sum"
4136,Concatenate Non-Zero Digits and Multiply by Sum II,concatenate-non-zero-digits-and-multiply-by-sum-ii,Medium,24.6506035030402,73,12,False,"Math, String, Prefix Sum"
4134,Number of Effective Subsequences,number-of-effective-subsequences,Hard,32.68498507769888,32,2,False,"Array, Math, Dynamic Programming, Bit Manipulation, Combinatorics"
4148,Convert Number Words to Digits,convert-number-words-to-digits,Medium,69.2485549132948,4,1,True,"String, Trie"
4141,Count Elements With at Least K Greater Values,count-elements-with-at-least-k-greater-values,Medium,31.69073267629307,77,7,False,"Array, Binary Search, Divide and Conquer, Sorting, Quickselect"
4087,Maximum Substrings With Distinct Start,maximum-substrings-with-distinct-start,Medium,91.41700761075184,90,17,False,"Hash Table, String"
4139,Minimum Absolute Distance Between Mirror Pairs,minimum-absolute-distance-between-mirror-pairs,Medium,59.181654034092645,402,16,False,"Array, Hash Table, Math"
4022,Minimum Operations to Equalize Subarrays,minimum-operations-to-equalize-subarrays,Hard,20.65945066633298,51,3,False,"Array, Math, Binary Search, Segment Tree, Sorting"
4166,Maximum Total Sum with Threshold Constraints,maximum-total-sum-with-threshold-constraints,Medium,82.37885462555066,9,1,True,"Array, Greedy, Sorting, Heap (Priority Queue)"
4169,Most Common Course Pairs,most-common-course-pairs,Hard,50.239983305509185,30,2,False,
4100,Complete Prime Number,complete-prime-number,Medium,36.73586640110311,52,4,False,"Math, Enumeration, Number Theory"
4099,Minimum Operations to Make Binary Palindrome,minimum-operations-to-make-binary-palindrome,Medium,52.09016393442623,56,10,False,"Array, Two Pointers, Binary Search, Bit Manipulation"
4089,Maximize Points After Choosing K Tasks,maximize-points-after-choosing-k-tasks,Medium,60.23268853378189,79,5,False,"Array, Greedy, Sorting, Heap (Priority Queue)"
4145,Minimum Inversion Count in Subarrays of Fixed Length,minimum-inversion-count-in-subarrays-of-fixed-length,Hard,42.832943454061464,54,4,False,"Array, Segment Tree, Sliding Window"
4150,Sort Integers by Binary Reflection,sort-integers-by-binary-reflection,Easy,61.12416270265023,60,6,False,"Array, Sorting"
4085,Largest Prime from Consecutive Prime Sum,largest-prime-from-consecutive-prime-sum,Medium,39.266967633330786,66,4,False,"Array, Math, Number Theory"
4146,Total Score of Dungeon Runs,total-score-of-dungeon-runs,Medium,31.0306069514093,112,15,False,"Array, Binary Search, Prefix Sum"
4151,Maximum Subgraph Score in a Tree,maximum-subgraph-score-in-a-tree,Hard,70.8570103212339,58,3,False,"Array, Dynamic Programming, Tree, Depth-First Search"
4155,Maximum Number of Equal Length Runs,maximum-number-of-equal-length-runs,Medium,84.49197860962568,3,3,True,"Hash Table, String, Counting"
4158,Absolute Difference Between Maximum and Minimum K Elements,absolute-difference-between-maximum-and-minimum-k-elements,Easy,75.66986875087576,40,2,False,"Array, Sorting"
4157,Reverse Words With Same Vowel Count,reverse-words-with-same-vowel-count,Medium,66.95041498191104,58,9,False,"Two Pointers, String, Simulation"
4018,Minimum Moves to Balance Circular Array,minimum-moves-to-balance-circular-array,Medium,40.46885215279723,116,8,False,"Array, Greedy, Sorting"
4064,Minimum Deletions to Make Alternating Substring,minimum-deletions-to-make-alternating-substring,Hard,45.48320868162487,52,2,False,"String, Segment Tree"
4127,Minimum Distance Excluding One Maximum Weighted Edge,minimum-distance-excluding-one-maximum-weighted-edge,Medium,46.16419919246299,3,3,True,
4162,Minimum Number of Operations to Have Distinct Elements,minimum-number-of-operations-to-have-distinct-elements,Medium,42.431443162027335,48,2,False,"Array, Hash Table"
4160,Maximum Sum of Three Numbers Divisible by Three,maximum-sum-of-three-numbers-divisible-by-three,Medium,47.66627296053436,63,1,False,"Array, Greedy, Sorting, Heap (Priority Queue)"
4130,Maximum Score After Binary Swaps,maximum-score-after-binary-swaps,Medium,35.34376481744903,84,2,False,"Array, String, Greedy, Heap (Priority Queue)"
4164,Last Remaining Integer After Alternating Deletion Operations,last-remaining-integer-after-alternating-deletion-operations,Hard,48.713758247079475,40,4,False,"Math, Recursion"
4168,Mirror Distance of an Integer,mirror-distance-of-an-integer,Easy,91.46303258145363,245,10,False,Math
4138,Minimum Deletion Cost to Make All Characters Equal,minimum-deletion-cost-to-make-all-characters-equal,Medium,55.26577949594825,92,10,False,"Array, Hash Table, String, Enumeration"
4061,Minimum Swaps to Avoid Forbidden Values,minimum-swaps-to-avoid-forbidden-values,Hard,30.87871125824362,113,7,False,"Array, Hash Table, Greedy, Counting"
4072,Total Sum of Interaction Cost in Tree Groups,total-sum-of-interaction-cost-in-tree-groups,Hard,54.36893203883495,71,4,False,"Array, Tree, Depth-First Search"
4165,Find Diameter Endpoints of a Tree,find-diameter-endpoints-of-a-tree,Medium,67.21629485935985,6,2,True,"Tree, Breadth-First Search, Graph Theory"
4173,Maximum Score of a Split,maximum-score-of-a-split,Medium,51.9929528023208,71,7,False,"Array, Prefix Sum"
4147,Minimum Cost to Acquire Required Items,minimum-cost-to-acquire-required-items,Medium,35.12603122948246,68,5,False,"Math, Greedy"
4175,Smallest All-Ones Multiple,smallest-all-ones-multiple,Medium,47.03268857166991,97,7,False,"Hash Table, Math"
4095,Number of Balanced Integers in a Range,number-of-balanced-integers-in-a-range,Hard,36.029155027932966,47,3,False,Dynamic Programming
4172,Sum of Increasing Product Blocks,sum-of-increasing-product-blocks,Medium,68.11414392059554,4,1,True,"Math, Simulation"
4195,Find Users with High Token Usage,find-users-with-high-token-usage,Easy,56.89331411852046,30,3,False,
4177,Reverse String Prefix,reverse-string-prefix,Easy,89.41503819448917,53,2,False,"Two Pointers, String"
4152,Minimum Subarray Length With Distinct Sum At Least K,minimum-subarray-length-with-distinct-sum-at-least-k,Medium,31.92037568050534,88,11,False,"Array, Hash Table, Sliding Window"
3807,Find Maximum Value in a Constrained Sequence,find-maximum-value-in-a-constrained-sequence,Medium,62.53301637612255,89,12,False,"Array, Greedy"
4153,Count Routes to Climb a Rectangular Grid,count-routes-to-climb-a-rectangular-grid,Hard,24.98094512195122,42,1,False,"Array, Dynamic Programming, Matrix, Prefix Sum"
4179,Largest Even Number,largest-even-number,Easy,69.28843270672355,71,1,False,String
4071,Word Squares II,word-squares-ii,Medium,55.1657405103536,57,27,False,"Array, String, Backtracking, Sorting, Enumeration"
4156,Minimum Cost to Make Two Binary Strings Equal,minimum-cost-to-make-two-binary-strings-equal,Medium,39.514176685404784,103,6,False,"String, Greedy"
4144,Minimum Cost to Merge Sorted Lists,minimum-cost-to-merge-sorted-lists,Hard,35.08118811881188,48,5,False,"Array, Two Pointers, Binary Search, Dynamic Programming, Bit Manipulation"
4132,Number of Ways to Paint Sheets,number-of-ways-to-paint-sheets,Hard,66.86746987951807,4,2,True,
4186,Count Residue Prefixes,count-residue-prefixes,Easy,65.75650542233505,65,1,False,"Hash Table, String"
4129,Number of Centered Subarrays,number-of-centered-subarrays,Medium,67.24782067247821,77,3,False,"Array, Hash Table, Enumeration"
4183,Count Caesar Cipher Pairs,count-caesar-cipher-pairs,Medium,51.35237661697204,111,2,False,"Array, Hash Table, Math, String, Counting"
4154,Maximum Bitwise AND After Increment Operations,maximum-bitwise-and-after-increment-operations,Hard,32.07814787701317,80,3,False,"Array, Greedy, Bit Manipulation, Sorting"
4197,Minimum Cost to Repair Edges to Traverse a Graph,minimum-cost-to-repair-edges-to-traverse-a-graph,Medium,54.6742209631728,6,1,True,"Binary Search, Breadth-First Search, Graph Theory"
4208,Find Emotionally Consistent Users,find-emotionally-consistent-users,Medium,51.37931034482759,35,1,False,
4187,Best Reachable Tower,best-reachable-tower,Medium,56.03639131036391,58,6,False,Array
4190,Minimum Operations to Reach Target Array,minimum-operations-to-reach-target-array,Medium,63.84545072753773,60,22,False,"Array, Hash Table, Greedy"
4143,Number of Alternating XOR Partitions,number-of-alternating-xor-partitions,Medium,27.26310697224406,94,9,False,"Array, Hash Table, Dynamic Programming, Bit Manipulation"
4181,Minimum Edge Toggles on a Tree,minimum-edge-toggles-on-a-tree,Hard,69.23820780058021,50,5,False,"Tree, Depth-First Search, Graph Theory, Topological Sort, Sorting"
4178,Vowel-Consonant Score,vowel-consonant-score,Easy,53.8389631123435,54,4,False,"String, Simulation"
4079,Maximum Capacity Within Budget,maximum-capacity-within-budget,Medium,20.495832442829666,195,17,False,"Array, Two Pointers, Binary Search, Sorting"
4067,Design Auction System,design-auction-system,Medium,42.2420324258801,88,7,False,"Hash Table, Design, Heap (Priority Queue), Ordered Set"
4086,Lexicographically Smallest String After Deleting Duplicate Characters,lexicographically-smallest-string-after-deleting-duplicate-characters,Hard,20.60046514905913,43,4,False,"Hash Table, String, Stack, Greedy, Monotonic Stack"
4207,Good Indices in a Digit String,good-indices-in-a-digit-string,Medium,85.29088913282108,3,1,True,"Math, String"
4199,Minimum Prefix Removal to Make Array Strictly Increasing,minimum-prefix-removal-to-make-array-strictly-increasing,Medium,73.9929812787495,56,7,False,Array
4171,Rotate Non Negative Elements,rotate-non-negative-elements,Medium,48.07825389676725,79,10,False,"Array, Simulation"
4180,Pythagorean Distance Nodes in a Tree,pythagorean-distance-nodes-in-a-tree,Medium,57.95886075949367,94,4,False,"Tree, Breadth-First Search"
4189,Find Nth Smallest Integer With K One Bits,find-nth-smallest-integer-with-k-one-bits,Hard,35.2107239358529,70,2,False,"Math, Bit Manipulation, Combinatorics"
4201,Design Order Management System,design-order-management-system,Medium,77.81512605042018,8,1,True,"Hash Table, Design"
4200,Reverse Letters Then Special Characters in a String,reverse-letters-then-special-characters-in-a-string,Easy,82.21669471065916,58,4,False,"Two Pointers, String, Simulation"
4176,Minimum K to Reduce Array Within Limit,minimum-k-to-reduce-array-within-limit,Medium,41.0458988488751,69,4,False,"Array, Binary Search"
4032,Longest Strictly Increasing Subsequence With Non-Zero Bitwise AND,longest-strictly-increasing-subsequence-with-non-zero-bitwise-and,Medium,50.589679512473154,110,2,False,"Array, Binary Search, Bit Manipulation, Enumeration"
4121,Minimum Partition Score,minimum-partition-score,Hard,33.881642048724345,54,4,False,"Array, Divide and Conquer, Dynamic Programming, Queue, Prefix Sum, Monotonic Queue"
4194,Count Monobit Integers,count-monobit-integers,Easy,66.54735272184936,54,1,False,"Bit Manipulation, Enumeration"
4122,Final Element After Subarray Deletions,final-element-after-subarray-deletions,Medium,40.85763036953083,118,23,False,"Array, Math, Brainteaser, Game Theory"
4118,Design Ride Sharing System,design-ride-sharing-system,Medium,63.33981868609513,56,6,False,"Hash Table, Design, Queue, Data Stream"
4198,Longest Alternating Subarray After Removing At Most One Element,longest-alternating-subarray-after-removing-at-most-one-element,Hard,31.310324107109327,76,1,False,"Array, Dynamic Programming, Enumeration"
4210,Median of a Binary Search Tree Level,median-of-a-binary-search-tree-level,Medium,87.22627737226277,5,1,True,"Tree, Depth-First Search, Breadth-First Search, Binary Search Tree, Binary Tree"
4227,Find Users with Persistent Behavior Patterns,find-users-with-persistent-behavior-patterns,Hard,63.559322033898304,26,3,False,
4214,Count Dominant Indices,count-dominant-indices,Easy,66.06733410520103,54,1,False,"Array, Enumeration"
4213,Merge Adjacent Equal Elements,merge-adjacent-equal-elements,Medium,42.48446287249859,96,2,False,"Array, Stack, Simulation"
4211,Count Subarrays With Cost Less Than or Equal to K,count-subarrays-with-cost-less-than-or-equal-to-k,Medium,46.1508309814989,164,5,False,"Array, Queue, Monotonic Queue"
4202,Maximum Score Using Exactly K Pairs,maximum-score-using-exactly-k-pairs,Hard,41.69726416917428,72,4,False,"Array, Dynamic Programming"
4228,Delayed Count of Equal Elements,delayed-count-of-equal-elements,Medium,78.57142857142857,5,2,True,"Array, Hash Table, Counting"
4216,Weighted Word Mapping,weighted-word-mapping,Easy,90.61171443046896,231,10,False,"Array, String, Simulation"
4137,Number of Prefix Connected Groups,number-of-prefix-connected-groups,Medium,60.734592809978,51,4,False,"Array, Hash Table, String, Counting"
4062,House Robber V,house-robber-v,Medium,53.926736283772584,88,2,False,"Array, Dynamic Programming"
4209,Palindromic Path Queries in a Tree,palindromic-path-queries-in-a-tree,Hard,36.63013698630137,61,3,False,"Array, String, Divide and Conquer, Bit Manipulation, Tree, Depth-First Search, Segment Tree"
4212,Toggle Light Bulbs,toggle-light-bulbs,Easy,72.02539256723942,61,2,False,"Array, Hash Table, Sorting, Simulation"
4217,First Element with Unique Frequency,first-element-with-unique-frequency,Medium,70.18389399705546,81,6,False,"Array, Hash Table, Counting"
4221,Longest Almost-Palindromic Substring,longest-almost-palindromic-substring,Medium,22.718319107025607,150,13,False,"Two Pointers, String, Dynamic Programming"
4204,Maximum Subarray XOR with Bounded Range,maximum-subarray-xor-with-bounded-range,Hard,32.95111647555824,69,3,False,"Array, Bit Manipulation, Trie, Queue, Sliding Window, Prefix Sum, Monotonic Queue"
4170,Total Distance to Type a String Using One Finger,total-distance-to-type-a-string-using-one-finger,Medium,89.4795127353267,4,2,True,"Hash Table, String"
4224,Find the Score Difference in a Game,find-the-score-difference-in-a-game,Medium,72.51692694113792,47,4,False,"Array, Simulation"
4226,Check Digitorial Permutation,check-digitorial-permutation,Medium,46.84957693853389,65,3,False,"Math, Counting"
4044,Maximum Bitwise XOR After Rearrangement,maximum-bitwise-xor-after-rearrangement,Medium,71.44101833946065,50,2,False,"String, Greedy, Bit Manipulation"
4065,Count Sequences to K,count-sequences-to-k,Hard,36.05832464057327,93,7,False,"Array, Math, Dynamic Programming, Memoization, Number Theory"
4250,Maximum Requests Without Violating the Limit,maximum-requests-without-violating-the-limit,Medium,64.33566433566433,5,2,True,"Array, Hash Table, Greedy, Sliding Window, Sorting"
4231,Smallest Pair With Different Frequencies,smallest-pair-with-different-frequencies,Easy,69.39952988104567,32,4,False,"Array, Hash Table, Counting"
4013,Merge Close Characters,merge-close-characters,Medium,54.79359477369577,80,13,False,"Hash Table, String"
4219,Minimum Operations to Make Array Parity Alternating,minimum-operations-to-make-array-parity-alternating,Medium,17.278635255889522,87,13,False,"Array, Greedy"
4239,Sum of K-Digit Numbers in a Range,sum-of-k-digit-numbers-in-a-range,Hard,50.74442588423269,49,3,False,"Math, Divide and Conquer, Combinatorics, Number Theory"
4229,Trim Trailing Vowels,trim-trailing-vowels,Easy,77.51732409381663,38,0,False,String
4024,Minimum Cost to Split into Ones,minimum-cost-to-split-into-ones,Medium,83.20790598637909,63,9,False,"Math, Dynamic Programming"
4161,Minimum Bitwise OR From Grid,minimum-bitwise-or-from-grid,Medium,27.27015612037107,139,3,False,"Array, Greedy, Bit Manipulation, Matrix"
4002,Count Subarrays With K Distinct Integers,count-subarrays-with-k-distinct-integers,Hard,20.376946189565693,87,2,False,"Array, Hash Table, Sliding Window, Counting"
4241,Unique Email Groups,unique-email-groups,Medium,85.69587628865979,6,2,True,"Array, Hash Table, String"
4247,Minimum Capacity Box,minimum-capacity-box,Easy,72.76802634846365,56,2,False,Array
4240,Find the Smallest Balanced Index,find-the-smallest-balanced-index,Medium,19.421271891665047,97,19,False,"Array, Prefix Sum"
4220,Minimum Operations to Sort a String,minimum-operations-to-sort-a-string,Medium,19.173980716848977,100,10,False,String
4192,Minimum Cost to Partition a Binary String,minimum-cost-to-partition-a-binary-string,Hard,52.590661933222485,55,11,False,"String, Divide and Conquer, Prefix Sum"
4261,Reverse K Subarrays,reverse-k-subarrays,Medium,89.24843423799582,4,2,True,"Array, Two Pointers"
4252,First Unique Even Element,first-unique-even-element,Easy,66.24543178806174,43,0,False,"Array, Hash Table, Counting"
4242,Sum of GCD of Formed Pairs,sum-of-gcd-of-formed-pairs,Medium,65.84695501229567,33,10,False,"Array, Math, Two Pointers, Sorting, Simulation, Number Theory"
4253,Minimum Cost to Equalize Arrays Using Swaps,minimum-cost-to-equalize-arrays-using-swaps,Medium,48.712981433174775,75,2,False,"Array, Hash Table, Greedy, Counting"
4159,Count Fancy Numbers in a Range,count-fancy-numbers-in-a-range,Hard,26.97960873615568,61,2,False,"Math, Dynamic Programming"
4245,Count Commas in Range,count-commas-in-range,Easy,69.14901047729919,44,5,False,Math
4248,Count Commas in Range II,count-commas-in-range-ii,Medium,41.004608562070665,61,6,False,Math
4230,Longest Arithmetic Sequence After Changing At Most One Element,longest-arithmetic-sequence-after-changing-at-most-one-element,Medium,21.465790666062528,114,11,False,"Array, Enumeration"
4249,Maximum Points Activated with One Addition,maximum-points-activated-with-one-addition,Hard,44.3881442737278,72,1,False,"Array, Hash Table, Union-Find"
4269,Valid Subarrays With Exactly One Peak,valid-subarrays-with-exactly-one-peak,Medium,67.59410801963993,2,1,True,"Array, Math"
4256,Construct Uniform Parity Array I,construct-uniform-parity-array-i,Easy,76.4963707426019,65,18,False,"Array, Math"
4258,Construct Uniform Parity Array II,construct-uniform-parity-array-ii,Medium,50.149783208513995,77,7,False,"Array, Math"
4097,Minimum Removals to Achieve Target XOR,minimum-removals-to-achieve-target-xor,Medium,41.80197686802818,97,4,False,"Array, Dynamic Programming, Bit Manipulation"
4222,Count Good Subarrays,count-good-subarrays,Hard,25.382767399333073,83,2,False,"Array, Stack, Bit Manipulation, Monotonic Stack"
4218,Maximum Distinct Path Sum in a Binary Tree,maximum-distinct-path-sum-in-a-binary-tree,Medium,51.821862348178136,3,3,True,"Hash Table, Tree, Depth-First Search, Binary Tree"
4255,Minimum Absolute Difference Between Two Values,minimum-absolute-difference-between-two-values,Easy,66.74575830462199,34,0,False,"Array, Enumeration"
4251,Direction Assignments with Exactly K Visible People,direction-assignments-with-exactly-k-visible-people,Medium,36.37436918375851,61,18,False,"Math, Combinatorics"
4205,Minimum XOR Path in a Grid,minimum-xor-path-in-a-grid,Medium,39.80683327296873,65,5,False,"Array, Dynamic Programming, Bit Manipulation, Matrix"
4259,Count Non Decreasing Arrays With Given Digit Sums,count-non-decreasing-arrays-with-given-digit-sums,Hard,41.888357256778306,50,2,False,"Array, Dynamic Programming, Prefix Sum"
4264,First Matching Character From Both Ends,first-matching-character-from-both-ends,Easy,82.08071825810971,35,0,False,"Two Pointers, String"
4267,Design Event Manager,design-event-manager,Medium,50.91833947835587,76,5,False,"Array, Hash Table, Design, Heap (Priority Queue), Ordered Set"
4257,Sum of Sortable Integers,sum-of-sortable-integers,Hard,31.5262017085299,87,4,False,"Array, Math, Sorting, Enumeration"
4114,Incremental Even-Weighted Cycle Queries,incremental-even-weighted-cycle-queries,Hard,51.800232288037165,78,4,False,"Union-Find, Graph Theory"
4276,Minimum Operations to Make All Grid Elements Equal,minimum-operations-to-make-all-grid-elements-equal,Hard,62.13592233009708,1,1,True,"Array, Math, Matrix, Prefix Sum"
4273,Mirror Frequency Distance,mirror-frequency-distance,Medium,60.852345860620375,48,8,False,"Hash Table, String, Counting"
4268,Integers With Multiple Sum of Two Cubes,integers-with-multiple-sum-of-two-cubes,Medium,55.52212782687476,50,3,False,"Hash Table, Sorting, Counting, Enumeration"
4149,Minimum Increase to Maximize Special Indices,minimum-increase-to-maximize-special-indices,Medium,19.73913867052727,105,11,False,"Array, Dynamic Programming, Greedy, Prefix Sum"
4263,Minimum Operations to Achieve At Least K Peaks,minimum-operations-to-achieve-at-least-k-peaks,Hard,30.646977850081342,45,6,False,"Array, Dynamic Programming"
4288,Maximum Team Size with Overlapping Intervals,maximum-team-size-with-overlapping-intervals,Medium,45.00891265597148,6,1,True,
4275,Traffic Signal Color,traffic-signal-color,Easy,83.6374906565058,31,8,False,"Math, String, Simulation"
4280,Count Digit Appearances,count-digit-appearances,Medium,86.76947144932394,43,4,False,"Array, Math"
4277,Minimum Operations to Transform Array into Alternating Prime,minimum-operations-to-transform-array-into-alternating-prime,Medium,53.1917209635032,67,5,False,"Array, Math, Two Pointers, Binary Search, Sorting, Number Theory"
4278,Maximum Value of Concatenated Binary Segments,maximum-value-of-concatenated-binary-segments,Hard,26.828485456369105,70,3,False,"Array, Greedy, Sorting"
4271,Find the Degree of Each Vertex,find-the-degree-of-each-vertex,Easy,92.59771149395732,49,0,False,"Array, Graph Theory, Matrix"
4266,Angles of a Triangle,angles-of-a-triangle,Medium,62.23098347017759,37,36,False,"Array, Math, Geometry"
4265,Longest Balanced Substring After One Swap,longest-balanced-substring-after-one-swap,Medium,13.764909061471206,127,9,False,"Hash Table, String, Prefix Sum"
4215,Good Subsequence Queries,good-subsequence-queries,Hard,20.036396724294814,43,1,False,"Array, Math, Segment Tree, Number Theory"
4296,Zigzag Level Sum of Binary Tree,zigzag-level-sum-of-binary-tree,Medium,69.5798319327731,5,2,True,"Tree, Breadth-First Search, Binary Tree"
4284,Smallest Stable Index I,smallest-stable-index-i,Easy,68.46701312159958,36,0,False,"Array, Prefix Sum"
4285,Smallest Stable Index II,smallest-stable-index-ii,Medium,73.56380563124432,35,1,False,"Array, Prefix Sum"
4283,Multi Source Flood Fill,multi-source-flood-fill,Medium,56.31474103585658,92,4,False,"Array, Breadth-First Search, Matrix"
4124,Count Good Integers on a Grid Path,count-good-integers-on-a-grid-path,Hard,49.07571870271693,59,3,False,Dynamic Programming
4298,Count Smaller Elements With Opposite Parity,count-smaller-elements-with-opposite-parity,Medium,73.58916478555305,1,1,True,
4286,Valid Digit Number,valid-digit-number,Easy,70.57869995136976,18,0,False,Math
4292,Compare Sums of Bitonic Parts,compare-sums-of-bitonic-parts,Medium,53.44856554794808,23,2,False,Array
4279,Count Connected Subgraphs with Even Node Sum,count-connected-subgraphs-with-even-node-sum,Hard,62.14669304691917,39,2,False,"Array, Bit Manipulation, Depth-First Search, Breadth-First Search, Union-Find, Graph Theory, Enumeration"
4287,K-th Smallest Remaining Even Integer in Subarray Queries,k-th-smallest-remaining-even-integer-in-subarray-queries,Hard,29.308445135783266,36,3,False,"Array, Binary Search"
4290,Valid Elements in an Array,valid-elements-in-an-array,Easy,57.228933499141355,30,1,False,Array
4282,Sort Vowels by Frequency,sort-vowels-by-frequency,Medium,62.86639638380167,51,4,False,"String, Sorting, Counting"
4270,Minimum Operations to Make Array Non Decreasing,minimum-operations-to-make-array-non-decreasing,Medium,55.483395513794854,57,3,False,"Array, Greedy"
4260,Maximum Sum of Alternating Subsequence With Distance at Least K,maximum-sum-of-alternating-subsequence-with-distance-at-least-k,Hard,32.13090909090909,25,4,False,"Array, Dynamic Programming, Segment Tree"
4046,Number of ZigZag Arrays III,number-of-zigzag-arrays-iii,Hard,66.57534246575342,2,2,True,"Math, Dynamic Programming, Prefix Sum"
4295,Count Indices With Opposite Parity,count-indices-with-opposite-parity,Easy,81.82975085005269,26,1,False,Array
4297,Sum of Primes Between Number and Its Reverse,sum-of-primes-between-number-and-its-reverse,Medium,76.2127193839659,29,3,False,"Math, Number Theory"
4291,Minimum Cost to Move Between Indices,minimum-cost-to-move-between-indices,Medium,50.518293667452454,84,5,False,"Array, Greedy, Prefix Sum"
4294,Maximize Fixed Points After Deletions,maximize-fixed-points-after-deletions,Hard,19.587522023007566,54,1,False,"Array, Binary Search, Sorting"
4281,Score Validator,score-validator,Easy,73.46727208641745,18,2,False,"Array, String, Simulation"
4131,Minimum Flips to Make Binary String Coherent,minimum-flips-to-make-binary-string-coherent,Medium,19.88374102140054,53,7,False,String
4133,Minimum Generations to Target Point,minimum-generations-to-target-point,Medium,44.03892022867527,26,10,False,"Array, Hash Table, Simulation"
4102,Minimum Threshold Path With Limited Heavy Edges,minimum-threshold-path-with-limited-heavy-edges,Hard,39.802437586003535,55,3,False,"Binary Search, Breadth-First Search, Graph Theory"
4299,Concatenate Array With Reverse,concatenate-array-with-reverse,Easy,91.77029389451464,29,2,False,"Array, Simulation"
4293,Count Valid Word Occurrences,count-valid-word-occurrences,Medium,48.15241017772664,43,48,False,"Array, Hash Table, String, Counting"
4301,Minimize Array Sum Using Divisible Replacements,minimize-array-sum-using-divisible-replacements,Medium,32.10737269955967,74,2,False,"Array, Hash Table, Math, Greedy, Number Theory"
3976,Minimum Cost to Buy Apples II,minimum-cost-to-buy-apples-ii,Hard,31.755105422310592,51,2,False,"Array, Graph Theory, Heap (Priority Queue), Shortest Path"
4191,Minimum Partition Score II,minimum-partition-score-ii,Hard,44.3609022556391,0,0,True,"Array, Binary Search, Dynamic Programming, Prefix Sum"
3978,Power Update After K-th Largest Insertion II,power-update-after-k-th-largest-insertion-ii,Hard,82.65107212475633,1,1,True,"Array, Hash Table, Math, Segment Tree, Sorting"
4305,Check Adjacent Digit Differences,check-adjacent-digit-differences,Easy,77.91405924071756,16,1,False,String
4303,Count K-th Roots in a Range,count-k-th-roots-in-a-range,Medium,24.471109752369305,48,7,False,"Math, Binary Search"
3802,Largest Local Values in a Matrix II,largest-local-values-in-a-matrix-ii,Medium,18.63361747910287,64,10,False,"Array, Matrix, Prefix Sum"
4105,Smallest Unique Subarray,smallest-unique-subarray,Hard,40.51311112255937,62,4,False,"Array, Hash Table, Binary Search, Rolling Hash, Suffix Array, Hash Function"
3970,Power Update After K-th Largest Insertion I,power-update-after-k-th-largest-insertion-i,Medium,68.03069053708441,4,1,True,"Array, Hash Table, Math, Segment Tree, Sorting, Heap (Priority Queue)"
4316,Minimum Swaps to Move Zeros to End,minimum-swaps-to-move-zeros-to-end,Easy,60.76334844691074,28,1,False,"Array, Two Pointers"
4300,Minimum Operations to Make Array Modulo Alternating I,minimum-operations-to-make-array-modulo-alternating-i,Medium,46.6592097153423,48,7,False,"Array, Enumeration"
3901,Maximum Path Intersection Sum in a Grid,maximum-path-intersection-sum-in-a-grid,Medium,25.59848209599935,72,3,False,"Array, Dynamic Programming, Matrix, Prefix Sum"
3977,Count Non Adjacent Subsets in a Rooted Tree,count-non-adjacent-subsets-in-a-rooted-tree,Hard,56.12802498048399,28,3,False,"Array, Dynamic Programming, Tree, Depth-First Search"
4312,Limit Occurrences in Sorted Array,limit-occurrences-in-sorted-array,Easy,73.45423143350604,31,0,False,"Array, Two Pointers"
4313,Password Strength,password-strength,Medium,75.01126295239526,27,4,False,"Hash Table, String"
4184,Minimum Operations to Sort a Permutation,minimum-operations-to-sort-a-permutation,Medium,27.46778690377515,86,7,False,Array
4076,Number of Pairs After Increment,number-of-pairs-after-increment,Hard,20.7569163817221,56,2,False,"Array, Hash Table, Divide and Conquer, Counting"
4302,Minimum Operations to Make Array Modulo Alternating II,minimum-operations-to-make-array-modulo-alternating-ii,Hard,64.46808510638297,5,1,True,"Array, Enumeration"
4321,Digit Frequency Score,digit-frequency-score,Easy,91.49521877716604,38,1,False,"Hash Table, Math"
3742,Maximum Number of Items From Sale I,maximum-number-of-items-from-sale-i,Medium,37.22490120010152,80,11,False,"Array, Dynamic Programming, Greedy"
3745,Maximum Number of Items From Sale II,maximum-number-of-items-from-sale-ii,Medium,29.897551825309026,44,9,False,"Array, Greedy, Sorting, Heap (Priority Queue)"
4174,Lexicographically Maximum MEX Array,lexicographically-maximum-mex-array,Hard,57.082643384013245,49,4,False,"Array, Hash Table, Greedy, Queue"
3874,Subtree Inversion Sum II,subtree-inversion-sum-ii,Hard,72.32142857142857,0,1,True,"Array, Dynamic Programming, Tree, Depth-First Search"
4307,Exactly One Consecutive Set Bits Pair,exactly-one-consecutive-set-bits-pair,Easy,50.866460045815934,29,9,False,Bit Manipulation
4306,Minimum Energy to Maintain Brightness,minimum-energy-to-maintain-brightness,Medium,54.08304498269896,46,28,False,"Array, Sorting"
4142,Maximum Total Value of Covered Indices,maximum-total-value-of-covered-indices,Medium,28.052188606895655,68,5,False,"Array, String, Dynamic Programming, Greedy"
4182,Maximum Score with Co-Prime Element,maximum-score-with-co-prime-element,Hard,27.358187369435967,25,5,False,"Array, Hash Table, Math, Combinatorics, Enumeration, Number Theory"
4319,Sum of Compatible Numbers in Range I,sum-of-compatible-numbers-in-range-i,Easy,58.76319214463358,36,2,False,"Dynamic Programming, Bit Manipulation, Enumeration"
4289,Valid Binary Strings With Cost Limit,valid-binary-strings-with-cost-limit,Medium,78.91717299482754,51,1,False,"String, Backtracking, Bit Manipulation, Enumeration"
4123,Maximum Sum of M Non-Overlapping Subarrays I,maximum-sum-of-m-non-overlapping-subarrays-i,Hard,25.984410697486897,77,6,False,"Array, Binary Search, Dynamic Programming, Queue, Sliding Window, Prefix Sum, Monotonic Queue"
4125,Maximum Sum of M Non-Overlapping Subarrays II,maximum-sum-of-m-non-overlapping-subarrays-ii,Hard,15.013707466537655,11,6,False,"Array, Binary Search, Dynamic Programming, Queue, Sliding Window, Prefix Sum, Monotonic Queue"
4026,Minimum Cost to Split into Ones II,minimum-cost-to-split-into-ones-ii,Medium,70.40498442367601,3,1,True,Math
4332,Check Good Integer,check-good-integer,Easy,83.08200189099534,28,1,False,
4322,Frequency Balance Subarray,frequency-balance-subarray,Medium,28.890991041121804,73,121,False,
4004,Maximize Sum of Device Ratings,maximize-sum-of-device-ratings,Medium,39.49165303632162,66,3,False,
4246,Maximum Subarray Sum After at Most K Swaps,maximum-subarray-sum-after-at-most-k-swaps,Hard,13.59062780480892,42,4,False,
4342,Create Grid With Exactly One Path,create-grid-with-exactly-one-path,Easy,75.93200301665274,24,4,False,
4330,Minimum Lights to Illuminate a Road,minimum-lights-to-illuminate-a-road,Medium,37.879297687507645,64,1,False,
4092,Finish Time of Tasks I,finish-time-of-tasks-i,Medium,61.81836274379726,37,3,False,
4310,Count Good Integers in a Range,count-good-integers-in-a-range,Hard,52.207776646096704,35,1,False,
4093,Finish Time of Tasks II,finish-time-of-tasks-ii,Hard,76.25570776255708,4,1,True,
4340,Maximum Manhattan Distance After All Moves,maximum-manhattan-distance-after-all-moves,Medium,63.34562442155984,41,3,False,
4318,Valid Subarrays With Matching Sum Digits I,valid-subarrays-with-matching-sum-digits-i,Medium,46.76500379842998,42,4,False,
4104,Shortest Path With At Most K Consecutive Identical Characters,shortest-path-with-at-most-k-consecutive-identical-characters,Medium,45.20439585275589,75,2,False,
4274,Maximum Total Value,maximum-total-value,Hard,30.161345026406316,45,1,False,
4320,Valid Subarrays With Matching Sum Digits II,valid-subarrays-with-matching-sum-digits-ii,Hard,73.9622641509434,1,1,True,
3984,Distinct Gate Paths to LCA,distinct-gate-paths-to-lca,Hard,77.24137931034483,3,1,True,
4348,Maximum Total Sum of K Selected Elements,maximum-total-sum-of-k-selected-elements,Medium,49.08495840720033,23,3,False,
3724,Filter Occupied Intervals,filter-occupied-intervals,Medium,47.301594121943886,45,7,False,
3730,Maximum Subarray Sum After Multiplier,maximum-subarray-sum-after-multiplier,Medium,24.166616793344904,54,5,False,
4206,Minimum Time to Reach Target With Limited Power,minimum-time-to-reach-target-with-limited-power,Hard,42.99129954426184,39,4,False,
